Au-01_0101,typoglyphs/01_glyphs/t01_l01g01.png,keywords/01_keywords/t01_l01g01.md,0,
Au-01_0102,typoglyphs/01_glyphs/t01_l01g02.png,keywords/01_keywords/t01_l01g02.md,0,
Au-01_0103,typoglyphs/01_glyphs/t01_l01g03.png,keywords/01_keywords/t01_l01g03.md,0,
Au-01_0104,typoglyphs/01_glyphs/t01_l01g04.png,keywords/01_keywords/t01_l01g04.md,0,
Au-01_0105,typoglyphs/01_glyphs/t01_l01g05.png,keywords/01_keywords/t01_l01g05.md,0,
Au-01_0106,typoglyphs/01_glyphs/t01_l01g06.png,keywords/01_keywords/t01_l01g06.md,0,
Au-01_0107,typoglyphs/01_glyphs/t01_l01g07.png,keywords/01_keywords/t01_l01g07.md,0,
Au-01_0108,typoglyphs/01_glyphs/t01_l01g08.png,keywords/01_keywords/t01_l01g08.md,0,
Au-01_0109,typoglyphs/01_glyphs/t01_l01g09.png,keywords/01_keywords/t01_l01g09.md,0,
Au-01_0110,typoglyphs/01_glyphs/t01_l01g10.png,keywords/01_keywords/t01_l01g10.md,0,
Au-01_0111,typoglyphs/01_glyphs/t01_l01g11.png,keywords/01_keywords/t01_l01g11.md,0,
Au-01_0112,typoglyphs/01_glyphs/t01_l01g12.png,keywords/01_keywords/t01_l01g12.md,0,
Au-01_0113,typoglyphs/01_glyphs/t01_l01g13.png,keywords/01_keywords/t01_l01g13.md,0,
Au-01_0114,typoglyphs/01_glyphs/t01_l01g14.png,keywords/01_keywords/t01_l01g14.md,0,
Au-01_0115,typoglyphs/01_glyphs/t01_l01g15.png,keywords/01_keywords/t01_l01g15.md,0,
Au-01_0116,typoglyphs/01_glyphs/t01_l01g16.png,keywords/01_keywords/t01_l01g16.md,0,
Au-01_0117,typoglyphs/01_glyphs/t01_l01g17.png,keywords/01_keywords/t01_l01g17.md,0,
Au-01_0118,typoglyphs/01_glyphs/t01_l01g18.png,keywords/01_keywords/t01_l01g18.md,0,
Au-01_0119,typoglyphs/01_glyphs/t01_l01g19.png,keywords/01_keywords/t01_l01g19.md,0,
Au-01_0120,typoglyphs/01_glyphs/t01_l01g20.png,keywords/01_keywords/t01_l01g20.md,0,
Au-01_0121,typoglyphs/01_glyphs/t01_l01g21.png,keywords/01_keywords/t01_l01g21.md,0,
Au-01_0122,typoglyphs/01_glyphs/t01_l01g22.png,keywords/01_keywords/t01_l01g22.md,0,
Au-01_0123,typoglyphs/01_glyphs/t01_l01g23.png,keywords/01_keywords/t01_l01g23.md,0,
Au-01_0124,typoglyphs/01_glyphs/t01_l01g24.png,keywords/01_keywords/t01_l01g24.md,0,
Au-01_0125,typoglyphs/01_glyphs/t01_l01g25.png,keywords/01_keywords/t01_l01g25.md,0,
Au-01_0126,typoglyphs/01_glyphs/t01_l01g26.png,keywords/01_keywords/t01_l01g26.md,0,
Au-01_0127,typoglyphs/01_glyphs/t01_l01g27.png,keywords/01_keywords/t01_l01g27.md,0,
Au-01_0128,typoglyphs/01_glyphs/t01_l01g28.png,keywords/01_keywords/t01_l01g28.md,0,
Au-01_0201,typoglyphs/01_glyphs/t01_l02g01.png,keywords/01_keywords/t01_l02g01.md,0,
Au-01_0202,typoglyphs/01_glyphs/t01_l02g02.png,keywords/01_keywords/t01_l02g02.md,0,
Au-01_0203,typoglyphs/01_glyphs/t01_l02g03.png,keywords/01_keywords/t01_l02g03.md,0,
Au-01_0204,typoglyphs/01_glyphs/t01_l02g04.png,keywords/01_keywords/t01_l02g04.md,0,
Au-01_0205,typoglyphs/01_glyphs/t01_l02g05.png,keywords/01_keywords/t01_l02g05.md,0,
Au-01_0206,typoglyphs/01_glyphs/t01_l02g06.png,keywords/01_keywords/t01_l02g06.md,0,
Au-01_0207,typoglyphs/01_glyphs/t01_l02g07.png,keywords/01_keywords/t01_l02g07.md,0,
Au-01_0208,typoglyphs/01_glyphs/t01_l02g08.png,keywords/01_keywords/t01_l02g08.md,0,
Au-01_0209,typoglyphs/01_glyphs/t01_l02g09.png,keywords/01_keywords/t01_l02g09.md,0,
Au-01_0210,typoglyphs/01_glyphs/t01_l02g10.png,keywords/01_keywords/t01_l02g10.md,0,
Au-01_0211,typoglyphs/01_glyphs/t01_l02g11.png,keywords/01_keywords/t01_l02g11.md,0,
Au-01_0212,typoglyphs/01_glyphs/t01_l02g12.png,keywords/01_keywords/t01_l02g12.md,0,
Au-01_0213,typoglyphs/01_glyphs/t01_l02g13.png,keywords/01_keywords/t01_l02g13.md,0,
Au-01_0214,typoglyphs/01_glyphs/t01_l02g14.png,keywords/01_keywords/t01_l02g14.md,0,
Au-01_0215,typoglyphs/01_glyphs/t01_l02g15.png,keywords/01_keywords/t01_l02g15.md,0,
Au-01_0216,typoglyphs/01_glyphs/t01_l02g16.png,keywords/01_keywords/t01_l02g16.md,0,
Au-01_0217,typoglyphs/01_glyphs/t01_l02g17.png,keywords/01_keywords/t01_l02g17.md,0,
Au-01_0218,typoglyphs/01_glyphs/t01_l02g18.png,keywords/01_keywords/t01_l02g18.md,0,
Au-01_0219,typoglyphs/01_glyphs/t01_l02g19.png,keywords/01_keywords/t01_l02g19.md,0,
Au-01_0220,typoglyphs/01_glyphs/t01_l02g20.png,keywords/01_keywords/t01_l02g20.md,0,
Au-01_0221,typoglyphs/01_glyphs/t01_l02g21.png,keywords/01_keywords/t01_l02g21.md,0,
Au-01_0222,typoglyphs/01_glyphs/t01_l02g22.png,keywords/01_keywords/t01_l02g22.md,0,
Au-01_0223,typoglyphs/01_glyphs/t01_l02g23.png,keywords/01_keywords/t01_l02g23.md,0,
Au-01_0224,typoglyphs/01_glyphs/t01_l02g24.png,keywords/01_keywords/t01_l02g24.md,0,
Au-01_0225,typoglyphs/01_glyphs/t01_l02g25.png,keywords/01_keywords/t01_l02g25.md,0,
Au-01_0226,typoglyphs/01_glyphs/t01_l02g26.png,keywords/01_keywords/t01_l02g26.md,0,
Au-01_0227,typoglyphs/01_glyphs/t01_l02g27.png,keywords/01_keywords/t01_l02g27.md,0,
Au-01_0228,typoglyphs/01_glyphs/t01_l02g28.png,keywords/01_keywords/t01_l02g28.md,0,
Au-01_0229,typoglyphs/01_glyphs/t01_l02g29.png,keywords/01_keywords/t01_l02g29.md,0,
Au-01_0230,typoglyphs/01_glyphs/t01_l02g30.png,keywords/01_keywords/t01_l02g30.md,0,
Au-01_0231,typoglyphs/01_glyphs/t01_l02g31.png,keywords/01_keywords/t01_l02g31.md,0,
Au-01_0232,typoglyphs/01_glyphs/t01_l02g32.png,keywords/01_keywords/t01_l02g32.md,0,
Au-01_0233,typoglyphs/01_glyphs/t01_l02g33.png,keywords/01_keywords/t01_l02g33.md,0,
Au-01_0234,typoglyphs/01_glyphs/t01_l02g34.png,keywords/01_keywords/t01_l02g34.md,0,
Au-01_0235,typoglyphs/01_glyphs/t01_l02g35.png,keywords/01_keywords/t01_l02g35.md,0,
Au-01_0236,typoglyphs/01_glyphs/t01_l02g36.png,keywords/01_keywords/t01_l02g36.md,0,
Au-01_0237,typoglyphs/01_glyphs/t01_l02g37.png,keywords/01_keywords/t01_l02g37.md,0,
Au-01_0238,typoglyphs/01_glyphs/t01_l02g38.png,keywords/01_keywords/t01_l02g38.md,0,
Au-01_0239,typoglyphs/01_glyphs/t01_l02g39.png,keywords/01_keywords/t01_l02g39.md,0,
Au-01_0240,typoglyphs/01_glyphs/t01_l02g40.png,keywords/01_keywords/t01_l02g40.md,0,
Au-01_0241,typoglyphs/01_glyphs/t01_l02g41.png,keywords/01_keywords/t01_l02g41.md,0,
Au-01_0301,typoglyphs/01_glyphs/t01_l03g01.png,keywords/01_keywords/t01_l03g01.md,0,
Au-01_0302,typoglyphs/01_glyphs/t01_l03g02.png,keywords/01_keywords/t01_l03g02.md,0,
Au-01_0303,typoglyphs/01_glyphs/t01_l03g03.png,keywords/01_keywords/t01_l03g03.md,0,
Au-01_0304,typoglyphs/01_glyphs/t01_l03g04.png,keywords/01_keywords/t01_l03g04.md,0,
Au-01_0305,typoglyphs/01_glyphs/t01_l03g05.png,keywords/01_keywords/t01_l03g05.md,0,
Au-01_0306,typoglyphs/01_glyphs/t01_l03g06.png,keywords/01_keywords/t01_l03g06.md,0,
Au-01_0307,typoglyphs/01_glyphs/t01_l03g07.png,keywords/01_keywords/t01_l03g07.md,0,
Au-01_0308,typoglyphs/01_glyphs/t01_l03g08.png,keywords/01_keywords/t01_l03g08.md,0,
Au-01_0309,typoglyphs/01_glyphs/t01_l03g09.png,keywords/01_keywords/t01_l03g09.md,0,
Au-01_0310,typoglyphs/01_glyphs/t01_l03g10.png,keywords/01_keywords/t01_l03g10.md,0,
Au-01_0311,typoglyphs/01_glyphs/t01_l03g11.png,keywords/01_keywords/t01_l03g11.md,0,
Au-01_0312,typoglyphs/01_glyphs/t01_l03g12.png,keywords/01_keywords/t01_l03g12.md,0,
Au-01_0313,typoglyphs/01_glyphs/t01_l03g13.png,keywords/01_keywords/t01_l03g13.md,0,
Au-01_0314,typoglyphs/01_glyphs/t01_l03g14.png,keywords/01_keywords/t01_l03g14.md,0,
Au-01_0315,typoglyphs/01_glyphs/t01_l03g15.png,keywords/01_keywords/t01_l03g15.md,0,
Au-01_0316,typoglyphs/01_glyphs/t01_l03g16.png,keywords/01_keywords/t01_l03g16.md,0,
Au-01_0317,typoglyphs/01_glyphs/t01_l03g17.png,keywords/01_keywords/t01_l03g17.md,0,
Au-01_0318,typoglyphs/01_glyphs/t01_l03g18.png,keywords/01_keywords/t01_l03g18.md,0,
Au-01_0319,typoglyphs/01_glyphs/t01_l03g19.png,keywords/01_keywords/t01_l03g19.md,0,
Au-01_0320,typoglyphs/01_glyphs/t01_l03g20.png,keywords/01_keywords/t01_l03g20.md,0,
Au-01_0321,typoglyphs/01_glyphs/t01_l03g21.png,keywords/01_keywords/t01_l03g21.md,0,
Au-01_0322,typoglyphs/01_glyphs/t01_l03g22.png,keywords/01_keywords/t01_l03g22.md,0,
Au-01_0323,typoglyphs/01_glyphs/t01_l03g23.png,keywords/01_keywords/t01_l03g23.md,0,
Au-01_0324,typoglyphs/01_glyphs/t01_l03g24.png,keywords/01_keywords/t01_l03g24.md,0,
Au-01_0325,typoglyphs/01_glyphs/t01_l03g25.png,keywords/01_keywords/t01_l03g25.md,0,
Au-01_0326,typoglyphs/01_glyphs/t01_l03g26.png,keywords/01_keywords/t01_l03g26.md,0,
Au-01_0327,typoglyphs/01_glyphs/t01_l03g27.png,keywords/01_keywords/t01_l03g27.md,0,
Au-01_0328,typoglyphs/01_glyphs/t01_l03g28.png,keywords/01_keywords/t01_l03g28.md,0,
Au-01_0329,typoglyphs/01_glyphs/t01_l03g29.png,keywords/01_keywords/t01_l03g29.md,0,
Au-01_0330,typoglyphs/01_glyphs/t01_l03g30.png,keywords/01_keywords/t01_l03g30.md,0,
Au-01_0331,typoglyphs/01_glyphs/t01_l03g31.png,keywords/01_keywords/t01_l03g31.md,0,
Au-01_0332,typoglyphs/01_glyphs/t01_l03g32.png,keywords/01_keywords/t01_l03g32.md,0,
Au-01_0333,typoglyphs/01_glyphs/t01_l03g33.png,keywords/01_keywords/t01_l03g33.md,0,
Au-01_0334,typoglyphs/01_glyphs/t01_l03g34.png,keywords/01_keywords/t01_l03g34.md,0,
Au-01_0335,typoglyphs/01_glyphs/t01_l03g35.png,keywords/01_keywords/t01_l03g35.md,0,
Au-01_0336,typoglyphs/01_glyphs/t01_l03g36.png,keywords/01_keywords/t01_l03g36.md,0,
Au-01_0337,typoglyphs/01_glyphs/t01_l03g37.png,keywords/01_keywords/t01_l03g37.md,0,
Au-01_0339,typoglyphs/01_glyphs/t01_l03g39.png,keywords/01_keywords/t01_l03g39.md,0,
Au-01_0340,typoglyphs/01_glyphs/t01_l03g40.png,keywords/01_keywords/t01_l03g40.md,0,
Au-01_0341,typoglyphs/01_glyphs/t01_l03g41.png,keywords/01_keywords/t01_l03g41.md,0,
Au-01_0342,typoglyphs/01_glyphs/t01_l03g42.png,keywords/01_keywords/t01_l03g42.md,0,
Au-01_0343,typoglyphs/01_glyphs/t01_l03g43.png,keywords/01_keywords/t01_l03g43.md,0,
Au-01_0344,typoglyphs/01_glyphs/t01_l03g44.png,keywords/01_keywords/t01_l03g44.md,0,
Au-01_0401,typoglyphs/01_glyphs/t01_l04g01.png,keywords/01_keywords/t01_l04g01.md,0,
Au-01_0402,typoglyphs/01_glyphs/t01_l04g02.png,keywords/01_keywords/t01_l04g02.md,0,
Au-01_0403,typoglyphs/01_glyphs/t01_l04g03.png,keywords/01_keywords/t01_l04g03.md,0,
Au-01_0404,typoglyphs/01_glyphs/t01_l04g04.png,keywords/01_keywords/t01_l04g04.md,0,
Au-01_0405,typoglyphs/01_glyphs/t01_l04g05.png,keywords/01_keywords/t01_l04g05.md,0,
Au-01_0406,typoglyphs/01_glyphs/t01_l04g06.png,keywords/01_keywords/t01_l04g06.md,0,
Au-01_0407,typoglyphs/01_glyphs/t01_l04g07.png,keywords/01_keywords/t01_l04g07.md,0,
Au-01_0408,typoglyphs/01_glyphs/t01_l04g08.png,keywords/01_keywords/t01_l04g08.md,0,
Au-01_0409,typoglyphs/01_glyphs/t01_l04g09.png,keywords/01_keywords/t01_l04g09.md,0,
Au-01_0410,typoglyphs/01_glyphs/t01_l04g10.png,keywords/01_keywords/t01_l04g10.md,0,
Au-01_0411,typoglyphs/01_glyphs/t01_l04g11.png,keywords/01_keywords/t01_l04g11.md,0,
Au-01_0412,typoglyphs/01_glyphs/t01_l04g12.png,keywords/01_keywords/t01_l04g12.md,0,
Au-01_0413,typoglyphs/01_glyphs/t01_l04g13.png,keywords/01_keywords/t01_l04g13.md,0,
Au-01_0414,typoglyphs/01_glyphs/t01_l04g14.png,keywords/01_keywords/t01_l04g14.md,0,
Au-01_0415,typoglyphs/01_glyphs/t01_l04g15.png,keywords/01_keywords/t01_l04g15.md,0,
Au-01_0416,typoglyphs/01_glyphs/t01_l04g16.png,keywords/01_keywords/t01_l04g16.md,0,
Au-01_0417,typoglyphs/01_glyphs/t01_l04g17.png,keywords/01_keywords/t01_l04g17.md,0,
Au-01_0418,typoglyphs/01_glyphs/t01_l04g18.png,keywords/01_keywords/t01_l04g18.md,0,
Au-01_0419,typoglyphs/01_glyphs/t01_l04g19.png,keywords/01_keywords/t01_l04g19.md,0,
Au-01_0420,typoglyphs/01_glyphs/t01_l04g20.png,keywords/01_keywords/t01_l04g20.md,0,
Au-01_0421,typoglyphs/01_glyphs/t01_l04g21.png,keywords/01_keywords/t01_l04g21.md,0,
Au-01_0422,typoglyphs/01_glyphs/t01_l04g22.png,keywords/01_keywords/t01_l04g22.md,0,
Au-01_0423,typoglyphs/01_glyphs/t01_l04g23.png,keywords/01_keywords/t01_l04g23.md,0,
Au-01_0424,typoglyphs/01_glyphs/t01_l04g24.png,keywords/01_keywords/t01_l04g24.md,0,
Au-01_0425,typoglyphs/01_glyphs/t01_l04g25.png,keywords/01_keywords/t01_l04g25.md,0,
Au-01_0501,typoglyphs/01_glyphs/t01_l05g01.png,keywords/01_keywords/t01_l05g01.md,0,
Au-01_0502,typoglyphs/01_glyphs/t01_l05g02.png,keywords/01_keywords/t01_l05g02.md,0,
Au-01_0503,typoglyphs/01_glyphs/t01_l05g03.png,keywords/01_keywords/t01_l05g03.md,0,
Au-01_0504,typoglyphs/01_glyphs/t01_l05g04.png,keywords/01_keywords/t01_l05g04.md,0,
Au-01_0505,typoglyphs/01_glyphs/t01_l05g05.png,keywords/01_keywords/t01_l05g05.md,0,
Au-01_0506,typoglyphs/01_glyphs/t01_l05g06.png,keywords/01_keywords/t01_l05g06.md,0,
Au-01_0507,typoglyphs/01_glyphs/t01_l05g07.png,keywords/01_keywords/t01_l05g07.md,0,
Au-01_0508,typoglyphs/01_glyphs/t01_l05g08.png,keywords/01_keywords/t01_l05g08.md,0,
Au-01_0509,typoglyphs/01_glyphs/t01_l05g09.png,keywords/01_keywords/t01_l05g09.md,0,
Au-01_0510,typoglyphs/01_glyphs/t01_l05g10.png,keywords/01_keywords/t01_l05g10.md,0,
Au-01_0511,typoglyphs/01_glyphs/t01_l05g11.png,keywords/01_keywords/t01_l05g11.md,0,
Au-01_0512,typoglyphs/01_glyphs/t01_l05g12.png,keywords/01_keywords/t01_l05g12.md,0,
Au-01_0513,typoglyphs/01_glyphs/t01_l05g13.png,keywords/01_keywords/t01_l05g13.md,0,
Au-01_0514,typoglyphs/01_glyphs/t01_l05g14.png,keywords/01_keywords/t01_l05g14.md,0,
Au-01_0515,typoglyphs/01_glyphs/t01_l05g15.png,keywords/01_keywords/t01_l05g15.md,0,
Au-01_0516,typoglyphs/01_glyphs/t01_l05g16.png,keywords/01_keywords/t01_l05g16.md,0,
Au-01_0517,typoglyphs/01_glyphs/t01_l05g17.png,keywords/01_keywords/t01_l05g17.md,0,
Au-01_0518,typoglyphs/01_glyphs/t01_l05g18.png,keywords/01_keywords/t01_l05g18.md,0,
Au-01_0519,typoglyphs/01_glyphs/t01_l05g19.png,keywords/01_keywords/t01_l05g19.md,0,
Au-01_0520,typoglyphs/01_glyphs/t01_l05g20.png,keywords/01_keywords/t01_l05g20.md,0,
Au-01_0522,typoglyphs/01_glyphs/t01_l05g22.png,keywords/01_keywords/t01_l05g22.md,0,
Au-01_0523,typoglyphs/01_glyphs/t01_l05g23.png,keywords/01_keywords/t01_l05g23.md,0,
Au-01_0524,typoglyphs/01_glyphs/t01_l05g24.png,keywords/01_keywords/t01_l05g24.md,0,
Au-01_0525,typoglyphs/01_glyphs/t01_l05g25.png,keywords/01_keywords/t01_l05g25.md,0,
Au-01_0526,typoglyphs/01_glyphs/t01_l05g26.png,keywords/01_keywords/t01_l05g26.md,0,
Au-01_0527,typoglyphs/01_glyphs/t01_l05g27.png,keywords/01_keywords/t01_l05g27.md,0,
Au-01_0528,typoglyphs/01_glyphs/t01_l05g28.png,keywords/01_keywords/t01_l05g28.md,0,
Au-01_0529,typoglyphs/01_glyphs/t01_l05g29.png,keywords/01_keywords/t01_l05g29.md,0,
Au-01_0530,typoglyphs/01_glyphs/t01_l05g30.png,keywords/01_keywords/t01_l05g30.md,0,
Au-01_0531,typoglyphs/01_glyphs/t01_l05g31.png,keywords/01_keywords/t01_l05g31.md,0,
Au-01_0532,typoglyphs/01_glyphs/t01_l05g32.png,keywords/01_keywords/t01_l05g32.md,0,
Au-01_0533,typoglyphs/01_glyphs/t01_l05g33.png,keywords/01_keywords/t01_l05g33.md,0,
Au-01_0534,typoglyphs/01_glyphs/t01_l05g34.png,keywords/01_keywords/t01_l05g34.md,0,
Au-01_0535,typoglyphs/01_glyphs/t01_l05g35.png,keywords/01_keywords/t01_l05g35.md,0,
Au-01_0536,typoglyphs/01_glyphs/t01_l05g36.png,keywords/01_keywords/t01_l05g36.md,0,
Au-01_0537,typoglyphs/01_glyphs/t01_l05g37.png,keywords/01_keywords/t01_l05g37.md,0,
Au-01_0538,typoglyphs/01_glyphs/t01_l05g38.png,keywords/01_keywords/t01_l05g38.md,0,
Au-01_0539,typoglyphs/01_glyphs/t01_l05g39.png,keywords/01_keywords/t01_l05g39.md,0,
Au-01_0540,typoglyphs/01_glyphs/t01_l05g40.png,keywords/01_keywords/t01_l05g40.md,0,
Au-01_0541,typoglyphs/01_glyphs/t01_l05g41.png,keywords/01_keywords/t01_l05g41.md,0,
Au-01_0542,typoglyphs/01_glyphs/t01_l05g42.png,keywords/01_keywords/t01_l05g42.md,0,
Au-01_0601,typoglyphs/01_glyphs/t01_l06g01.png,keywords/01_keywords/t01_l06g01.md,0,
Au-01_0602,typoglyphs/01_glyphs/t01_l06g02.png,keywords/01_keywords/t01_l06g02.md,0,
Au-01_0603,typoglyphs/01_glyphs/t01_l06g03.png,keywords/01_keywords/t01_l06g03.md,0,
Au-01_0604,typoglyphs/01_glyphs/t01_l06g04.png,keywords/01_keywords/t01_l06g04.md,1,descriptions/01_descriptions/t01_l06g04.md
Au-01_0605,typoglyphs/01_glyphs/t01_l06g05.png,keywords/01_keywords/t01_l06g05.md,0,
Au-01_0606,typoglyphs/01_glyphs/t01_l06g06.png,keywords/01_keywords/t01_l06g06.md,0,
Au-01_0607,typoglyphs/01_glyphs/t01_l06g07.png,keywords/01_keywords/t01_l06g07.md,0,
Au-01_0608,typoglyphs/01_glyphs/t01_l06g08.png,keywords/01_keywords/t01_l06g08.md,0,
Au-01_0609,typoglyphs/01_glyphs/t01_l06g09.png,keywords/01_keywords/t01_l06g09.md,0,
Au-01_0610,typoglyphs/01_glyphs/t01_l06g10.png,keywords/01_keywords/t01_l06g10.md,0,
Au-01a0101,typoglyphs/02_glyphs/t02_l01g01.png,keywords/02_keywords/t02_l01g01.md,0,
Au-01a0102,typoglyphs/02_glyphs/t02_l01g02.png,keywords/02_keywords/t02_l01g02.md,0,
Au-01a0103,typoglyphs/02_glyphs/t02_l01g03.png,keywords/02_keywords/t02_l01g03.md,0,
Au-01a0104,typoglyphs/02_glyphs/t02_l01g04.png,keywords/02_keywords/t02_l01g04.md,0,
Au-01a0105,typoglyphs/02_glyphs/t02_l01g05.png,keywords/02_keywords/t02_l01g05.md,0,
Au-01a0106,typoglyphs/02_glyphs/t02_l01g06.png,keywords/02_keywords/t02_l01g06.md,0,
Au-01a0107,typoglyphs/02_glyphs/t02_l01g07.png,keywords/02_keywords/t02_l01g07.md,0,
Au-01a0108,typoglyphs/02_glyphs/t02_l01g08.png,keywords/02_keywords/t02_l01g08.md,0,
Au-01a0109,typoglyphs/02_glyphs/t02_l01g09.png,keywords/02_keywords/t02_l01g09.md,0,
Au-01a0110,typoglyphs/02_glyphs/t02_l01g10.png,keywords/02_keywords/t02_l01g10.md,0,
Au-01a0201,typoglyphs/02_glyphs/t02_l02g01.png,keywords/02_keywords/t02_l02g01.md,0,
Au-01a0202,typoglyphs/02_glyphs/t02_l02g02.png,keywords/02_keywords/t02_l02g02.md,0,
Au-01a0203,typoglyphs/02_glyphs/t02_l02g03.png,keywords/02_keywords/t02_l02g03.md,0,
Au-01a0204,typoglyphs/02_glyphs/t02_l02g04.png,keywords/02_keywords/t02_l02g04.md,0,
Au-01a0205,typoglyphs/02_glyphs/t02_l02g05.png,keywords/02_keywords/t02_l02g05.md,0,
Au-01a0206,typoglyphs/02_glyphs/t02_l02g06.png,keywords/02_keywords/t02_l02g06.md,0,
Au-01a0207,typoglyphs/02_glyphs/t02_l02g07.png,keywords/02_keywords/t02_l02g07.md,0,
Au-01a0208,typoglyphs/02_glyphs/t02_l02g08.png,keywords/02_keywords/t02_l02g08.md,0,
Au-01a0210,typoglyphs/02_glyphs/t02_l02g10.png,keywords/02_keywords/t02_l02g10.md,0,
Au-01a0211,typoglyphs/02_glyphs/t02_l02g11.png,keywords/02_keywords/t02_l02g11.md,0,
Au-01a0212,typoglyphs/02_glyphs/t02_l02g12.png,keywords/02_keywords/t02_l02g12.md,0,
Au-01a0213,typoglyphs/02_glyphs/t02_l02g13.png,keywords/02_keywords/t02_l02g13.md,0,
Au-01a0214,typoglyphs/02_glyphs/t02_l02g14.png,keywords/02_keywords/t02_l02g14.md,0,
Au-01a0215,typoglyphs/02_glyphs/t02_l02g15.png,keywords/02_keywords/t02_l02g15.md,0,
Au-01a0216,typoglyphs/02_glyphs/t02_l02g16.png,keywords/02_keywords/t02_l02g16.md,0,
Au-01a0217,typoglyphs/02_glyphs/t02_l02g17.png,keywords/02_keywords/t02_l02g17.md,0,
Au-01a0219,typoglyphs/02_glyphs/t02_l02g19.png,keywords/02_keywords/t02_l02g19.md,0,
Au-01a0220,typoglyphs/02_glyphs/t02_l02g20.png,keywords/02_keywords/t02_l02g20.md,0,
Au-01a0221,typoglyphs/02_glyphs/t02_l02g21.png,keywords/02_keywords/t02_l02g21.md,0,
Au-01a0222,typoglyphs/02_glyphs/t02_l02g22.png,keywords/02_keywords/t02_l02g22.md,0,
Au-01a0223,typoglyphs/02_glyphs/t02_l02g23.png,keywords/02_keywords/t02_l02g23.md,0,
Au-01a0224,typoglyphs/02_glyphs/t02_l02g24.png,keywords/02_keywords/t02_l02g24.md,0,
Au-01a0225,typoglyphs/02_glyphs/t02_l02g25.png,keywords/02_keywords/t02_l02g25.md,0,
Au-01a0226,typoglyphs/02_glyphs/t02_l02g26.png,keywords/02_keywords/t02_l02g26.md,0,
Au-01a0227,typoglyphs/02_glyphs/t02_l02g27.png,keywords/02_keywords/t02_l02g27.md,0,
Au-01a0228,typoglyphs/02_glyphs/t02_l02g28.png,keywords/02_keywords/t02_l02g28.md,0,
Au-01a0229,typoglyphs/02_glyphs/t02_l02g29.png,keywords/02_keywords/t02_l02g29.md,0,
Au-01a0230,typoglyphs/02_glyphs/t02_l02g30.png,keywords/02_keywords/t02_l02g30.md,0,
Au-01a0231,typoglyphs/02_glyphs/t02_l02g31.png,keywords/02_keywords/t02_l02g31.md,0,
Au-01a0232,typoglyphs/02_glyphs/t02_l02g32.png,keywords/02_keywords/t02_l02g32.md,0,
Au-01a0233,typoglyphs/02_glyphs/t02_l02g33.png,keywords/02_keywords/t02_l02g33.md,0,
Au-01a0234,typoglyphs/02_glyphs/t02_l02g34.png,keywords/02_keywords/t02_l02g34.md,0,
Au-01a0235,typoglyphs/02_glyphs/t02_l02g35.png,keywords/02_keywords/t02_l02g35.md,0,
Au-01b0101,typoglyphs/03_glyphs/t03_l01g01.png,keywords/03_keywords/t03_l01g01.md,0,
Au-01b0102,typoglyphs/03_glyphs/t03_l01g02.png,keywords/03_keywords/t03_l01g02.md,0,
Au-01b0103,typoglyphs/03_glyphs/t03_l01g03.png,keywords/03_keywords/t03_l01g03.md,0,
Au-01b0104,typoglyphs/03_glyphs/t03_l01g04.png,keywords/03_keywords/t03_l01g04.md,0,
Au-01b0105,typoglyphs/03_glyphs/t03_l01g05.png,keywords/03_keywords/t03_l01g05.md,0,
Au-01b0106,typoglyphs/03_glyphs/t03_l01g06.png,keywords/03_keywords/t03_l01g06.md,0,
Au-01b0107,typoglyphs/03_glyphs/t03_l01g07.png,keywords/03_keywords/t03_l01g07.md,0,
Au-01b0108,typoglyphs/03_glyphs/t03_l01g08.png,keywords/03_keywords/t03_l01g08.md,0,
Au-01b0109,typoglyphs/03_glyphs/t03_l01g09.png,keywords/03_keywords/t03_l01g09.md,0,
Au-01b0110,typoglyphs/03_glyphs/t03_l01g10.png,keywords/03_keywords/t03_l01g10.md,0,
Au-01b0111,typoglyphs/03_glyphs/t03_l01g11.png,keywords/03_keywords/t03_l01g11.md,0,
Au-01b0112,typoglyphs/03_glyphs/t03_l01g12.png,keywords/03_keywords/t03_l01g12.md,0,
Au-01b0113,typoglyphs/03_glyphs/t03_l01g13.png,keywords/03_keywords/t03_l01g13.md,0,
Au-01b0114,typoglyphs/03_glyphs/t03_l01g14.png,keywords/03_keywords/t03_l01g14.md,0,
Au-01b0115,typoglyphs/03_glyphs/t03_l01g15.png,keywords/03_keywords/t03_l01g15.md,0,
Au-01b0116,typoglyphs/03_glyphs/t03_l01g16.png,keywords/03_keywords/t03_l01g16.md,0,
Au-01b0117,typoglyphs/03_glyphs/t03_l01g17.png,keywords/03_keywords/t03_l01g17.md,0,
Au-01b0118,typoglyphs/03_glyphs/t03_l01g18.png,keywords/03_keywords/t03_l01g18.md,0,
Au-01b0119,typoglyphs/03_glyphs/t03_l01g19.png,keywords/03_keywords/t03_l01g19.md,0,
Au-01b0120,typoglyphs/03_glyphs/t03_l01g20.png,keywords/03_keywords/t03_l01g20.md,0,
Au-01b0121,typoglyphs/03_glyphs/t03_l01g21.png,keywords/03_keywords/t03_l01g21.md,0,
Au-01b0122,typoglyphs/03_glyphs/t03_l01g22.png,keywords/03_keywords/t03_l01g22.md,0,
Au-01b0123,typoglyphs/03_glyphs/t03_l01g23.png,keywords/03_keywords/t03_l01g23.md,0,
Au-02_0101,typoglyphs/04_glyphs/t04_l01g01.png,keywords/04_keywords/t04_l01g01.md,0,
Au-02_0102,typoglyphs/04_glyphs/t04_l01g02.png,keywords/04_keywords/t04_l01g02.md,0,
Au-02_0103,typoglyphs/04_glyphs/t04_l01g03.png,keywords/04_keywords/t04_l01g03.md,0,
Au-02_0104,typoglyphs/04_glyphs/t04_l01g04.png,keywords/04_keywords/t04_l01g04.md,0,
Au-02_0105,typoglyphs/04_glyphs/t04_l01g05.png,keywords/04_keywords/t04_l01g05.md,0,
Au-02_0106,typoglyphs/04_glyphs/t04_l01g06.png,keywords/04_keywords/t04_l01g06.md,0,
Au-02_0107,typoglyphs/04_glyphs/t04_l01g07.png,keywords/04_keywords/t04_l01g07.md,0,
Au-02_0108,typoglyphs/04_glyphs/t04_l01g08.png,keywords/04_keywords/t04_l01g08.md,0,
Au-02_0109,typoglyphs/04_glyphs/t04_l01g09.png,keywords/04_keywords/t04_l01g09.md,0,
Au-02_0110,typoglyphs/04_glyphs/t04_l01g10.png,keywords/04_keywords/t04_l01g10.md,0,
Au-02_0111,typoglyphs/04_glyphs/t04_l01g11.png,keywords/04_keywords/t04_l01g11.md,0,
Au-02_0112,typoglyphs/04_glyphs/t04_l01g12.png,keywords/04_keywords/t04_l01g12.md,0,
Au-02_0113,typoglyphs/04_glyphs/t04_l01g13.png,keywords/04_keywords/t04_l01g13.md,0,
Au-02_0114,typoglyphs/04_glyphs/t04_l01g14.png,keywords/04_keywords/t04_l01g14.md,0,
Au-02_0115,typoglyphs/04_glyphs/t04_l01g15.png,keywords/04_keywords/t04_l01g15.md,0,
Au-02_0116,typoglyphs/04_glyphs/t04_l01g16.png,keywords/04_keywords/t04_l01g16.md,0,
Au-02_0117,typoglyphs/04_glyphs/t04_l01g17.png,keywords/04_keywords/t04_l01g17.md,0,
Au-02_0118,typoglyphs/04_glyphs/t04_l01g18.png,keywords/04_keywords/t04_l01g18.md,0,
Au-02_0119,typoglyphs/04_glyphs/t04_l01g19.png,keywords/04_keywords/t04_l01g19.md,0,
Au-02_0120,typoglyphs/04_glyphs/t04_l01g20.png,keywords/04_keywords/t04_l01g20.md,0,
Au-02_0121,typoglyphs/04_glyphs/t04_l01g21.png,keywords/04_keywords/t04_l01g21.md,0,
Au-02_0122,typoglyphs/04_glyphs/t04_l01g22.png,keywords/04_keywords/t04_l01g22.md,0,
Au-02_0123,typoglyphs/04_glyphs/t04_l01g23.png,keywords/04_keywords/t04_l01g23.md,0,
Au-02_0124,typoglyphs/04_glyphs/t04_l01g24.png,keywords/04_keywords/t04_l01g24.md,0,
Au-02_0125,typoglyphs/04_glyphs/t04_l01g25.png,keywords/04_keywords/t04_l01g25.md,0,
Au-02_0126,typoglyphs/04_glyphs/t04_l01g26.png,keywords/04_keywords/t04_l01g26.md,0,
Au-02_0127,typoglyphs/04_glyphs/t04_l01g27.png,keywords/04_keywords/t04_l01g27.md,0,
Au-02_0128,typoglyphs/04_glyphs/t04_l01g28.png,keywords/04_keywords/t04_l01g28.md,0,
Au-02_0201,typoglyphs/04_glyphs/t04_l02g01.png,keywords/04_keywords/t04_l02g01.md,0,
Au-02_0202,typoglyphs/04_glyphs/t04_l02g02.png,keywords/04_keywords/t04_l02g02.md,0,
Au-02_0203,typoglyphs/04_glyphs/t04_l02g03.png,keywords/04_keywords/t04_l02g03.md,0,
Au-02_0204,typoglyphs/04_glyphs/t04_l02g04.png,keywords/04_keywords/t04_l02g04.md,0,
Au-02_0205,typoglyphs/04_glyphs/t04_l02g05.png,keywords/04_keywords/t04_l02g05.md,0,
Au-02_0206,typoglyphs/04_glyphs/t04_l02g06.png,keywords/04_keywords/t04_l02g06.md,0,
Au-02_0207,typoglyphs/04_glyphs/t04_l02g07.png,keywords/04_keywords/t04_l02g07.md,0,
Au-02_0208,typoglyphs/04_glyphs/t04_l02g08.png,keywords/04_keywords/t04_l02g08.md,0,
Au-02_0209,typoglyphs/04_glyphs/t04_l02g09.png,keywords/04_keywords/t04_l02g09.md,0,
Au-02_0210,typoglyphs/04_glyphs/t04_l02g10.png,keywords/04_keywords/t04_l02g10.md,0,
Au-02_0211,typoglyphs/04_glyphs/t04_l02g11.png,keywords/04_keywords/t04_l02g11.md,0,
Au-02_0212,typoglyphs/04_glyphs/t04_l02g12.png,keywords/04_keywords/t04_l02g12.md,0,
Au-02_0213,typoglyphs/04_glyphs/t04_l02g13.png,keywords/04_keywords/t04_l02g13.md,0,
Au-02_0214,typoglyphs/04_glyphs/t04_l02g14.png,keywords/04_keywords/t04_l02g14.md,0,
Au-02_0215,typoglyphs/04_glyphs/t04_l02g15.png,keywords/04_keywords/t04_l02g15.md,0,
Au-02_0216,typoglyphs/04_glyphs/t04_l02g16.png,keywords/04_keywords/t04_l02g16.md,0,
Au-02_0217,typoglyphs/04_glyphs/t04_l02g17.png,keywords/04_keywords/t04_l02g17.md,0,
Au-02_0218,typoglyphs/04_glyphs/t04_l02g18.png,keywords/04_keywords/t04_l02g18.md,0,
Au-02_0219,typoglyphs/04_glyphs/t04_l02g19.png,keywords/04_keywords/t04_l02g19.md,0,
Au-02_0220,typoglyphs/04_glyphs/t04_l02g20.png,keywords/04_keywords/t04_l02g20.md,0,
Au-02_0221,typoglyphs/04_glyphs/t04_l02g21.png,keywords/04_keywords/t04_l02g21.md,0,
Au-02_0222,typoglyphs/04_glyphs/t04_l02g22.png,keywords/04_keywords/t04_l02g22.md,0,
Au-02_0223,typoglyphs/04_glyphs/t04_l02g23.png,keywords/04_keywords/t04_l02g23.md,0,
Au-02_0224,typoglyphs/04_glyphs/t04_l02g24.png,keywords/04_keywords/t04_l02g24.md,0,
Au-02_0225,typoglyphs/04_glyphs/t04_l02g25.png,keywords/04_keywords/t04_l02g25.md,0,
Au-02_0226,typoglyphs/04_glyphs/t04_l02g26.png,keywords/04_keywords/t04_l02g26.md,0,
Au-02_0227,typoglyphs/04_glyphs/t04_l02g27.png,keywords/04_keywords/t04_l02g27.md,0,
Au-02_0228,typoglyphs/04_glyphs/t04_l02g28.png,keywords/04_keywords/t04_l02g28.md,0,
Au-02_0229,typoglyphs/04_glyphs/t04_l02g29.png,keywords/04_keywords/t04_l02g29.md,0,
Au-02_0230,typoglyphs/04_glyphs/t04_l02g30.png,keywords/04_keywords/t04_l02g30.md,0,
Au-02_0231,typoglyphs/04_glyphs/t04_l02g31.png,keywords/04_keywords/t04_l02g31.md,0,
Au-02_0232,typoglyphs/04_glyphs/t04_l02g32.png,keywords/04_keywords/t04_l02g32.md,0,
Au-02_0233,typoglyphs/04_glyphs/t04_l02g33.png,keywords/04_keywords/t04_l02g33.md,0,
Au-02_0234,typoglyphs/04_glyphs/t04_l02g34.png,keywords/04_keywords/t04_l02g34.md,0,
Au-02_0235,typoglyphs/04_glyphs/t04_l02g35.png,keywords/04_keywords/t04_l02g35.md,0,
Au-02_0236,typoglyphs/04_glyphs/t04_l02g36.png,keywords/04_keywords/t04_l02g36.md,0,
Au-02_0237,typoglyphs/04_glyphs/t04_l02g37.png,keywords/04_keywords/t04_l02g37.md,0,
Au-02_0238,typoglyphs/04_glyphs/t04_l02g38.png,keywords/04_keywords/t04_l02g38.md,0,
Au-02_0239,typoglyphs/04_glyphs/t04_l02g39.png,keywords/04_keywords/t04_l02g39.md,0,
Au-02_0240,typoglyphs/04_glyphs/t04_l02g40.png,keywords/04_keywords/t04_l02g40.md,0,
Au-02_0241,typoglyphs/04_glyphs/t04_l02g41.png,keywords/04_keywords/t04_l02g41.md,0,
Au-02_0242,typoglyphs/04_glyphs/t04_l02g42.png,keywords/04_keywords/t04_l02g42.md,0,
Au-02_0301,typoglyphs/04_glyphs/t04_l03g01.png,keywords/04_keywords/t04_l03g01.md,0,
Au-02_0302,typoglyphs/04_glyphs/t04_l03g02.png,keywords/04_keywords/t04_l03g02.md,0,
Au-02_0303,typoglyphs/04_glyphs/t04_l03g03.png,keywords/04_keywords/t04_l03g03.md,0,
Au-02_0304,typoglyphs/04_glyphs/t04_l03g04.png,keywords/04_keywords/t04_l03g04.md,0,
Au-02_0305,typoglyphs/04_glyphs/t04_l03g05.png,keywords/04_keywords/t04_l03g05.md,0,
Au-02_0306,typoglyphs/04_glyphs/t04_l03g06.png,keywords/04_keywords/t04_l03g06.md,0,
Au-02_0307,typoglyphs/04_glyphs/t04_l03g07.png,keywords/04_keywords/t04_l03g07.md,0,
Au-02_0308,typoglyphs/04_glyphs/t04_l03g08.png,keywords/04_keywords/t04_l03g08.md,0,
Au-02_0309,typoglyphs/04_glyphs/t04_l03g09.png,keywords/04_keywords/t04_l03g09.md,0,
Au-02_0310,typoglyphs/04_glyphs/t04_l03g10.png,keywords/04_keywords/t04_l03g10.md,0,
Au-02_0311,typoglyphs/04_glyphs/t04_l03g11.png,keywords/04_keywords/t04_l03g11.md,0,
Au-02_0312,typoglyphs/04_glyphs/t04_l03g12.png,keywords/04_keywords/t04_l03g12.md,0,
Au-02_0313,typoglyphs/04_glyphs/t04_l03g13.png,keywords/04_keywords/t04_l03g13.md,0,
Au-02_0314,typoglyphs/04_glyphs/t04_l03g14.png,keywords/04_keywords/t04_l03g14.md,0,
Au-02_0315,typoglyphs/04_glyphs/t04_l03g15.png,keywords/04_keywords/t04_l03g15.md,0,
Au-02_0316,typoglyphs/04_glyphs/t04_l03g16.png,keywords/04_keywords/t04_l03g16.md,0,
Au-02_0317,typoglyphs/04_glyphs/t04_l03g17.png,keywords/04_keywords/t04_l03g17.md,0,
Au-02_0318,typoglyphs/04_glyphs/t04_l03g18.png,keywords/04_keywords/t04_l03g18.md,0,
Au-02_0319,typoglyphs/04_glyphs/t04_l03g19.png,keywords/04_keywords/t04_l03g19.md,0,
Au-02_0320,typoglyphs/04_glyphs/t04_l03g20.png,keywords/04_keywords/t04_l03g20.md,0,
Au-02_0321,typoglyphs/04_glyphs/t04_l03g21.png,keywords/04_keywords/t04_l03g21.md,0,
Au-02_0322,typoglyphs/04_glyphs/t04_l03g22.png,keywords/04_keywords/t04_l03g22.md,0,
Au-02_0323,typoglyphs/04_glyphs/t04_l03g23.png,keywords/04_keywords/t04_l03g23.md,0,
Au-02_0401,typoglyphs/04_glyphs/t04_l04g01.png,keywords/04_keywords/t04_l04g01.md,0,
Au-02_0402,typoglyphs/04_glyphs/t04_l04g02.png,keywords/04_keywords/t04_l04g02.md,0,
Au-02_0403,typoglyphs/04_glyphs/t04_l04g03.png,keywords/04_keywords/t04_l04g03.md,0,
Au-02_0404,typoglyphs/04_glyphs/t04_l04g04.png,keywords/04_keywords/t04_l04g04.md,0,
Au-02_0405,typoglyphs/04_glyphs/t04_l04g05.png,keywords/04_keywords/t04_l04g05.md,0,
Au-02_0406,typoglyphs/04_glyphs/t04_l04g06.png,keywords/04_keywords/t04_l04g06.md,0,
Au-02_0407,typoglyphs/04_glyphs/t04_l04g07.png,keywords/04_keywords/t04_l04g07.md,0,
Au-02_0408,typoglyphs/04_glyphs/t04_l04g08.png,keywords/04_keywords/t04_l04g08.md,0,
Au-02_0409,typoglyphs/04_glyphs/t04_l04g09.png,keywords/04_keywords/t04_l04g09.md,0,
Au-02_0410,typoglyphs/04_glyphs/t04_l04g10.png,keywords/04_keywords/t04_l04g10.md,0,
Au-02_0411,typoglyphs/04_glyphs/t04_l04g11.png,keywords/04_keywords/t04_l04g11.md,0,
Au-02_0412,typoglyphs/04_glyphs/t04_l04g12.png,keywords/04_keywords/t04_l04g12.md,0,
Au-02_0413,typoglyphs/04_glyphs/t04_l04g13.png,keywords/04_keywords/t04_l04g13.md,0,
Au-02_0414,typoglyphs/04_glyphs/t04_l04g14.png,keywords/04_keywords/t04_l04g14.md,0,
Au-02_0415,typoglyphs/04_glyphs/t04_l04g15.png,keywords/04_keywords/t04_l04g15.md,0,
Au-02_0416,typoglyphs/04_glyphs/t04_l04g16.png,keywords/04_keywords/t04_l04g16.md,0,
Au-02_0417,typoglyphs/04_glyphs/t04_l04g17.png,keywords/04_keywords/t04_l04g17.md,0,
Au-02_0418,typoglyphs/04_glyphs/t04_l04g18.png,keywords/04_keywords/t04_l04g18.md,0,
Au-02_0419,typoglyphs/04_glyphs/t04_l04g19.png,keywords/04_keywords/t04_l04g19.md,0,
Au-02_0420,typoglyphs/04_glyphs/t04_l04g20.png,keywords/04_keywords/t04_l04g20.md,0,
Au-02_0421,typoglyphs/04_glyphs/t04_l04g21.png,keywords/04_keywords/t04_l04g21.md,0,
Au-02_0422,typoglyphs/04_glyphs/t04_l04g22.png,keywords/04_keywords/t04_l04g22.md,0,
Au-02_0423,typoglyphs/04_glyphs/t04_l04g23.png,keywords/04_keywords/t04_l04g23.md,0,
Au-02_0424,typoglyphs/04_glyphs/t04_l04g24.png,keywords/04_keywords/t04_l04g24.md,0,
Au-02_0425,typoglyphs/04_glyphs/t04_l04g25.png,keywords/04_keywords/t04_l04g25.md,0,
Au-02_0426,typoglyphs/04_glyphs/t04_l04g26.png,keywords/04_keywords/t04_l04g26.md,0,
Au-02_0427,typoglyphs/04_glyphs/t04_l04g27.png,keywords/04_keywords/t04_l04g27.md,0,
Au-02_0428,typoglyphs/04_glyphs/t04_l04g28.png,keywords/04_keywords/t04_l04g28.md,0,
Au-02_0429,typoglyphs/04_glyphs/t04_l04g29.png,keywords/04_keywords/t04_l04g29.md,0,
Au-02_0501,typoglyphs/04_glyphs/t04_l05g01.png,keywords/04_keywords/t04_l05g01.md,0,
Au-02_0502,typoglyphs/04_glyphs/t04_l05g02.png,keywords/04_keywords/t04_l05g02.md,0,
Au-02_0503,typoglyphs/04_glyphs/t04_l05g03.png,keywords/04_keywords/t04_l05g03.md,0,
Au-02_0504,typoglyphs/04_glyphs/t04_l05g04.png,keywords/04_keywords/t04_l05g04.md,0,
Au-02_0505,typoglyphs/04_glyphs/t04_l05g05.png,keywords/04_keywords/t04_l05g05.md,0,
Au-02_0506,typoglyphs/04_glyphs/t04_l05g06.png,keywords/04_keywords/t04_l05g06.md,0,
Au-02_0507,typoglyphs/04_glyphs/t04_l05g07.png,keywords/04_keywords/t04_l05g07.md,0,
Au-02_0508,typoglyphs/04_glyphs/t04_l05g08.png,keywords/04_keywords/t04_l05g08.md,0,
Au-02_0509,typoglyphs/04_glyphs/t04_l05g09.png,keywords/04_keywords/t04_l05g09.md,0,
Au-02_0510,typoglyphs/04_glyphs/t04_l05g10.png,keywords/04_keywords/t04_l05g10.md,0,
Au-02_0511,typoglyphs/04_glyphs/t04_l05g11.png,keywords/04_keywords/t04_l05g11.md,0,
Au-02_0512,typoglyphs/04_glyphs/t04_l05g12.png,keywords/04_keywords/t04_l05g12.md,0,
Au-02_0513,typoglyphs/04_glyphs/t04_l05g13.png,keywords/04_keywords/t04_l05g13.md,0,
Au-02_0514,typoglyphs/04_glyphs/t04_l05g14.png,keywords/04_keywords/t04_l05g14.md,0,
Au-02_0515,typoglyphs/04_glyphs/t04_l05g15.png,keywords/04_keywords/t04_l05g15.md,0,
Au-02_0516,typoglyphs/04_glyphs/t04_l05g16.png,keywords/04_keywords/t04_l05g16.md,0,
Au-02_0517,typoglyphs/04_glyphs/t04_l05g17.png,keywords/04_keywords/t04_l05g17.md,0,
Au-02_0518,typoglyphs/04_glyphs/t04_l05g18.png,keywords/04_keywords/t04_l05g18.md,0,
Au-02_0519,typoglyphs/04_glyphs/t04_l05g19.png,keywords/04_keywords/t04_l05g19.md,0,
Au-02_0520,typoglyphs/04_glyphs/t04_l05g20.png,keywords/04_keywords/t04_l05g20.md,0,
Au-02_0521,typoglyphs/04_glyphs/t04_l05g21.png,keywords/04_keywords/t04_l05g21.md,0,
Au-02_0522,typoglyphs/04_glyphs/t04_l05g22.png,keywords/04_keywords/t04_l05g22.md,0,
Au-02_0523,typoglyphs/04_glyphs/t04_l05g23.png,keywords/04_keywords/t04_l05g23.md,0,
Au-02_0524,typoglyphs/04_glyphs/t04_l05g24.png,keywords/04_keywords/t04_l05g24.md,0,
Au-02_0525,typoglyphs/04_glyphs/t04_l05g25.png,keywords/04_keywords/t04_l05g25.md,0,
Au-02_0526,typoglyphs/04_glyphs/t04_l05g26.png,keywords/04_keywords/t04_l05g26.md,0,
Au-02_0527,typoglyphs/04_glyphs/t04_l05g27.png,keywords/04_keywords/t04_l05g27.md,0,
Au-02_0528,typoglyphs/04_glyphs/t04_l05g28.png,keywords/04_keywords/t04_l05g28.md,0,
Au-02_0529,typoglyphs/04_glyphs/t04_l05g29.png,keywords/04_keywords/t04_l05g29.md,0,
Au-02_0530,typoglyphs/04_glyphs/t04_l05g30.png,keywords/04_keywords/t04_l05g30.md,0,
Au-02_0531,typoglyphs/04_glyphs/t04_l05g31.png,keywords/04_keywords/t04_l05g31.md,0,
Au-02_0532,typoglyphs/04_glyphs/t04_l05g32.png,keywords/04_keywords/t04_l05g32.md,0,
Au-02_0533,typoglyphs/04_glyphs/t04_l05g33.png,keywords/04_keywords/t04_l05g33.md,0,
Au-02_0534,typoglyphs/04_glyphs/t04_l05g34.png,keywords/04_keywords/t04_l05g34.md,0,
Au-02_0535,typoglyphs/04_glyphs/t04_l05g35.png,keywords/04_keywords/t04_l05g35.md,0,
Au-02_0536,typoglyphs/04_glyphs/t04_l05g36.png,keywords/04_keywords/t04_l05g36.md,0,
Au-02a0101,typoglyphs/05_glyphs/t05_l01g01.png,keywords/05_keywords/t05_l01g01.md,0,
Au-02a0102,typoglyphs/05_glyphs/t05_l01g02.png,keywords/05_keywords/t05_l01g02.md,0,
Au-02a0103,typoglyphs/05_glyphs/t05_l01g03.png,keywords/05_keywords/t05_l01g03.md,0,
Au-02a0104,typoglyphs/05_glyphs/t05_l01g04.png,keywords/05_keywords/t05_l01g04.md,0,
Au-02a0105,typoglyphs/05_glyphs/t05_l01g05.png,keywords/05_keywords/t05_l01g05.md,0,
Au-02a0106,typoglyphs/05_glyphs/t05_l01g06.png,keywords/05_keywords/t05_l01g06.md,0,
Au-02a0107,typoglyphs/05_glyphs/t05_l01g07.png,keywords/05_keywords/t05_l01g07.md,0,
Au-02a0108,typoglyphs/05_glyphs/t05_l01g08.png,keywords/05_keywords/t05_l01g08.md,0,
Au-02a0109,typoglyphs/05_glyphs/t05_l01g09.png,keywords/05_keywords/t05_l01g09.md,0,
Au-02a0110,typoglyphs/05_glyphs/t05_l01g10.png,keywords/05_keywords/t05_l01g10.md,0,
Au-02a0111,typoglyphs/05_glyphs/t05_l01g11.png,keywords/05_keywords/t05_l01g11.md,0,
Au-02a0112,typoglyphs/05_glyphs/t05_l01g12.png,keywords/05_keywords/t05_l01g12.md,0,
Au-02a0113,typoglyphs/05_glyphs/t05_l01g13.png,keywords/05_keywords/t05_l01g13.md,0,
Au-02a0114,typoglyphs/05_glyphs/t05_l01g14.png,keywords/05_keywords/t05_l01g14.md,0,
Au-02a0115,typoglyphs/05_glyphs/t05_l01g15.png,keywords/05_keywords/t05_l01g15.md,0,
Au-03_0101,typoglyphs/06_glyphs/t06_l01g01.png,keywords/06_keywords/t06_l01g01.md,0,
Au-03_0102,typoglyphs/06_glyphs/t06_l01g02.png,keywords/06_keywords/t06_l01g02.md,0,
Au-03_0103,typoglyphs/06_glyphs/t06_l01g03.png,keywords/06_keywords/t06_l01g03.md,0,
Au-03_0104,typoglyphs/06_glyphs/t06_l01g04.png,keywords/06_keywords/t06_l01g04.md,0,
Au-03_0105,typoglyphs/06_glyphs/t06_l01g05.png,keywords/06_keywords/t06_l01g05.md,0,
Au-03_0106,typoglyphs/06_glyphs/t06_l01g06.png,keywords/06_keywords/t06_l01g06.md,0,
Au-03_0107,typoglyphs/06_glyphs/t06_l01g07.png,keywords/06_keywords/t06_l01g07.md,0,
Au-03_0108,typoglyphs/06_glyphs/t06_l01g08.png,keywords/06_keywords/t06_l01g08.md,0,
Au-03_0109,typoglyphs/06_glyphs/t06_l01g09.png,keywords/06_keywords/t06_l01g09.md,0,
Au-03_0110,typoglyphs/06_glyphs/t06_l01g10.png,keywords/06_keywords/t06_l01g10.md,0,
Au-03_0111,typoglyphs/06_glyphs/t06_l01g11.png,keywords/06_keywords/t06_l01g11.md,0,
Au-03_0112,typoglyphs/06_glyphs/t06_l01g12.png,keywords/06_keywords/t06_l01g12.md,0,
Au-03_0113,typoglyphs/06_glyphs/t06_l01g13.png,keywords/06_keywords/t06_l01g13.md,0,
Au-03_0114,typoglyphs/06_glyphs/t06_l01g14.png,keywords/06_keywords/t06_l01g14.md,0,
Au-03_0115,typoglyphs/06_glyphs/t06_l01g15.png,keywords/06_keywords/t06_l01g15.md,0,
Au-03_0116,typoglyphs/06_glyphs/t06_l01g16.png,keywords/06_keywords/t06_l01g16.md,0,
Au-03_0201,typoglyphs/06_glyphs/t06_l02g01.png,keywords/06_keywords/t06_l02g01.md,0,
Au-03_0202,typoglyphs/06_glyphs/t06_l02g02.png,keywords/06_keywords/t06_l02g02.md,0,
Au-03_0203,typoglyphs/06_glyphs/t06_l02g03.png,keywords/06_keywords/t06_l02g03.md,0,
Au-03_0204,typoglyphs/06_glyphs/t06_l02g04.png,keywords/06_keywords/t06_l02g04.md,0,
Au-03_0205,typoglyphs/06_glyphs/t06_l02g05.png,keywords/06_keywords/t06_l02g05.md,0,
Au-03_0206,typoglyphs/06_glyphs/t06_l02g06.png,keywords/06_keywords/t06_l02g06.md,0,
Au-03_0207,typoglyphs/06_glyphs/t06_l02g07.png,keywords/06_keywords/t06_l02g07.md,0,
Au-03_0208,typoglyphs/06_glyphs/t06_l02g08.png,keywords/06_keywords/t06_l02g08.md,0,
Au-03_0209,typoglyphs/06_glyphs/t06_l02g09.png,keywords/06_keywords/t06_l02g09.md,0,
Au-03_0210,typoglyphs/06_glyphs/t06_l02g10.png,keywords/06_keywords/t06_l02g10.md,0,
Au-03_0211,typoglyphs/06_glyphs/t06_l02g11.png,keywords/06_keywords/t06_l02g11.md,0,
Au-03_0212,typoglyphs/06_glyphs/t06_l02g12.png,keywords/06_keywords/t06_l02g12.md,0,
Au-03_0213,typoglyphs/06_glyphs/t06_l02g13.png,keywords/06_keywords/t06_l02g13.md,0,
Au-03_0214,typoglyphs/06_glyphs/t06_l02g14.png,keywords/06_keywords/t06_l02g14.md,0,
Au-03_0215,typoglyphs/06_glyphs/t06_l02g15.png,keywords/06_keywords/t06_l02g15.md,0,
Au-03_0216,typoglyphs/06_glyphs/t06_l02g16.png,keywords/06_keywords/t06_l02g16.md,0,
Au-03_0217,typoglyphs/06_glyphs/t06_l02g17.png,keywords/06_keywords/t06_l02g17.md,0,
Au-03_0218,typoglyphs/06_glyphs/t06_l02g18.png,keywords/06_keywords/t06_l02g18.md,0,
Au-03_0301,typoglyphs/06_glyphs/t06_l03g01.png,keywords/06_keywords/t06_l03g01.md,0,
Au-03_0302,typoglyphs/06_glyphs/t06_l03g02.png,keywords/06_keywords/t06_l03g02.md,0,
Au-03_0303,typoglyphs/06_glyphs/t06_l03g03.png,keywords/06_keywords/t06_l03g03.md,0,
Au-03_0304,typoglyphs/06_glyphs/t06_l03g04.png,keywords/06_keywords/t06_l03g04.md,0,
Au-03_0305,typoglyphs/06_glyphs/t06_l03g05.png,keywords/06_keywords/t06_l03g05.md,0,
Au-03_0306,typoglyphs/06_glyphs/t06_l03g06.png,keywords/06_keywords/t06_l03g06.md,0,
Au-03_0307,typoglyphs/06_glyphs/t06_l03g07.png,keywords/06_keywords/t06_l03g07.md,0,
Au-03_0308,typoglyphs/06_glyphs/t06_l03g08.png,keywords/06_keywords/t06_l03g08.md,0,
Au-03_0309,typoglyphs/06_glyphs/t06_l03g09.png,keywords/06_keywords/t06_l03g09.md,0,
Au-03_0310,typoglyphs/06_glyphs/t06_l03g10.png,keywords/06_keywords/t06_l03g10.md,0,
Au-03_0311,typoglyphs/06_glyphs/t06_l03g11.png,keywords/06_keywords/t06_l03g11.md,0,
Au-03_0312,typoglyphs/06_glyphs/t06_l03g12.png,keywords/06_keywords/t06_l03g12.md,0,
Au-03_0313,typoglyphs/06_glyphs/t06_l03g13.png,keywords/06_keywords/t06_l03g13.md,0,
Au-03_0314,typoglyphs/06_glyphs/t06_l03g14.png,keywords/06_keywords/t06_l03g14.md,0,
Au-03_0315,typoglyphs/06_glyphs/t06_l03g15.png,keywords/06_keywords/t06_l03g15.md,0,
Au-03_0316,typoglyphs/06_glyphs/t06_l03g16.png,keywords/06_keywords/t06_l03g16.md,0,
Au-03_0317,typoglyphs/06_glyphs/t06_l03g17.png,keywords/06_keywords/t06_l03g17.md,0,
Au-03_0318,typoglyphs/06_glyphs/t06_l03g18.png,keywords/06_keywords/t06_l03g18.md,0,
Au-03_0319,typoglyphs/06_glyphs/t06_l03g19.png,keywords/06_keywords/t06_l03g19.md,0,
Au-03_0320,typoglyphs/06_glyphs/t06_l03g20.png,keywords/06_keywords/t06_l03g20.md,0,
Au-03_0321,typoglyphs/06_glyphs/t06_l03g21.png,keywords/06_keywords/t06_l03g21.md,0,
Au-03_0322,typoglyphs/06_glyphs/t06_l03g22.png,keywords/06_keywords/t06_l03g22.md,0,
Au-03_0323,typoglyphs/06_glyphs/t06_l03g23.png,keywords/06_keywords/t06_l03g23.md,0,
Au-03_0324,typoglyphs/06_glyphs/t06_l03g24.png,keywords/06_keywords/t06_l03g24.md,0,
Au-03_0325,typoglyphs/06_glyphs/t06_l03g25.png,keywords/06_keywords/t06_l03g25.md,0,
Au-03_0326,typoglyphs/06_glyphs/t06_l03g26.png,keywords/06_keywords/t06_l03g26.md,0,
Au-03_0327,typoglyphs/06_glyphs/t06_l03g27.png,keywords/06_keywords/t06_l03g27.md,0,
Au-03_0328,typoglyphs/06_glyphs/t06_l03g28.png,keywords/06_keywords/t06_l03g28.md,0,
Au-03_0329,typoglyphs/06_glyphs/t06_l03g29.png,keywords/06_keywords/t06_l03g29.md,0,
Au-03_0330,typoglyphs/06_glyphs/t06_l03g30.png,keywords/06_keywords/t06_l03g30.md,0,
Au-03_0401,typoglyphs/06_glyphs/t06_l04g01.png,keywords/06_keywords/t06_l04g01.md,0,
Au-03_0402,typoglyphs/06_glyphs/t06_l04g02.png,keywords/06_keywords/t06_l04g02.md,0,
Au-03_0403,typoglyphs/06_glyphs/t06_l04g03.png,keywords/06_keywords/t06_l04g03.md,0,
Au-03_0404,typoglyphs/06_glyphs/t06_l04g04.png,keywords/06_keywords/t06_l04g04.md,0,
Au-03_0405,typoglyphs/06_glyphs/t06_l04g05.png,keywords/06_keywords/t06_l04g05.md,0,
Au-03_0406,typoglyphs/06_glyphs/t06_l04g06.png,keywords/06_keywords/t06_l04g06.md,0,
Au-03_0407,typoglyphs/06_glyphs/t06_l04g07.png,keywords/06_keywords/t06_l04g07.md,0,
Au-03_0408,typoglyphs/06_glyphs/t06_l04g08.png,keywords/06_keywords/t06_l04g08.md,0,
Au-03_0409,typoglyphs/06_glyphs/t06_l04g09.png,keywords/06_keywords/t06_l04g09.md,0,
Au-03_0410,typoglyphs/06_glyphs/t06_l04g10.png,keywords/06_keywords/t06_l04g10.md,0,
Au-03_0411,typoglyphs/06_glyphs/t06_l04g11.png,keywords/06_keywords/t06_l04g11.md,0,
Au-03_0412,typoglyphs/06_glyphs/t06_l04g12.png,keywords/06_keywords/t06_l04g12.md,0,
Au-03_0413,typoglyphs/06_glyphs/t06_l04g13.png,keywords/06_keywords/t06_l04g13.md,0,
Au-03_0414,typoglyphs/06_glyphs/t06_l04g14.png,keywords/06_keywords/t06_l04g14.md,0,
Au-03_0415,typoglyphs/06_glyphs/t06_l04g15.png,keywords/06_keywords/t06_l04g15.md,0,
Au-03_0416,typoglyphs/06_glyphs/t06_l04g16.png,keywords/06_keywords/t06_l04g16.md,0,
Au-03_0417,typoglyphs/06_glyphs/t06_l04g17.png,keywords/06_keywords/t06_l04g17.md,0,
Au-03_0418,typoglyphs/06_glyphs/t06_l04g18.png,keywords/06_keywords/t06_l04g18.md,0,
Au-03_0419,typoglyphs/06_glyphs/t06_l04g19.png,keywords/06_keywords/t06_l04g19.md,0,
Au-03_0420,typoglyphs/06_glyphs/t06_l04g20.png,keywords/06_keywords/t06_l04g20.md,0,
Au-03_0421,typoglyphs/06_glyphs/t06_l04g21.png,keywords/06_keywords/t06_l04g21.md,0,
Au-03_0422,typoglyphs/06_glyphs/t06_l04g22.png,keywords/06_keywords/t06_l04g22.md,0,
Au-03_0423,typoglyphs/06_glyphs/t06_l04g23.png,keywords/06_keywords/t06_l04g23.md,0,
Au-03_0424,typoglyphs/06_glyphs/t06_l04g24.png,keywords/06_keywords/t06_l04g24.md,1,descriptions/06_descriptions/t06_l04g24.md
Au-03_0425,typoglyphs/06_glyphs/t06_l04g25.png,keywords/06_keywords/t06_l04g25.md,0,
Au-03_0426,typoglyphs/06_glyphs/t06_l04g26.png,keywords/06_keywords/t06_l04g26.md,0,
Au-03_0427,typoglyphs/06_glyphs/t06_l04g27.png,keywords/06_keywords/t06_l04g27.md,0,
Au-03_0428,typoglyphs/06_glyphs/t06_l04g28.png,keywords/06_keywords/t06_l04g28.md,0,
Au-03_0429,typoglyphs/06_glyphs/t06_l04g29.png,keywords/06_keywords/t06_l04g29.md,0,
Au-03_0430,typoglyphs/06_glyphs/t06_l04g30.png,keywords/06_keywords/t06_l04g30.md,0,
Au-03_0501,typoglyphs/06_glyphs/t06_l05g01.png,keywords/06_keywords/t06_l05g01.md,0,
Au-03_0502,typoglyphs/06_glyphs/t06_l05g02.png,keywords/06_keywords/t06_l05g02.md,0,
Au-03_0503,typoglyphs/06_glyphs/t06_l05g03.png,keywords/06_keywords/t06_l05g03.md,0,
Au-03_0504,typoglyphs/06_glyphs/t06_l05g04.png,keywords/06_keywords/t06_l05g04.md,0,
Au-03_0505,typoglyphs/06_glyphs/t06_l05g05.png,keywords/06_keywords/t06_l05g05.md,0,
Au-03_0506,typoglyphs/06_glyphs/t06_l05g06.png,keywords/06_keywords/t06_l05g06.md,0,
Au-03_0507,typoglyphs/06_glyphs/t06_l05g07.png,keywords/06_keywords/t06_l05g07.md,0,
Au-03_0508,typoglyphs/06_glyphs/t06_l05g08.png,keywords/06_keywords/t06_l05g08.md,0,
Au-03_0509,typoglyphs/06_glyphs/t06_l05g09.png,keywords/06_keywords/t06_l05g09.md,0,
Au-03_0510,typoglyphs/06_glyphs/t06_l05g10.png,keywords/06_keywords/t06_l05g10.md,0,
Au-03_0511,typoglyphs/06_glyphs/t06_l05g11.png,keywords/06_keywords/t06_l05g11.md,0,
Au-03_0512,typoglyphs/06_glyphs/t06_l05g12.png,keywords/06_keywords/t06_l05g12.md,0,
Au-03_0513,typoglyphs/06_glyphs/t06_l05g13.png,keywords/06_keywords/t06_l05g13.md,0,
Au-03_0514,typoglyphs/06_glyphs/t06_l05g14.png,keywords/06_keywords/t06_l05g14.md,0,
Au-03_0515,typoglyphs/06_glyphs/t06_l05g15.png,keywords/06_keywords/t06_l05g15.md,0,
Au-03_0516,typoglyphs/06_glyphs/t06_l05g16.png,keywords/06_keywords/t06_l05g16.md,0,
Au-03_0517,typoglyphs/06_glyphs/t06_l05g17.png,keywords/06_keywords/t06_l05g17.md,0,
Au-03_0518,typoglyphs/06_glyphs/t06_l05g18.png,keywords/06_keywords/t06_l05g18.md,0,
Au-05_0101,typoglyphs/07_glyphs/t07_l01g01.png,keywords/07_keywords/t07_l01g01.md,0,
Au-05_0102,typoglyphs/07_glyphs/t07_l01g02.png,keywords/07_keywords/t07_l01g02.md,0,
Au-05_0103,typoglyphs/07_glyphs/t07_l01g03.png,keywords/07_keywords/t07_l01g03.md,0,
Au-05_0104,typoglyphs/07_glyphs/t07_l01g04.png,keywords/07_keywords/t07_l01g04.md,0,
Au-05_0105,typoglyphs/07_glyphs/t07_l01g05.png,keywords/07_keywords/t07_l01g05.md,0,
Au-05_0106,typoglyphs/07_glyphs/t07_l01g06.png,keywords/07_keywords/t07_l01g06.md,0,
Au-05_0107,typoglyphs/07_glyphs/t07_l01g07.png,keywords/07_keywords/t07_l01g07.md,0,
Au-05_0108,typoglyphs/07_glyphs/t07_l01g08.png,keywords/07_keywords/t07_l01g08.md,0,
Au-05_0109,typoglyphs/07_glyphs/t07_l01g09.png,keywords/07_keywords/t07_l01g09.md,0,
Au-05_0110,typoglyphs/07_glyphs/t07_l01g10.png,keywords/07_keywords/t07_l01g10.md,0,
Au-05_0111,typoglyphs/07_glyphs/t07_l01g11.png,keywords/07_keywords/t07_l01g11.md,0,
Au-05_0112,typoglyphs/07_glyphs/t07_l01g12.png,keywords/07_keywords/t07_l01g12.md,0,
Au-05_0113,typoglyphs/07_glyphs/t07_l01g13.png,keywords/07_keywords/t07_l01g13.md,0,
Au-05_0114,typoglyphs/07_glyphs/t07_l01g14.png,keywords/07_keywords/t07_l01g14.md,0,
Au-05_0115,typoglyphs/07_glyphs/t07_l01g15.png,keywords/07_keywords/t07_l01g15.md,0,
Au-05_0116,typoglyphs/07_glyphs/t07_l01g16.png,keywords/07_keywords/t07_l01g16.md,0,
Au-05_0117,typoglyphs/07_glyphs/t07_l01g17.png,keywords/07_keywords/t07_l01g17.md,0,
Au-05_0118,typoglyphs/07_glyphs/t07_l01g18.png,keywords/07_keywords/t07_l01g18.md,0,
Au-05_0119,typoglyphs/07_glyphs/t07_l01g19.png,keywords/07_keywords/t07_l01g19.md,0,
Au-05_0120,typoglyphs/07_glyphs/t07_l01g20.png,keywords/07_keywords/t07_l01g20.md,0,
Au-05_0121,typoglyphs/07_glyphs/t07_l01g21.png,keywords/07_keywords/t07_l01g21.md,0,
Au-05_0122,typoglyphs/07_glyphs/t07_l01g22.png,keywords/07_keywords/t07_l01g22.md,0,
Au-05_0123,typoglyphs/07_glyphs/t07_l01g23.png,keywords/07_keywords/t07_l01g23.md,0,
Au-05_0201,typoglyphs/07_glyphs/t07_l02g01.png,keywords/07_keywords/t07_l02g01.md,0,
Au-05_0202,typoglyphs/07_glyphs/t07_l02g02.png,keywords/07_keywords/t07_l02g02.md,0,
Au-05_0203,typoglyphs/07_glyphs/t07_l02g03.png,keywords/07_keywords/t07_l02g03.md,0,
Au-05_0204,typoglyphs/07_glyphs/t07_l02g04.png,keywords/07_keywords/t07_l02g04.md,0,
Au-05_0301,typoglyphs/07_glyphs/t07_l03g01.png,keywords/07_keywords/t07_l03g01.md,0,
Au-05_0302,typoglyphs/07_glyphs/t07_l03g02.png,keywords/07_keywords/t07_l03g02.md,0,
Au-05_0303,typoglyphs/07_glyphs/t07_l03g03.png,keywords/07_keywords/t07_l03g03.md,0,
Au-05_0304,typoglyphs/07_glyphs/t07_l03g04.png,keywords/07_keywords/t07_l03g04.md,0,
Au-05_0305,typoglyphs/07_glyphs/t07_l03g05.png,keywords/07_keywords/t07_l03g05.md,0,
Au-05_0306,typoglyphs/07_glyphs/t07_l03g06.png,keywords/07_keywords/t07_l03g06.md,0,
Au-05_0307,typoglyphs/07_glyphs/t07_l03g07.png,keywords/07_keywords/t07_l03g07.md,0,
Au-05_0308,typoglyphs/07_glyphs/t07_l03g08.png,keywords/07_keywords/t07_l03g08.md,0,
Au-05_0309,typoglyphs/07_glyphs/t07_l03g09.png,keywords/07_keywords/t07_l03g09.md,0,
Au-05_0310,typoglyphs/07_glyphs/t07_l03g10.png,keywords/07_keywords/t07_l03g10.md,0,
Au-05_0311,typoglyphs/07_glyphs/t07_l03g11.png,keywords/07_keywords/t07_l03g11.md,0,
Au-05_0312,typoglyphs/07_glyphs/t07_l03g12.png,keywords/07_keywords/t07_l03g12.md,0,
Au-05_0313,typoglyphs/07_glyphs/t07_l03g13.png,keywords/07_keywords/t07_l03g13.md,0,
Au-05_0314,typoglyphs/07_glyphs/t07_l03g14.png,keywords/07_keywords/t07_l03g14.md,0,
Au-05_0315,typoglyphs/07_glyphs/t07_l03g15.png,keywords/07_keywords/t07_l03g15.md,0,
Au-05_0316,typoglyphs/07_glyphs/t07_l03g16.png,keywords/07_keywords/t07_l03g16.md,0,
Au-05_0317,typoglyphs/07_glyphs/t07_l03g17.png,keywords/07_keywords/t07_l03g17.md,0,
Au-05_0318,typoglyphs/07_glyphs/t07_l03g18.png,keywords/07_keywords/t07_l03g18.md,0,
Au-05_0319,typoglyphs/07_glyphs/t07_l03g19.png,keywords/07_keywords/t07_l03g19.md,0,
Au-05_0320,typoglyphs/07_glyphs/t07_l03g20.png,keywords/07_keywords/t07_l03g20.md,0,
Au-05_0321,typoglyphs/07_glyphs/t07_l03g21.png,keywords/07_keywords/t07_l03g21.md,0,
Au-05_0322,typoglyphs/07_glyphs/t07_l03g22.png,keywords/07_keywords/t07_l03g22.md,0,
Au-05_0323,typoglyphs/07_glyphs/t07_l03g23.png,keywords/07_keywords/t07_l03g23.md,0,
Au-05_0324,typoglyphs/07_glyphs/t07_l03g24.png,keywords/07_keywords/t07_l03g24.md,0,
Au-05_0325,typoglyphs/07_glyphs/t07_l03g25.png,keywords/07_keywords/t07_l03g25.md,0,
Au-05_0326,typoglyphs/07_glyphs/t07_l03g26.png,keywords/07_keywords/t07_l03g26.md,0,
Au-05_0327,typoglyphs/07_glyphs/t07_l03g27.png,keywords/07_keywords/t07_l03g27.md,0,
Au-05_0328,typoglyphs/07_glyphs/t07_l03g28.png,keywords/07_keywords/t07_l03g28.md,0,
Au-05_0329,typoglyphs/07_glyphs/t07_l03g29.png,keywords/07_keywords/t07_l03g29.md,0,
Au-05_0330,typoglyphs/07_glyphs/t07_l03g30.png,keywords/07_keywords/t07_l03g30.md,0,
Au-05_0331,typoglyphs/07_glyphs/t07_l03g31.png,keywords/07_keywords/t07_l03g31.md,0,
Au-05_0332,typoglyphs/07_glyphs/t07_l03g32.png,keywords/07_keywords/t07_l03g32.md,0,
Au-05_0333,typoglyphs/07_glyphs/t07_l03g33.png,keywords/07_keywords/t07_l03g33.md,0,
Au-05_0334,typoglyphs/07_glyphs/t07_l03g34.png,keywords/07_keywords/t07_l03g34.md,0,
Au-05_0335,typoglyphs/07_glyphs/t07_l03g35.png,keywords/07_keywords/t07_l03g35.md,0,
Au-05_0336,typoglyphs/07_glyphs/t07_l03g36.png,keywords/07_keywords/t07_l03g36.md,0,
Au-05_0337,typoglyphs/07_glyphs/t07_l03g37.png,keywords/07_keywords/t07_l03g37.md,1,descriptions/07_descriptions/t07_l03g37.md
Au-05_0338,typoglyphs/07_glyphs/t07_l03g38.png,keywords/07_keywords/t07_l03g38.md,0,
Au-05_0339,typoglyphs/07_glyphs/t07_l03g39.png,keywords/07_keywords/t07_l03g39.md,0,
Au-05_0340,typoglyphs/07_glyphs/t07_l03g40.png,keywords/07_keywords/t07_l03g40.md,0,
Au-05_0341,typoglyphs/07_glyphs/t07_l03g41.png,keywords/07_keywords/t07_l03g41.md,0,
Au-05_0401,typoglyphs/07_glyphs/t07_l04g01.png,keywords/07_keywords/t07_l04g01.md,0,
Au-05_0402,typoglyphs/07_glyphs/t07_l04g02.png,keywords/07_keywords/t07_l04g02.md,0,
Au-05_0403,typoglyphs/07_glyphs/t07_l04g03.png,keywords/07_keywords/t07_l04g03.md,0,
Au-05_0404,typoglyphs/07_glyphs/t07_l04g04.png,keywords/07_keywords/t07_l04g04.md,0,
Au-05_0405,typoglyphs/07_glyphs/t07_l04g05.png,keywords/07_keywords/t07_l04g05.md,0,
Au-05_0406,typoglyphs/07_glyphs/t07_l04g06.png,keywords/07_keywords/t07_l04g06.md,0,
Au-05_0407,typoglyphs/07_glyphs/t07_l04g07.png,keywords/07_keywords/t07_l04g07.md,0,
Au-05_0408,typoglyphs/07_glyphs/t07_l04g08.png,keywords/07_keywords/t07_l04g08.md,0,
Au-05_0501,typoglyphs/07_glyphs/t07_l05g01.png,keywords/07_keywords/t07_l05g01.md,0,
Au-05_0502,typoglyphs/07_glyphs/t07_l05g02.png,keywords/07_keywords/t07_l05g02.md,0,
Au-05_0503,typoglyphs/07_glyphs/t07_l05g03.png,keywords/07_keywords/t07_l05g03.md,0,
Au-05_0504,typoglyphs/07_glyphs/t07_l05g04.png,keywords/07_keywords/t07_l05g04.md,0,
Au-05_0505,typoglyphs/07_glyphs/t07_l05g05.png,keywords/07_keywords/t07_l05g05.md,0,
Au-05_0506,typoglyphs/07_glyphs/t07_l05g06.png,keywords/07_keywords/t07_l05g06.md,0,
Au-05_0507,typoglyphs/07_glyphs/t07_l05g07.png,keywords/07_keywords/t07_l05g07.md,0,
Au-05_0508,typoglyphs/07_glyphs/t07_l05g08.png,keywords/07_keywords/t07_l05g08.md,0,
Au-05_0509,typoglyphs/07_glyphs/t07_l05g09.png,keywords/07_keywords/t07_l05g09.md,0,
Au-05_0510,typoglyphs/07_glyphs/t07_l05g10.png,keywords/07_keywords/t07_l05g10.md,0,
Au-05_0511,typoglyphs/07_glyphs/t07_l05g11.png,keywords/07_keywords/t07_l05g11.md,0,
Au-05_0512,typoglyphs/07_glyphs/t07_l05g12.png,keywords/07_keywords/t07_l05g12.md,0,
Au-05_0513,typoglyphs/07_glyphs/t07_l05g13.png,keywords/07_keywords/t07_l05g13.md,0,
Au-05_0514,typoglyphs/07_glyphs/t07_l05g14.png,keywords/07_keywords/t07_l05g14.md,0,
Au-05_0515,typoglyphs/07_glyphs/t07_l05g15.png,keywords/07_keywords/t07_l05g15.md,0,
Au-05_0516,typoglyphs/07_glyphs/t07_l05g16.png,keywords/07_keywords/t07_l05g16.md,0,
Au-05_0517,typoglyphs/07_glyphs/t07_l05g17.png,keywords/07_keywords/t07_l05g17.md,0,
Au-05_0518,typoglyphs/07_glyphs/t07_l05g18.png,keywords/07_keywords/t07_l05g18.md,0,
Au-05_0519,typoglyphs/07_glyphs/t07_l05g19.png,keywords/07_keywords/t07_l05g19.md,0,
Au-05_0520,typoglyphs/07_glyphs/t07_l05g20.png,keywords/07_keywords/t07_l05g20.md,0,
Au-06_0101,typoglyphs/08_glyphs/t08_l01g01.png,keywords/08_keywords/t08_l01g01.md,0,
Au-06_0102,typoglyphs/08_glyphs/t08_l01g02.png,keywords/08_keywords/t08_l01g02.md,0,
Au-06_0103,typoglyphs/08_glyphs/t08_l01g03.png,keywords/08_keywords/t08_l01g03.md,0,
Au-06_0104,typoglyphs/08_glyphs/t08_l01g04.png,keywords/08_keywords/t08_l01g04.md,0,
Au-06_0105,typoglyphs/08_glyphs/t08_l01g05.png,keywords/08_keywords/t08_l01g05.md,0,
Au-06_0106,typoglyphs/08_glyphs/t08_l01g06.png,keywords/08_keywords/t08_l01g06.md,0,
Au-06_0107,typoglyphs/08_glyphs/t08_l01g07.png,keywords/08_keywords/t08_l01g07.md,0,
Au-06_0108,typoglyphs/08_glyphs/t08_l01g08.png,keywords/08_keywords/t08_l01g08.md,0,
Au-06_0109,typoglyphs/08_glyphs/t08_l01g09.png,keywords/08_keywords/t08_l01g09.md,0,
Au-06_0110,typoglyphs/08_glyphs/t08_l01g10.png,keywords/08_keywords/t08_l01g10.md,0,
Au-06_0111,typoglyphs/08_glyphs/t08_l01g11.png,keywords/08_keywords/t08_l01g11.md,0,
Au-06_0112,typoglyphs/08_glyphs/t08_l01g12.png,keywords/08_keywords/t08_l01g12.md,0,
Au-06_0113,typoglyphs/08_glyphs/t08_l01g13.png,keywords/08_keywords/t08_l01g13.md,0,
Au-06_0114,typoglyphs/08_glyphs/t08_l01g14.png,keywords/08_keywords/t08_l01g14.md,0,
Au-06_0115,typoglyphs/08_glyphs/t08_l01g15.png,keywords/08_keywords/t08_l01g15.md,0,
Au-06_0116,typoglyphs/08_glyphs/t08_l01g16.png,keywords/08_keywords/t08_l01g16.md,0,
Au-06_0117,typoglyphs/08_glyphs/t08_l01g17.png,keywords/08_keywords/t08_l01g17.md,0,
Au-06_0118,typoglyphs/08_glyphs/t08_l01g18.png,keywords/08_keywords/t08_l01g18.md,0,
Au-06_0119,typoglyphs/08_glyphs/t08_l01g19.png,keywords/08_keywords/t08_l01g19.md,0,
Au-06_0120,typoglyphs/08_glyphs/t08_l01g20.png,keywords/08_keywords/t08_l01g20.md,0,
Au-06_0121,typoglyphs/08_glyphs/t08_l01g21.png,keywords/08_keywords/t08_l01g21.md,0,
Au-06_0201,typoglyphs/08_glyphs/t08_l02g01.png,keywords/08_keywords/t08_l02g01.md,0,
Au-06_0202,typoglyphs/08_glyphs/t08_l02g02.png,keywords/08_keywords/t08_l02g02.md,0,
Au-06_0203,typoglyphs/08_glyphs/t08_l02g03.png,keywords/08_keywords/t08_l02g03.md,0,
Au-06_0204,typoglyphs/08_glyphs/t08_l02g04.png,keywords/08_keywords/t08_l02g04.md,0,
Au-06_0205,typoglyphs/08_glyphs/t08_l02g05.png,keywords/08_keywords/t08_l02g05.md,0,
Au-06_0301,typoglyphs/08_glyphs/t08_l03g01.png,keywords/08_keywords/t08_l03g01.md,0,
Au-06_0302,typoglyphs/08_glyphs/t08_l03g02.png,keywords/08_keywords/t08_l03g02.md,0,
Au-06_0303,typoglyphs/08_glyphs/t08_l03g03.png,keywords/08_keywords/t08_l03g03.md,0,
Au-06_0304,typoglyphs/08_glyphs/t08_l03g04.png,keywords/08_keywords/t08_l03g04.md,0,
Au-06_0305,typoglyphs/08_glyphs/t08_l03g05.png,keywords/08_keywords/t08_l03g05.md,0,
Au-06_0306,typoglyphs/08_glyphs/t08_l03g06.png,keywords/08_keywords/t08_l03g06.md,0,
Au-06_0307,typoglyphs/08_glyphs/t08_l03g07.png,keywords/08_keywords/t08_l03g07.md,0,
Au-06_0308,typoglyphs/08_glyphs/t08_l03g08.png,keywords/08_keywords/t08_l03g08.md,0,
Au-06_0309,typoglyphs/08_glyphs/t08_l03g09.png,keywords/08_keywords/t08_l03g09.md,0,
Au-06_0310,typoglyphs/08_glyphs/t08_l03g10.png,keywords/08_keywords/t08_l03g10.md,0,
Au-06_0311,typoglyphs/08_glyphs/t08_l03g11.png,keywords/08_keywords/t08_l03g11.md,0,
Au-06_0312,typoglyphs/08_glyphs/t08_l03g12.png,keywords/08_keywords/t08_l03g12.md,0,
Au-06_0313,typoglyphs/08_glyphs/t08_l03g13.png,keywords/08_keywords/t08_l03g13.md,0,
Au-06_0314,typoglyphs/08_glyphs/t08_l03g14.png,keywords/08_keywords/t08_l03g14.md,0,
Au-06_0315,typoglyphs/08_glyphs/t08_l03g15.png,keywords/08_keywords/t08_l03g15.md,0,
Au-06_0316,typoglyphs/08_glyphs/t08_l03g16.png,keywords/08_keywords/t08_l03g16.md,0,
Au-06_0317,typoglyphs/08_glyphs/t08_l03g17.png,keywords/08_keywords/t08_l03g17.md,0,
Au-06_0318,typoglyphs/08_glyphs/t08_l03g18.png,keywords/08_keywords/t08_l03g18.md,0,
Au-06_0319,typoglyphs/08_glyphs/t08_l03g19.png,keywords/08_keywords/t08_l03g19.md,0,
Au-06_0320,typoglyphs/08_glyphs/t08_l03g20.png,keywords/08_keywords/t08_l03g20.md,0,
Au-06_0321,typoglyphs/08_glyphs/t08_l03g21.png,keywords/08_keywords/t08_l03g21.md,0,
Au-06_0322,typoglyphs/08_glyphs/t08_l03g22.png,keywords/08_keywords/t08_l03g22.md,0,
Au-06_0323,typoglyphs/08_glyphs/t08_l03g23.png,keywords/08_keywords/t08_l03g23.md,0,
Au-06_0324,typoglyphs/08_glyphs/t08_l03g24.png,keywords/08_keywords/t08_l03g24.md,0,
Au-06_0325,typoglyphs/08_glyphs/t08_l03g25.png,keywords/08_keywords/t08_l03g25.md,0,
Au-06_0326,typoglyphs/08_glyphs/t08_l03g26.png,keywords/08_keywords/t08_l03g26.md,0,
Au-06_0327,typoglyphs/08_glyphs/t08_l03g27.png,keywords/08_keywords/t08_l03g27.md,0,
Au-06_0328,typoglyphs/08_glyphs/t08_l03g28.png,keywords/08_keywords/t08_l03g28.md,1,descriptions/08_descriptions/t08_l03g28.md
Au-06_0329,typoglyphs/08_glyphs/t08_l03g29.png,keywords/08_keywords/t08_l03g29.md,0,
Au-06_0330,typoglyphs/08_glyphs/t08_l03g30.png,keywords/08_keywords/t08_l03g30.md,0,
Au-06_0331,typoglyphs/08_glyphs/t08_l03g31.png,keywords/08_keywords/t08_l03g31.md,0,
Au-06_0332,typoglyphs/08_glyphs/t08_l03g32.png,keywords/08_keywords/t08_l03g32.md,0,
Au-06_0333,typoglyphs/08_glyphs/t08_l03g33.png,keywords/08_keywords/t08_l03g33.md,0,
Au-06_0334,typoglyphs/08_glyphs/t08_l03g34.png,keywords/08_keywords/t08_l03g34.md,0,
Au-06_0335,typoglyphs/08_glyphs/t08_l03g35.png,keywords/08_keywords/t08_l03g35.md,0,
Au-06_0336,typoglyphs/08_glyphs/t08_l03g36.png,keywords/08_keywords/t08_l03g36.md,0,
Au-06_0337,typoglyphs/08_glyphs/t08_l03g37.png,keywords/08_keywords/t08_l03g37.md,0,
Au-06_0401,typoglyphs/08_glyphs/t08_l04g01.png,keywords/08_keywords/t08_l04g01.md,0,
Au-06_0402,typoglyphs/08_glyphs/t08_l04g02.png,keywords/08_keywords/t08_l04g02.md,0,
Au-06_0403,typoglyphs/08_glyphs/t08_l04g03.png,keywords/08_keywords/t08_l04g03.md,0,
Au-06_0404,typoglyphs/08_glyphs/t08_l04g04.png,keywords/08_keywords/t08_l04g04.md,0,
Au-06_0405,typoglyphs/08_glyphs/t08_l04g05.png,keywords/08_keywords/t08_l04g05.md,0,
Au-06_0406,typoglyphs/08_glyphs/t08_l04g06.png,keywords/08_keywords/t08_l04g06.md,0,
Au-06_0407,typoglyphs/08_glyphs/t08_l04g07.png,keywords/08_keywords/t08_l04g07.md,0,
Au-06_0408,typoglyphs/08_glyphs/t08_l04g08.png,keywords/08_keywords/t08_l04g08.md,0,
Au-06_0409,typoglyphs/08_glyphs/t08_l04g09.png,keywords/08_keywords/t08_l04g09.md,0,
Au-06_0410,typoglyphs/08_glyphs/t08_l04g10.png,keywords/08_keywords/t08_l04g10.md,0,
Au-06_0411,typoglyphs/08_glyphs/t08_l04g11.png,keywords/08_keywords/t08_l04g11.md,0,
Au-06_0412,typoglyphs/08_glyphs/t08_l04g12.png,keywords/08_keywords/t08_l04g12.md,0,
Au-06_0413,typoglyphs/08_glyphs/t08_l04g13.png,keywords/08_keywords/t08_l04g13.md,0,
Au-06_0414,typoglyphs/08_glyphs/t08_l04g14.png,keywords/08_keywords/t08_l04g14.md,0,
Au-06_0415,typoglyphs/08_glyphs/t08_l04g15.png,keywords/08_keywords/t08_l04g15.md,0,
Au-06_0416,typoglyphs/08_glyphs/t08_l04g16.png,keywords/08_keywords/t08_l04g16.md,0,
Au-06_0417,typoglyphs/08_glyphs/t08_l04g17.png,keywords/08_keywords/t08_l04g17.md,0,
Au-06_0418,typoglyphs/08_glyphs/t08_l04g18.png,keywords/08_keywords/t08_l04g18.md,0,
Au-06_0419,typoglyphs/08_glyphs/t08_l04g19.png,keywords/08_keywords/t08_l04g19.md,0,
Au-06_0420,typoglyphs/08_glyphs/t08_l04g20.png,keywords/08_keywords/t08_l04g20.md,0,
Au-06_0421,typoglyphs/08_glyphs/t08_l04g21.png,keywords/08_keywords/t08_l04g21.md,0,
Au-06_0422,typoglyphs/08_glyphs/t08_l04g22.png,keywords/08_keywords/t08_l04g22.md,0,
Au-06_0423,typoglyphs/08_glyphs/t08_l04g23.png,keywords/08_keywords/t08_l04g23.md,0,
Au-06_0424,typoglyphs/08_glyphs/t08_l04g24.png,keywords/08_keywords/t08_l04g24.md,0,
Au-06_0425,typoglyphs/08_glyphs/t08_l04g25.png,keywords/08_keywords/t08_l04g25.md,0,
Au-06_0426,typoglyphs/08_glyphs/t08_l04g26.png,keywords/08_keywords/t08_l04g26.md,0,
Au-06_0427,typoglyphs/08_glyphs/t08_l04g27.png,keywords/08_keywords/t08_l04g27.md,0,
Au-06_0428,typoglyphs/08_glyphs/t08_l04g28.png,keywords/08_keywords/t08_l04g28.md,0,
Au-06_0429,typoglyphs/08_glyphs/t08_l04g29.png,keywords/08_keywords/t08_l04g29.md,0,
Au-06_0430,typoglyphs/08_glyphs/t08_l04g30.png,keywords/08_keywords/t08_l04g30.md,0,
Au-07_0101,typoglyphs/09_glyphs/t09_l01g01.png,keywords/09_keywords/t09_l01g01.md,0,
Au-07_0102,typoglyphs/09_glyphs/t09_l01g02.png,keywords/09_keywords/t09_l01g02.md,0,
Au-07_0103,typoglyphs/09_glyphs/t09_l01g03.png,keywords/09_keywords/t09_l01g03.md,0,
Au-07_0104,typoglyphs/09_glyphs/t09_l01g04.png,keywords/09_keywords/t09_l01g04.md,0,
Au-07_0105,typoglyphs/09_glyphs/t09_l01g05.png,keywords/09_keywords/t09_l01g05.md,0,
Au-07_0106,typoglyphs/09_glyphs/t09_l01g06.png,keywords/09_keywords/t09_l01g06.md,0,
Au-07_0107,typoglyphs/09_glyphs/t09_l01g07.png,keywords/09_keywords/t09_l01g07.md,0,
Au-07_0108,typoglyphs/09_glyphs/t09_l01g08.png,keywords/09_keywords/t09_l01g08.md,0,
Au-07_0109,typoglyphs/09_glyphs/t09_l01g09.png,keywords/09_keywords/t09_l01g09.md,0,
Au-07_0110,typoglyphs/09_glyphs/t09_l01g10.png,keywords/09_keywords/t09_l01g10.md,0,
Au-07_0111,typoglyphs/09_glyphs/t09_l01g11.png,keywords/09_keywords/t09_l01g11.md,0,
Au-07_0112,typoglyphs/09_glyphs/t09_l01g12.png,keywords/09_keywords/t09_l01g12.md,0,
Au-07_0113,typoglyphs/09_glyphs/t09_l01g13.png,keywords/09_keywords/t09_l01g13.md,0,
Au-07_0114,typoglyphs/09_glyphs/t09_l01g14.png,keywords/09_keywords/t09_l01g14.md,0,
Au-07_0115,typoglyphs/09_glyphs/t09_l01g15.png,keywords/09_keywords/t09_l01g15.md,0,
Au-07_0116,typoglyphs/09_glyphs/t09_l01g16.png,keywords/09_keywords/t09_l01g16.md,0,
Au-07_0117,typoglyphs/09_glyphs/t09_l01g17.png,keywords/09_keywords/t09_l01g17.md,0,
Au-07_0118,typoglyphs/09_glyphs/t09_l01g18.png,keywords/09_keywords/t09_l01g18.md,0,
Au-07_0119,typoglyphs/09_glyphs/t09_l01g19.png,keywords/09_keywords/t09_l01g19.md,0,
Au-07_0120,typoglyphs/09_glyphs/t09_l01g20.png,keywords/09_keywords/t09_l01g20.md,0,
Au-07_0121,typoglyphs/09_glyphs/t09_l01g21.png,keywords/09_keywords/t09_l01g21.md,0,
Au-07_0122,typoglyphs/09_glyphs/t09_l01g22.png,keywords/09_keywords/t09_l01g22.md,0,
Au-07_0123,typoglyphs/09_glyphs/t09_l01g23.png,keywords/09_keywords/t09_l01g23.md,0,
Au-07_0124,typoglyphs/09_glyphs/t09_l01g24.png,keywords/09_keywords/t09_l01g24.md,0,
Au-07_0125,typoglyphs/09_glyphs/t09_l01g25.png,keywords/09_keywords/t09_l01g25.md,0,
Au-07_0201,typoglyphs/09_glyphs/t09_l02g01.png,keywords/09_keywords/t09_l02g01.md,0,
Au-07_0202,typoglyphs/09_glyphs/t09_l02g02.png,keywords/09_keywords/t09_l02g02.md,0,
Au-07_0203,typoglyphs/09_glyphs/t09_l02g03.png,keywords/09_keywords/t09_l02g03.md,0,
Au-07_0204,typoglyphs/09_glyphs/t09_l02g04.png,keywords/09_keywords/t09_l02g04.md,0,
Au-07_0205,typoglyphs/09_glyphs/t09_l02g05.png,keywords/09_keywords/t09_l02g05.md,0,
Au-07_0206,typoglyphs/09_glyphs/t09_l02g06.png,keywords/09_keywords/t09_l02g06.md,0,
Au-07_0207,typoglyphs/09_glyphs/t09_l02g07.png,keywords/09_keywords/t09_l02g07.md,0,
Au-07_0208,typoglyphs/09_glyphs/t09_l02g08.png,keywords/09_keywords/t09_l02g08.md,0,
Au-07_0209,typoglyphs/09_glyphs/t09_l02g09.png,keywords/09_keywords/t09_l02g09.md,0,
Au-07_0210,typoglyphs/09_glyphs/t09_l02g10.png,keywords/09_keywords/t09_l02g10.md,0,
Au-07_0211,typoglyphs/09_glyphs/t09_l02g11.png,keywords/09_keywords/t09_l02g11.md,0,
Au-07_0212,typoglyphs/09_glyphs/t09_l02g12.png,keywords/09_keywords/t09_l02g12.md,0,
Au-07_0213,typoglyphs/09_glyphs/t09_l02g13.png,keywords/09_keywords/t09_l02g13.md,0,
Au-07_0214,typoglyphs/09_glyphs/t09_l02g14.png,keywords/09_keywords/t09_l02g14.md,0,
Au-07_0215,typoglyphs/09_glyphs/t09_l02g15.png,keywords/09_keywords/t09_l02g15.md,0,
Au-07_0216,typoglyphs/09_glyphs/t09_l02g16.png,keywords/09_keywords/t09_l02g16.md,0,
Au-07_0217,typoglyphs/09_glyphs/t09_l02g17.png,keywords/09_keywords/t09_l02g17.md,0,
Au-07_0218,typoglyphs/09_glyphs/t09_l02g18.png,keywords/09_keywords/t09_l02g18.md,0,
Au-07_0219,typoglyphs/09_glyphs/t09_l02g19.png,keywords/09_keywords/t09_l02g19.md,0,
Au-07_0220,typoglyphs/09_glyphs/t09_l02g20.png,keywords/09_keywords/t09_l02g20.md,0,
Au-07_0221,typoglyphs/09_glyphs/t09_l02g21.png,keywords/09_keywords/t09_l02g21.md,0,
Au-07_0222,typoglyphs/09_glyphs/t09_l02g22.png,keywords/09_keywords/t09_l02g22.md,0,
Au-07_0223,typoglyphs/09_glyphs/t09_l02g23.png,keywords/09_keywords/t09_l02g23.md,0,
Au-07_0224,typoglyphs/09_glyphs/t09_l02g24.png,keywords/09_keywords/t09_l02g24.md,0,
Au-07_0225,typoglyphs/09_glyphs/t09_l02g25.png,keywords/09_keywords/t09_l02g25.md,0,
Au-07_0226,typoglyphs/09_glyphs/t09_l02g26.png,keywords/09_keywords/t09_l02g26.md,0,
Au-07_0227,typoglyphs/09_glyphs/t09_l02g27.png,keywords/09_keywords/t09_l02g27.md,0,
Au-07_0228,typoglyphs/09_glyphs/t09_l02g28.png,keywords/09_keywords/t09_l02g28.md,0,
Au-07_0229,typoglyphs/09_glyphs/t09_l02g29.png,keywords/09_keywords/t09_l02g29.md,0,
Au-07_0230,typoglyphs/09_glyphs/t09_l02g30.png,keywords/09_keywords/t09_l02g30.md,0,
Au-07_0231,typoglyphs/09_glyphs/t09_l02g31.png,keywords/09_keywords/t09_l02g31.md,0,
Au-07_0232,typoglyphs/09_glyphs/t09_l02g32.png,keywords/09_keywords/t09_l02g32.md,0,
Au-07_0233,typoglyphs/09_glyphs/t09_l02g33.png,keywords/09_keywords/t09_l02g33.md,0,
Au-07_0234,typoglyphs/09_glyphs/t09_l02g34.png,keywords/09_keywords/t09_l02g34.md,0,
Au-07_0235,typoglyphs/09_glyphs/t09_l02g35.png,keywords/09_keywords/t09_l02g35.md,0,
Au-07_0236,typoglyphs/09_glyphs/t09_l02g36.png,keywords/09_keywords/t09_l02g36.md,0,
Au-07_0237,typoglyphs/09_glyphs/t09_l02g37.png,keywords/09_keywords/t09_l02g37.md,0,
Au-07_0238,typoglyphs/09_glyphs/t09_l02g38.png,keywords/09_keywords/t09_l02g38.md,0,
Au-07_0239,typoglyphs/09_glyphs/t09_l02g39.png,keywords/09_keywords/t09_l02g39.md,0,
Au-07_0240,typoglyphs/09_glyphs/t09_l02g40.png,keywords/09_keywords/t09_l02g40.md,0,
Au-07_0241,typoglyphs/09_glyphs/t09_l02g41.png,keywords/09_keywords/t09_l02g41.md,0,
Au-07_0242,typoglyphs/09_glyphs/t09_l02g42.png,keywords/09_keywords/t09_l02g42.md,0,
Au-07_0243,typoglyphs/09_glyphs/t09_l02g43.png,keywords/09_keywords/t09_l02g43.md,0,
Au-07_0301,typoglyphs/09_glyphs/t09_l03g01.png,keywords/09_keywords/t09_l03g01.md,0,
Au-07_0302,typoglyphs/09_glyphs/t09_l03g02.png,keywords/09_keywords/t09_l03g02.md,0,
Au-07_0303,typoglyphs/09_glyphs/t09_l03g03.png,keywords/09_keywords/t09_l03g03.md,0,
Au-07_0304,typoglyphs/09_glyphs/t09_l03g04.png,keywords/09_keywords/t09_l03g04.md,0,
Au-07_0305,typoglyphs/09_glyphs/t09_l03g05.png,keywords/09_keywords/t09_l03g05.md,0,
Au-07_0306,typoglyphs/09_glyphs/t09_l03g06.png,keywords/09_keywords/t09_l03g06.md,0,
Au-07_0307,typoglyphs/09_glyphs/t09_l03g07.png,keywords/09_keywords/t09_l03g07.md,1,descriptions/09_descriptions/t09_l03g07.md
Au-07_0308,typoglyphs/09_glyphs/t09_l03g08.png,keywords/09_keywords/t09_l03g08.md,0,
Au-07_0309,typoglyphs/09_glyphs/t09_l03g09.png,keywords/09_keywords/t09_l03g09.md,0,
Au-07_0310,typoglyphs/09_glyphs/t09_l03g10.png,keywords/09_keywords/t09_l03g10.md,0,
Au-07_0311,typoglyphs/09_glyphs/t09_l03g11.png,keywords/09_keywords/t09_l03g11.md,0,
Au-07_0312,typoglyphs/09_glyphs/t09_l03g12.png,keywords/09_keywords/t09_l03g12.md,0,
Au-07_0313,typoglyphs/09_glyphs/t09_l03g13.png,keywords/09_keywords/t09_l03g13.md,0,
Au-07_0314,typoglyphs/09_glyphs/t09_l03g14.png,keywords/09_keywords/t09_l03g14.md,0,
Au-07_0315,typoglyphs/09_glyphs/t09_l03g15.png,keywords/09_keywords/t09_l03g15.md,0,
Au-07_0316,typoglyphs/09_glyphs/t09_l03g16.png,keywords/09_keywords/t09_l03g16.md,0,
Au-08_0101,typoglyphs/10_glyphs/t10_l01g01.png,keywords/10_keywords/t10_l01g01.md,0,
Au-08_0102,typoglyphs/10_glyphs/t10_l01g02.png,keywords/10_keywords/t10_l01g02.md,0,
Au-08_0103,typoglyphs/10_glyphs/t10_l01g03.png,keywords/10_keywords/t10_l01g03.md,0,
Au-08_0104,typoglyphs/10_glyphs/t10_l01g04.png,keywords/10_keywords/t10_l01g04.md,0,
Au-08_0105,typoglyphs/10_glyphs/t10_l01g05.png,keywords/10_keywords/t10_l01g05.md,0,
Au-08_0106,typoglyphs/10_glyphs/t10_l01g06.png,keywords/10_keywords/t10_l01g06.md,0,
Au-08_0107,typoglyphs/10_glyphs/t10_l01g07.png,keywords/10_keywords/t10_l01g07.md,0,
Au-08_0108,typoglyphs/10_glyphs/t10_l01g08.png,keywords/10_keywords/t10_l01g08.md,0,
Au-08_0109,typoglyphs/10_glyphs/t10_l01g09.png,keywords/10_keywords/t10_l01g09.md,0,
Au-08_0110,typoglyphs/10_glyphs/t10_l01g10.png,keywords/10_keywords/t10_l01g10.md,0,
Au-08_0111,typoglyphs/10_glyphs/t10_l01g11.png,keywords/10_keywords/t10_l01g11.md,0,
Au-08_0112,typoglyphs/10_glyphs/t10_l01g12.png,keywords/10_keywords/t10_l01g12.md,0,
Au-08_0113,typoglyphs/10_glyphs/t10_l01g13.png,keywords/10_keywords/t10_l01g13.md,0,
Au-08_0114,typoglyphs/10_glyphs/t10_l01g14.png,keywords/10_keywords/t10_l01g14.md,0,
Au-08_0115,typoglyphs/10_glyphs/t10_l01g15.png,keywords/10_keywords/t10_l01g15.md,0,
Au-08_0116,typoglyphs/10_glyphs/t10_l01g16.png,keywords/10_keywords/t10_l01g16.md,0,
Au-08_0117,typoglyphs/10_glyphs/t10_l01g17.png,keywords/10_keywords/t10_l01g17.md,0,
Au-08_0118,typoglyphs/10_glyphs/t10_l01g18.png,keywords/10_keywords/t10_l01g18.md,0,
Au-08_0119,typoglyphs/10_glyphs/t10_l01g19.png,keywords/10_keywords/t10_l01g19.md,0,
Au-08_0120,typoglyphs/10_glyphs/t10_l01g20.png,keywords/10_keywords/t10_l01g20.md,0,
Au-08_0121,typoglyphs/10_glyphs/t10_l01g21.png,keywords/10_keywords/t10_l01g21.md,0,
Au-08_0122,typoglyphs/10_glyphs/t10_l01g22.png,keywords/10_keywords/t10_l01g22.md,0,
Au-08_0123,typoglyphs/10_glyphs/t10_l01g23.png,keywords/10_keywords/t10_l01g23.md,0,
Au-08_0124,typoglyphs/10_glyphs/t10_l01g24.png,keywords/10_keywords/t10_l01g24.md,0,
Au-08_0125,typoglyphs/10_glyphs/t10_l01g25.png,keywords/10_keywords/t10_l01g25.md,0,
Au-08_0126,typoglyphs/10_glyphs/t10_l01g26.png,keywords/10_keywords/t10_l01g26.md,0,
Au-08_0201,typoglyphs/10_glyphs/t10_l02g01.png,keywords/10_keywords/t10_l02g01.md,0,
Au-08_0202,typoglyphs/10_glyphs/t10_l02g02.png,keywords/10_keywords/t10_l02g02.md,0,
Au-08_0203,typoglyphs/10_glyphs/t10_l02g03.png,keywords/10_keywords/t10_l02g03.md,0,
Au-08_0204,typoglyphs/10_glyphs/t10_l02g04.png,keywords/10_keywords/t10_l02g04.md,0,
Au-08_0205,typoglyphs/10_glyphs/t10_l02g05.png,keywords/10_keywords/t10_l02g05.md,0,
Au-08_0206,typoglyphs/10_glyphs/t10_l02g06.png,keywords/10_keywords/t10_l02g06.md,0,
Au-08_0207,typoglyphs/10_glyphs/t10_l02g07.png,keywords/10_keywords/t10_l02g07.md,0,
Au-08_0208,typoglyphs/10_glyphs/t10_l02g08.png,keywords/10_keywords/t10_l02g08.md,0,
Au-08_0209,typoglyphs/10_glyphs/t10_l02g09.png,keywords/10_keywords/t10_l02g09.md,0,
Au-08_0210,typoglyphs/10_glyphs/t10_l02g10.png,keywords/10_keywords/t10_l02g10.md,0,
Au-08_0211,typoglyphs/10_glyphs/t10_l02g11.png,keywords/10_keywords/t10_l02g11.md,0,
Au-08_0212,typoglyphs/10_glyphs/t10_l02g12.png,keywords/10_keywords/t10_l02g12.md,0,
Au-08_0213,typoglyphs/10_glyphs/t10_l02g13.png,keywords/10_keywords/t10_l02g13.md,0,
Au-08_0214,typoglyphs/10_glyphs/t10_l02g14.png,keywords/10_keywords/t10_l02g14.md,0,
Au-08_0215,typoglyphs/10_glyphs/t10_l02g15.png,keywords/10_keywords/t10_l02g15.md,0,
Au-08_0216,typoglyphs/10_glyphs/t10_l02g16.png,keywords/10_keywords/t10_l02g16.md,0,
Au-08_0217,typoglyphs/10_glyphs/t10_l02g17.png,keywords/10_keywords/t10_l02g17.md,0,
Au-08_0218,typoglyphs/10_glyphs/t10_l02g18.png,keywords/10_keywords/t10_l02g18.md,0,
Au-08_0219,typoglyphs/10_glyphs/t10_l02g19.png,keywords/10_keywords/t10_l02g19.md,0,
Au-08_0220,typoglyphs/10_glyphs/t10_l02g20.png,keywords/10_keywords/t10_l02g20.md,0,
Au-08_0221,typoglyphs/10_glyphs/t10_l02g21.png,keywords/10_keywords/t10_l02g21.md,0,
Au-08_0222,typoglyphs/10_glyphs/t10_l02g22.png,keywords/10_keywords/t10_l02g22.md,0,
Au-08_0223,typoglyphs/10_glyphs/t10_l02g23.png,keywords/10_keywords/t10_l02g23.md,0,
Au-08_0224,typoglyphs/10_glyphs/t10_l02g24.png,keywords/10_keywords/t10_l02g24.md,0,
Au-08_0225,typoglyphs/10_glyphs/t10_l02g25.png,keywords/10_keywords/t10_l02g25.md,0,
Au-08_0226,typoglyphs/10_glyphs/t10_l02g26.png,keywords/10_keywords/t10_l02g26.md,0,
Au-08_0227,typoglyphs/10_glyphs/t10_l02g27.png,keywords/10_keywords/t10_l02g27.md,0,
Au-08_0228,typoglyphs/10_glyphs/t10_l02g28.png,keywords/10_keywords/t10_l02g28.md,0,
Au-08_0229,typoglyphs/10_glyphs/t10_l02g29.png,keywords/10_keywords/t10_l02g29.md,0,
Au-08_0230,typoglyphs/10_glyphs/t10_l02g30.png,keywords/10_keywords/t10_l02g30.md,0,
Au-08_0231,typoglyphs/10_glyphs/t10_l02g31.png,keywords/10_keywords/t10_l02g31.md,0,
Au-08_0232,typoglyphs/10_glyphs/t10_l02g32.png,keywords/10_keywords/t10_l02g32.md,0,
Au-08_0233,typoglyphs/10_glyphs/t10_l02g33.png,keywords/10_keywords/t10_l02g33.md,0,
Au-08_0234,typoglyphs/10_glyphs/t10_l02g34.png,keywords/10_keywords/t10_l02g34.md,0,
Au-08_0235,typoglyphs/10_glyphs/t10_l02g35.png,keywords/10_keywords/t10_l02g35.md,0,
Au-08_0236,typoglyphs/10_glyphs/t10_l02g36.png,keywords/10_keywords/t10_l02g36.md,0,
Au-08_0237,typoglyphs/10_glyphs/t10_l02g37.png,keywords/10_keywords/t10_l02g37.md,0,
Au-08_0238,typoglyphs/10_glyphs/t10_l02g38.png,keywords/10_keywords/t10_l02g38.md,0,
Au-08_0239,typoglyphs/10_glyphs/t10_l02g39.png,keywords/10_keywords/t10_l02g39.md,0,
Au-08_0240,typoglyphs/10_glyphs/t10_l02g40.png,keywords/10_keywords/t10_l02g40.md,0,
Au-08_0241,typoglyphs/10_glyphs/t10_l02g41.png,keywords/10_keywords/t10_l02g41.md,0,
Au-08_0242,typoglyphs/10_glyphs/t10_l02g42.png,keywords/10_keywords/t10_l02g42.md,0,
Au-08_0243,typoglyphs/10_glyphs/t10_l02g43.png,keywords/10_keywords/t10_l02g43.md,0,
Au-08_0244,typoglyphs/10_glyphs/t10_l02g44.png,keywords/10_keywords/t10_l02g44.md,0,
Au-08_0301,typoglyphs/10_glyphs/t10_l03g01.png,keywords/10_keywords/t10_l03g01.md,0,
Au-08_0302,typoglyphs/10_glyphs/t10_l03g02.png,keywords/10_keywords/t10_l03g02.md,0,
Au-08_0303,typoglyphs/10_glyphs/t10_l03g03.png,keywords/10_keywords/t10_l03g03.md,0,
Au-08_0304,typoglyphs/10_glyphs/t10_l03g04.png,keywords/10_keywords/t10_l03g04.md,0,
Au-08_0305,typoglyphs/10_glyphs/t10_l03g05.png,keywords/10_keywords/t10_l03g05.md,0,
Au-08_0306,typoglyphs/10_glyphs/t10_l03g06.png,keywords/10_keywords/t10_l03g06.md,0,
Au-08_0307,typoglyphs/10_glyphs/t10_l03g07.png,keywords/10_keywords/t10_l03g07.md,0,
Au-08_0308,typoglyphs/10_glyphs/t10_l03g08.png,keywords/10_keywords/t10_l03g08.md,0,
Au-08_0309,typoglyphs/10_glyphs/t10_l03g09.png,keywords/10_keywords/t10_l03g09.md,0,
Au-08_0310,typoglyphs/10_glyphs/t10_l03g10.png,keywords/10_keywords/t10_l03g10.md,0,
Au-08_0311,typoglyphs/10_glyphs/t10_l03g11.png,keywords/10_keywords/t10_l03g11.md,0,
Au-08_0312,typoglyphs/10_glyphs/t10_l03g12.png,keywords/10_keywords/t10_l03g12.md,0,
Au-08_0313,typoglyphs/10_glyphs/t10_l03g13.png,keywords/10_keywords/t10_l03g13.md,0,
Au-08_0314,typoglyphs/10_glyphs/t10_l03g14.png,keywords/10_keywords/t10_l03g14.md,0,
Au-08_0315,typoglyphs/10_glyphs/t10_l03g15.png,keywords/10_keywords/t10_l03g15.md,0,
Au-08_0316,typoglyphs/10_glyphs/t10_l03g16.png,keywords/10_keywords/t10_l03g16.md,0,
Au-08_0317,typoglyphs/10_glyphs/t10_l03g17.png,keywords/10_keywords/t10_l03g17.md,0,
Au-08_0318,typoglyphs/10_glyphs/t10_l03g18.png,keywords/10_keywords/t10_l03g18.md,0,
Au-08_0319,typoglyphs/10_glyphs/t10_l03g19.png,keywords/10_keywords/t10_l03g19.md,0,
Au-08_0320,typoglyphs/10_glyphs/t10_l03g20.png,keywords/10_keywords/t10_l03g20.md,0,
Au-08_0321,typoglyphs/10_glyphs/t10_l03g21.png,keywords/10_keywords/t10_l03g21.md,0,
Au-08_0322,typoglyphs/10_glyphs/t10_l03g22.png,keywords/10_keywords/t10_l03g22.md,0,
Au-08_0323,typoglyphs/10_glyphs/t10_l03g23.png,keywords/10_keywords/t10_l03g23.md,1,descriptions/10_descriptions/t10_l03g23.md
Au-08_0324,typoglyphs/10_glyphs/t10_l03g24.png,keywords/10_keywords/t10_l03g24.md,0,
Au-08_0325,typoglyphs/10_glyphs/t10_l03g25.png,keywords/10_keywords/t10_l03g25.md,0,
Au-08_0326,typoglyphs/10_glyphs/t10_l03g26.png,keywords/10_keywords/t10_l03g26.md,0,
Au-08_0327,typoglyphs/10_glyphs/t10_l03g27.png,keywords/10_keywords/t10_l03g27.md,0,
Au-08_0328,typoglyphs/10_glyphs/t10_l03g28.png,keywords/10_keywords/t10_l03g28.md,0,
Au-08_0329,typoglyphs/10_glyphs/t10_l03g29.png,keywords/10_keywords/t10_l03g29.md,0,
Au-08_0330,typoglyphs/10_glyphs/t10_l03g30.png,keywords/10_keywords/t10_l03g30.md,0,
Au-08_0331,typoglyphs/10_glyphs/t10_l03g31.png,keywords/10_keywords/t10_l03g31.md,0,
Au-08_0332,typoglyphs/10_glyphs/t10_l03g32.png,keywords/10_keywords/t10_l03g32.md,0,
Au-08_0333,typoglyphs/10_glyphs/t10_l03g33.png,keywords/10_keywords/t10_l03g33.md,0,
Au-08_0334,typoglyphs/10_glyphs/t10_l03g34.png,keywords/10_keywords/t10_l03g34.md,0,
Au-09_0101,typoglyphs/11_glyphs/t11_l01g01.png,keywords/11_keywords/t11_l01g01.md,0,
Au-09_0102,typoglyphs/11_glyphs/t11_l01g02.png,keywords/11_keywords/t11_l01g02.md,0,
Au-09_0103,typoglyphs/11_glyphs/t11_l01g03.png,keywords/11_keywords/t11_l01g03.md,0,
Au-09_0104,typoglyphs/11_glyphs/t11_l01g04.png,keywords/11_keywords/t11_l01g04.md,0,
Au-09_0105,typoglyphs/11_glyphs/t11_l01g05.png,keywords/11_keywords/t11_l01g05.md,0,
Au-09_0106,typoglyphs/11_glyphs/t11_l01g06.png,keywords/11_keywords/t11_l01g06.md,0,
Au-09_0107,typoglyphs/11_glyphs/t11_l01g07.png,keywords/11_keywords/t11_l01g07.md,0,
Au-09_0108,typoglyphs/11_glyphs/t11_l01g08.png,keywords/11_keywords/t11_l01g08.md,0,
Au-09_0109,typoglyphs/11_glyphs/t11_l01g09.png,keywords/11_keywords/t11_l01g09.md,0,
Au-09_0110,typoglyphs/11_glyphs/t11_l01g10.png,keywords/11_keywords/t11_l01g10.md,0,
Au-09_0111,typoglyphs/11_glyphs/t11_l01g11.png,keywords/11_keywords/t11_l01g11.md,0,
Au-09_0112,typoglyphs/11_glyphs/t11_l01g12.png,keywords/11_keywords/t11_l01g12.md,0,
Au-09_0113,typoglyphs/11_glyphs/t11_l01g13.png,keywords/11_keywords/t11_l01g13.md,0,
Au-09_0114,typoglyphs/11_glyphs/t11_l01g14.png,keywords/11_keywords/t11_l01g14.md,0,
Au-09_0115,typoglyphs/11_glyphs/t11_l01g15.png,keywords/11_keywords/t11_l01g15.md,0,
Au-09_0116,typoglyphs/11_glyphs/t11_l01g16.png,keywords/11_keywords/t11_l01g16.md,0,
Au-09_0117,typoglyphs/11_glyphs/t11_l01g17.png,keywords/11_keywords/t11_l01g17.md,0,
Au-09_0201,typoglyphs/11_glyphs/t11_l02g01.png,keywords/11_keywords/t11_l02g01.md,0,
Au-09_0202,typoglyphs/11_glyphs/t11_l02g02.png,keywords/11_keywords/t11_l02g02.md,0,
Au-09_0203,typoglyphs/11_glyphs/t11_l02g03.png,keywords/11_keywords/t11_l02g03.md,0,
Au-09_0204,typoglyphs/11_glyphs/t11_l02g04.png,keywords/11_keywords/t11_l02g04.md,0,
Au-09_0205,typoglyphs/11_glyphs/t11_l02g05.png,keywords/11_keywords/t11_l02g05.md,0,
Au-09_0206,typoglyphs/11_glyphs/t11_l02g06.png,keywords/11_keywords/t11_l02g06.md,0,
Au-09_0207,typoglyphs/11_glyphs/t11_l02g07.png,keywords/11_keywords/t11_l02g07.md,0,
Au-09_0208,typoglyphs/11_glyphs/t11_l02g08.png,keywords/11_keywords/t11_l02g08.md,0,
Au-09_0209,typoglyphs/11_glyphs/t11_l02g09.png,keywords/11_keywords/t11_l02g09.md,0,
Au-09_0210,typoglyphs/11_glyphs/t11_l02g10.png,keywords/11_keywords/t11_l02g10.md,0,
Au-09_0211,typoglyphs/11_glyphs/t11_l02g11.png,keywords/11_keywords/t11_l02g11.md,0,
Au-09_0212,typoglyphs/11_glyphs/t11_l02g12.png,keywords/11_keywords/t11_l02g12.md,0,
Au-10_0101,typoglyphs/12_glyphs/t12_l01g01.png,keywords/12_keywords/t12_l01g01.md,0,
Au-10_0102,typoglyphs/12_glyphs/t12_l01g02.png,keywords/12_keywords/t12_l01g02.md,0,
Au-10_0103,typoglyphs/12_glyphs/t12_l01g03.png,keywords/12_keywords/t12_l01g03.md,0,
Au-10_0104,typoglyphs/12_glyphs/t12_l01g04.png,keywords/12_keywords/t12_l01g04.md,0,
Au-10_0105,typoglyphs/12_glyphs/t12_l01g05.png,keywords/12_keywords/t12_l01g05.md,0,
Au-10_0106,typoglyphs/12_glyphs/t12_l01g06.png,keywords/12_keywords/t12_l01g06.md,0,
Au-10_0107,typoglyphs/12_glyphs/t12_l01g07.png,keywords/12_keywords/t12_l01g07.md,0,
Au-10_0108,typoglyphs/12_glyphs/t12_l01g08.png,keywords/12_keywords/t12_l01g08.md,0,
Au-10_0109,typoglyphs/12_glyphs/t12_l01g09.png,keywords/12_keywords/t12_l01g09.md,0,
Au-10_0110,typoglyphs/12_glyphs/t12_l01g10.png,keywords/12_keywords/t12_l01g10.md,0,
Au-10_0111,typoglyphs/12_glyphs/t12_l01g11.png,keywords/12_keywords/t12_l01g11.md,0,
Au-10_0112,typoglyphs/12_glyphs/t12_l01g12.png,keywords/12_keywords/t12_l01g12.md,0,
Au-10_0113,typoglyphs/12_glyphs/t12_l01g13.png,keywords/12_keywords/t12_l01g13.md,0,
Au-10_0114,typoglyphs/12_glyphs/t12_l01g14.png,keywords/12_keywords/t12_l01g14.md,0,
Au-10_0115,typoglyphs/12_glyphs/t12_l01g15.png,keywords/12_keywords/t12_l01g15.md,0,
Au-11_0101,typoglyphs/13_glyphs/t13_l01g01.png,keywords/13_keywords/t13_l01g01.md,0,
Au-11_0102,typoglyphs/13_glyphs/t13_l01g02.png,keywords/13_keywords/t13_l01g02.md,0,
Au-11_0103,typoglyphs/13_glyphs/t13_l01g03.png,keywords/13_keywords/t13_l01g03.md,0,
Au-11_0104,typoglyphs/13_glyphs/t13_l01g04.png,keywords/13_keywords/t13_l01g04.md,0,
Au-11_0105,typoglyphs/13_glyphs/t13_l01g05.png,keywords/13_keywords/t13_l01g05.md,0,
Au-11_0106,typoglyphs/13_glyphs/t13_l01g06.png,keywords/13_keywords/t13_l01g06.md,0,
Au-11_0107,typoglyphs/13_glyphs/t13_l01g07.png,keywords/13_keywords/t13_l01g07.md,0,
Au-11_0108,typoglyphs/13_glyphs/t13_l01g08.png,keywords/13_keywords/t13_l01g08.md,0,
Au-11_0109,typoglyphs/13_glyphs/t13_l01g09.png,keywords/13_keywords/t13_l01g09.md,0,
Au-11_0110,typoglyphs/13_glyphs/t13_l01g10.png,keywords/13_keywords/t13_l01g10.md,0,
Au-11_0111,typoglyphs/13_glyphs/t13_l01g11.png,keywords/13_keywords/t13_l01g11.md,0,
Au-11_0112,typoglyphs/13_glyphs/t13_l01g12.png,keywords/13_keywords/t13_l01g12.md,0,
Au-11_0113,typoglyphs/13_glyphs/t13_l01g13.png,keywords/13_keywords/t13_l01g13.md,0,
Au-11_0114,typoglyphs/13_glyphs/t13_l01g14.png,keywords/13_keywords/t13_l01g14.md,0,
Au-11_0115,typoglyphs/13_glyphs/t13_l01g15.png,keywords/13_keywords/t13_l01g15.md,0,
Au-11_0116,typoglyphs/13_glyphs/t13_l01g16.png,keywords/13_keywords/t13_l01g16.md,0,
Au-11_0117,typoglyphs/13_glyphs/t13_l01g17.png,keywords/13_keywords/t13_l01g17.md,0,
Au-11_0118,typoglyphs/13_glyphs/t13_l01g18.png,keywords/13_keywords/t13_l01g18.md,0,
Au-11_0119,typoglyphs/13_glyphs/t13_l01g19.png,keywords/13_keywords/t13_l01g19.md,0,
Au-11_0120,typoglyphs/13_glyphs/t13_l01g20.png,keywords/13_keywords/t13_l01g20.md,0,
Au-11_0121,typoglyphs/13_glyphs/t13_l01g21.png,keywords/13_keywords/t13_l01g21.md,0,
Au-11_0122,typoglyphs/13_glyphs/t13_l01g22.png,keywords/13_keywords/t13_l01g22.md,0,
Au-11_0123,typoglyphs/13_glyphs/t13_l01g23.png,keywords/13_keywords/t13_l01g23.md,0,
Au-11_0124,typoglyphs/13_glyphs/t13_l01g24.png,keywords/13_keywords/t13_l01g24.md,0,
Au-11_0125,typoglyphs/13_glyphs/t13_l01g25.png,keywords/13_keywords/t13_l01g25.md,0,
Au-11_0126,typoglyphs/13_glyphs/t13_l01g26.png,keywords/13_keywords/t13_l01g26.md,0,
Au-11_0127,typoglyphs/13_glyphs/t13_l01g27.png,keywords/13_keywords/t13_l01g27.md,0,
Au-11_0201,typoglyphs/13_glyphs/t13_l02g01.png,keywords/13_keywords/t13_l02g01.md,0,
Au-11_0202,typoglyphs/13_glyphs/t13_l02g02.png,keywords/13_keywords/t13_l02g02.md,0,
Au-11_0203,typoglyphs/13_glyphs/t13_l02g03.png,keywords/13_keywords/t13_l02g03.md,0,
Au-11_0204,typoglyphs/13_glyphs/t13_l02g04.png,keywords/13_keywords/t13_l02g04.md,0,
Au-11_0205,typoglyphs/13_glyphs/t13_l02g05.png,keywords/13_keywords/t13_l02g05.md,0,
Au-12_0101,typoglyphs/14_glyphs/t14_l01g01.png,keywords/14_keywords/t14_l01g01.md,0,
Au-12_0102,typoglyphs/14_glyphs/t14_l01g02.png,keywords/14_keywords/t14_l01g02.md,0,
Au-12_0103,typoglyphs/14_glyphs/t14_l01g03.png,keywords/14_keywords/t14_l01g03.md,0,
Au-12_0104,typoglyphs/14_glyphs/t14_l01g04.png,keywords/14_keywords/t14_l01g04.md,0,
Au-12_0105,typoglyphs/14_glyphs/t14_l01g05.png,keywords/14_keywords/t14_l01g05.md,0,
Au-12_0106,typoglyphs/14_glyphs/t14_l01g06.png,keywords/14_keywords/t14_l01g06.md,0,
Au-12_0107,typoglyphs/14_glyphs/t14_l01g07.png,keywords/14_keywords/t14_l01g07.md,0,
Au-12_0108,typoglyphs/14_glyphs/t14_l01g08.png,keywords/14_keywords/t14_l01g08.md,0,
Au-12_0109,typoglyphs/14_glyphs/t14_l01g09.png,keywords/14_keywords/t14_l01g09.md,0,
Au-12_0110,typoglyphs/14_glyphs/t14_l01g10.png,keywords/14_keywords/t14_l01g10.md,0,
Au-12_0111,typoglyphs/14_glyphs/t14_l01g11.png,keywords/14_keywords/t14_l01g11.md,0,
Au-12_0112,typoglyphs/14_glyphs/t14_l01g12.png,keywords/14_keywords/t14_l01g12.md,0,
Au-12_0113,typoglyphs/14_glyphs/t14_l01g13.png,keywords/14_keywords/t14_l01g13.md,0,
Au-12_0114,typoglyphs/14_glyphs/t14_l01g14.png,keywords/14_keywords/t14_l01g14.md,0,
Au-12_0115,typoglyphs/14_glyphs/t14_l01g15.png,keywords/14_keywords/t14_l01g15.md,0,
Au-12_0116,typoglyphs/14_glyphs/t14_l01g16.png,keywords/14_keywords/t14_l01g16.md,0,
Au-12_0117,typoglyphs/14_glyphs/t14_l01g17.png,keywords/14_keywords/t14_l01g17.md,0,
Au-12_0118,typoglyphs/14_glyphs/t14_l01g18.png,keywords/14_keywords/t14_l01g18.md,0,
Au-12_0119,typoglyphs/14_glyphs/t14_l01g19.png,keywords/14_keywords/t14_l01g19.md,0,
Au-12_0120,typoglyphs/14_glyphs/t14_l01g20.png,keywords/14_keywords/t14_l01g20.md,0,
Au-12_0121,typoglyphs/14_glyphs/t14_l01g21.png,keywords/14_keywords/t14_l01g21.md,0,
Au-12_0122,typoglyphs/14_glyphs/t14_l01g22.png,keywords/14_keywords/t14_l01g22.md,0,
Au-13_0101,typoglyphs/15_glyphs/t15_l01g01.png,keywords/15_keywords/t15_l01g01.md,0,
Au-13_0102,typoglyphs/15_glyphs/t15_l01g02.png,keywords/15_keywords/t15_l01g02.md,0,
Au-13_0103,typoglyphs/15_glyphs/t15_l01g03.png,keywords/15_keywords/t15_l01g03.md,0,
Au-13_0104,typoglyphs/15_glyphs/t15_l01g04.png,keywords/15_keywords/t15_l01g04.md,0,
Au-13_0105,typoglyphs/15_glyphs/t15_l01g05.png,keywords/15_keywords/t15_l01g05.md,0,
Au-13_0106,typoglyphs/15_glyphs/t15_l01g06.png,keywords/15_keywords/t15_l01g06.md,0,
Au-13_0107,typoglyphs/15_glyphs/t15_l01g07.png,keywords/15_keywords/t15_l01g07.md,0,
Au-13_0108,typoglyphs/15_glyphs/t15_l01g08.png,keywords/15_keywords/t15_l01g08.md,0,
Au-13_0109,typoglyphs/15_glyphs/t15_l01g09.png,keywords/15_keywords/t15_l01g09.md,0,
Au-13_0110,typoglyphs/15_glyphs/t15_l01g10.png,keywords/15_keywords/t15_l01g10.md,0,
Au-13_0111,typoglyphs/15_glyphs/t15_l01g11.png,keywords/15_keywords/t15_l01g11.md,0,
Au-13_0112,typoglyphs/15_glyphs/t15_l01g12.png,keywords/15_keywords/t15_l01g12.md,0,
Au-13_0113,typoglyphs/15_glyphs/t15_l01g13.png,keywords/15_keywords/t15_l01g13.md,0,
Au-13_0201,typoglyphs/15_glyphs/t15_l02g01.png,keywords/15_keywords/t15_l02g01.md,0,
Au-13_0202,typoglyphs/15_glyphs/t15_l02g02.png,keywords/15_keywords/t15_l02g02.md,0,
Au-13_0203,typoglyphs/15_glyphs/t15_l02g03.png,keywords/15_keywords/t15_l02g03.md,0,
Au-13_0204,typoglyphs/15_glyphs/t15_l02g04.png,keywords/15_keywords/t15_l02g04.md,0,
Au-13_0205,typoglyphs/15_glyphs/t15_l02g05.png,keywords/15_keywords/t15_l02g05.md,0,
Au-13_0206,typoglyphs/15_glyphs/t15_l02g06.png,keywords/15_keywords/t15_l02g06.md,0,
Au-13_0207,typoglyphs/15_glyphs/t15_l02g07.png,keywords/15_keywords/t15_l02g07.md,0,
Au-13_0208,typoglyphs/15_glyphs/t15_l02g08.png,keywords/15_keywords/t15_l02g08.md,0,
Au-13_0209,typoglyphs/15_glyphs/t15_l02g09.png,keywords/15_keywords/t15_l02g09.md,0,
Au-13_0210,typoglyphs/15_glyphs/t15_l02g10.png,keywords/15_keywords/t15_l02g10.md,0,
Au-13_0211,typoglyphs/15_glyphs/t15_l02g11.png,keywords/15_keywords/t15_l02g11.md,0,
Au-13_0212,typoglyphs/15_glyphs/t15_l02g12.png,keywords/15_keywords/t15_l02g12.md,0,
Au-13_0213,typoglyphs/15_glyphs/t15_l02g13.png,keywords/15_keywords/t15_l02g13.md,0,
Au-13_0214,typoglyphs/15_glyphs/t15_l02g14.png,keywords/15_keywords/t15_l02g14.md,0,
Au-13_0215,typoglyphs/15_glyphs/t15_l02g15.png,keywords/15_keywords/t15_l02g15.md,0,
Au-13_0216,typoglyphs/15_glyphs/t15_l02g16.png,keywords/15_keywords/t15_l02g16.md,0,
Au-13_0217,typoglyphs/15_glyphs/t15_l02g17.png,keywords/15_keywords/t15_l02g17.md,0,
Au-13_0218,typoglyphs/15_glyphs/t15_l02g18.png,keywords/15_keywords/t15_l02g18.md,0,
Au-13_0219,typoglyphs/15_glyphs/t15_l02g19.png,keywords/15_keywords/t15_l02g19.md,0,
Au-13_0220,typoglyphs/15_glyphs/t15_l02g20.png,keywords/15_keywords/t15_l02g20.md,0,
Au-13_0221,typoglyphs/15_glyphs/t15_l02g21.png,keywords/15_keywords/t15_l02g21.md,0,
Au-13_0222,typoglyphs/15_glyphs/t15_l02g22.png,keywords/15_keywords/t15_l02g22.md,0,
Au-13_0223,typoglyphs/15_glyphs/t15_l02g23.png,keywords/15_keywords/t15_l02g23.md,0,
Au-13_0224,typoglyphs/15_glyphs/t15_l02g24.png,keywords/15_keywords/t15_l02g24.md,0,
Au-13_0225,typoglyphs/15_glyphs/t15_l02g25.png,keywords/15_keywords/t15_l02g25.md,0,
Au-13_0226,typoglyphs/15_glyphs/t15_l02g26.png,keywords/15_keywords/t15_l02g26.md,0,
Au-13_0227,typoglyphs/15_glyphs/t15_l02g27.png,keywords/15_keywords/t15_l02g27.md,0,
Au-13_0228,typoglyphs/15_glyphs/t15_l02g28.png,keywords/15_keywords/t15_l02g28.md,0,
Au-13_0229,typoglyphs/15_glyphs/t15_l02g29.png,keywords/15_keywords/t15_l02g29.md,0,
Au-13_0230,typoglyphs/15_glyphs/t15_l02g30.png,keywords/15_keywords/t15_l02g30.md,0,
Au-13_0231,typoglyphs/15_glyphs/t15_l02g31.png,keywords/15_keywords/t15_l02g31.md,0,
Au-13_0232,typoglyphs/15_glyphs/t15_l02g32.png,keywords/15_keywords/t15_l02g32.md,0,
Au-13_0233,typoglyphs/15_glyphs/t15_l02g33.png,keywords/15_keywords/t15_l02g33.md,0,
Au-13_0301,typoglyphs/15_glyphs/t15_l03g01.png,keywords/15_keywords/t15_l03g01.md,0,
Au-13_0302,typoglyphs/15_glyphs/t15_l03g02.png,keywords/15_keywords/t15_l03g02.md,0,
Au-13_0303,typoglyphs/15_glyphs/t15_l03g03.png,keywords/15_keywords/t15_l03g03.md,1,descriptions/15_descriptions/t15_l03g03.md
Au-13_0304,typoglyphs/15_glyphs/t15_l03g04.png,keywords/15_keywords/t15_l03g04.md,0,
Au-13_0305,typoglyphs/15_glyphs/t15_l03g05.png,keywords/15_keywords/t15_l03g05.md,0,
Au-13_0306,typoglyphs/15_glyphs/t15_l03g06.png,keywords/15_keywords/t15_l03g06.md,0,
Au-13_0307,typoglyphs/15_glyphs/t15_l03g07.png,keywords/15_keywords/t15_l03g07.md,0,
Au-13_0308,typoglyphs/15_glyphs/t15_l03g08.png,keywords/15_keywords/t15_l03g08.md,0,
Au-13_0309,typoglyphs/15_glyphs/t15_l03g09.png,keywords/15_keywords/t15_l03g09.md,0,
Au-14_0101,typoglyphs/16_glyphs/t16_l01g01.png,keywords/16_keywords/t16_l01g01.md,0,
Au-14_0102,typoglyphs/16_glyphs/t16_l01g02.png,keywords/16_keywords/t16_l01g02.md,0,
Au-14_0103,typoglyphs/16_glyphs/t16_l01g03.png,keywords/16_keywords/t16_l01g03.md,0,
Au-14_0104,typoglyphs/16_glyphs/t16_l01g04.png,keywords/16_keywords/t16_l01g04.md,0,
Au-14_0105,typoglyphs/16_glyphs/t16_l01g05.png,keywords/16_keywords/t16_l01g05.md,0,
Au-14_0106,typoglyphs/16_glyphs/t16_l01g06.png,keywords/16_keywords/t16_l01g06.md,0,
Au-14_0107,typoglyphs/16_glyphs/t16_l01g07.png,keywords/16_keywords/t16_l01g07.md,0,
Au-14_0108,typoglyphs/16_glyphs/t16_l01g08.png,keywords/16_keywords/t16_l01g08.md,0,
Au-14_0109,typoglyphs/16_glyphs/t16_l01g09.png,keywords/16_keywords/t16_l01g09.md,0,
Au-14_0110,typoglyphs/16_glyphs/t16_l01g10.png,keywords/16_keywords/t16_l01g10.md,0,
Au-14_0111,typoglyphs/16_glyphs/t16_l01g11.png,keywords/16_keywords/t16_l01g11.md,0,
Au-14_0112,typoglyphs/16_glyphs/t16_l01g12.png,keywords/16_keywords/t16_l01g12.md,0,
Au-14_0113,typoglyphs/16_glyphs/t16_l01g13.png,keywords/16_keywords/t16_l01g13.md,0,
Au-14_0114,typoglyphs/16_glyphs/t16_l01g14.png,keywords/16_keywords/t16_l01g14.md,0,
Au-14_0115,typoglyphs/16_glyphs/t16_l01g15.png,keywords/16_keywords/t16_l01g15.md,0,
Au-14_0116,typoglyphs/16_glyphs/t16_l01g16.png,keywords/16_keywords/t16_l01g16.md,0,
Au-14_0117,typoglyphs/16_glyphs/t16_l01g17.png,keywords/16_keywords/t16_l01g17.md,0,
Au-14_0118,typoglyphs/16_glyphs/t16_l01g18.png,keywords/16_keywords/t16_l01g18.md,0,
Au-14_0119,typoglyphs/16_glyphs/t16_l01g19.png,keywords/16_keywords/t16_l01g19.md,0,
Au-14_0201,typoglyphs/16_glyphs/t16_l02g01.png,keywords/16_keywords/t16_l02g01.md,0,
Au-14_0202,typoglyphs/16_glyphs/t16_l02g02.png,keywords/16_keywords/t16_l02g02.md,0,
Au-14_0203,typoglyphs/16_glyphs/t16_l02g03.png,keywords/16_keywords/t16_l02g03.md,0,
Au-14_0204,typoglyphs/16_glyphs/t16_l02g04.png,keywords/16_keywords/t16_l02g04.md,0,
Au-14_0205,typoglyphs/16_glyphs/t16_l02g05.png,keywords/16_keywords/t16_l02g05.md,0,
Au-14_0206,typoglyphs/16_glyphs/t16_l02g06.png,keywords/16_keywords/t16_l02g06.md,0,
Au-14_0207,typoglyphs/16_glyphs/t16_l02g07.png,keywords/16_keywords/t16_l02g07.md,0,
Au-14_0208,typoglyphs/16_glyphs/t16_l02g08.png,keywords/16_keywords/t16_l02g08.md,0,
Au-14_0301,typoglyphs/16_glyphs/t16_l03g01.png,keywords/16_keywords/t16_l03g01.md,0,
Au-14_0302,typoglyphs/16_glyphs/t16_l03g02.png,keywords/16_keywords/t16_l03g02.md,0,
Au-14_0303,typoglyphs/16_glyphs/t16_l03g03.png,keywords/16_keywords/t16_l03g03.md,0,
Au-14_0304,typoglyphs/16_glyphs/t16_l03g04.png,keywords/16_keywords/t16_l03g04.md,0,
Au-14_0305,typoglyphs/16_glyphs/t16_l03g05.png,keywords/16_keywords/t16_l03g05.md,0,
Au-14_0306,typoglyphs/16_glyphs/t16_l03g06.png,keywords/16_keywords/t16_l03g06.md,0,
Au-14_0307,typoglyphs/16_glyphs/t16_l03g07.png,keywords/16_keywords/t16_l03g07.md,0,
Au-14_0308,typoglyphs/16_glyphs/t16_l03g08.png,keywords/16_keywords/t16_l03g08.md,0,
Au-14_0309,typoglyphs/16_glyphs/t16_l03g09.png,keywords/16_keywords/t16_l03g09.md,0,
Au-14_0310,typoglyphs/16_glyphs/t16_l03g10.png,keywords/16_keywords/t16_l03g10.md,0,
Au-14_0311,typoglyphs/16_glyphs/t16_l03g11.png,keywords/16_keywords/t16_l03g11.md,0,
Au-14_0312,typoglyphs/16_glyphs/t16_l03g12.png,keywords/16_keywords/t16_l03g12.md,0,
Au-14_0313,typoglyphs/16_glyphs/t16_l03g13.png,keywords/16_keywords/t16_l03g13.md,0,
Au-14_0314,typoglyphs/16_glyphs/t16_l03g14.png,keywords/16_keywords/t16_l03g14.md,0,
Au-14_0315,typoglyphs/16_glyphs/t16_l03g15.png,keywords/16_keywords/t16_l03g15.md,0,
Au-14_0316,typoglyphs/16_glyphs/t16_l03g16.png,keywords/16_keywords/t16_l03g16.md,0,
Au-14_0317,typoglyphs/16_glyphs/t16_l03g17.png,keywords/16_keywords/t16_l03g17.md,0,
Au-14_0318,typoglyphs/16_glyphs/t16_l03g18.png,keywords/16_keywords/t16_l03g18.md,0,
Au-14_0319,typoglyphs/16_glyphs/t16_l03g19.png,keywords/16_keywords/t16_l03g19.md,0,
Au-14_0320,typoglyphs/16_glyphs/t16_l03g20.png,keywords/16_keywords/t16_l03g20.md,0,
Au-14_0321,typoglyphs/16_glyphs/t16_l03g21.png,keywords/16_keywords/t16_l03g21.md,0,
Au-14_0322,typoglyphs/16_glyphs/t16_l03g22.png,keywords/16_keywords/t16_l03g22.md,0,
Au-14_0323,typoglyphs/16_glyphs/t16_l03g23.png,keywords/16_keywords/t16_l03g23.md,0,
Au-14_0324,typoglyphs/16_glyphs/t16_l03g24.png,keywords/16_keywords/t16_l03g24.md,0,
Au-14_0325,typoglyphs/16_glyphs/t16_l03g25.png,keywords/16_keywords/t16_l03g25.md,0,
Au-14_0326,typoglyphs/16_glyphs/t16_l03g26.png,keywords/16_keywords/t16_l03g26.md,0,
Au-14_0327,typoglyphs/16_glyphs/t16_l03g27.png,keywords/16_keywords/t16_l03g27.md,0,
Au-14_0328,typoglyphs/16_glyphs/t16_l03g28.png,keywords/16_keywords/t16_l03g28.md,0,
Au-14_0329,typoglyphs/16_glyphs/t16_l03g29.png,keywords/16_keywords/t16_l03g29.md,0,
Au-14_0330,typoglyphs/16_glyphs/t16_l03g30.png,keywords/16_keywords/t16_l03g30.md,0,
Au-14_0331,typoglyphs/16_glyphs/t16_l03g31.png,keywords/16_keywords/t16_l03g31.md,0,
Au-14_0332,typoglyphs/16_glyphs/t16_l03g32.png,keywords/16_keywords/t16_l03g32.md,0,
Au-14_0333,typoglyphs/16_glyphs/t16_l03g33.png,keywords/16_keywords/t16_l03g33.md,0,
Au-14_0334,typoglyphs/16_glyphs/t16_l03g34.png,keywords/16_keywords/t16_l03g34.md,0,
Au-14_0401,typoglyphs/16_glyphs/t16_l04g01.png,keywords/16_keywords/t16_l04g01.md,0,
Au-14_0402,typoglyphs/16_glyphs/t16_l04g02.png,keywords/16_keywords/t16_l04g02.md,0,
Au-14_0403,typoglyphs/16_glyphs/t16_l04g03.png,keywords/16_keywords/t16_l04g03.md,0,
Au-14_0404,typoglyphs/16_glyphs/t16_l04g04.png,keywords/16_keywords/t16_l04g04.md,0,
Au-14_0405,typoglyphs/16_glyphs/t16_l04g05.png,keywords/16_keywords/t16_l04g05.md,0,
Au-14_0406,typoglyphs/16_glyphs/t16_l04g06.png,keywords/16_keywords/t16_l04g06.md,0,
Au-14_0407,typoglyphs/16_glyphs/t16_l04g07.png,keywords/16_keywords/t16_l04g07.md,0,
Au-14_0408,typoglyphs/16_glyphs/t16_l04g08.png,keywords/16_keywords/t16_l04g08.md,0,
Au-14_0409,typoglyphs/16_glyphs/t16_l04g09.png,keywords/16_keywords/t16_l04g09.md,0,
Au-14_0410,typoglyphs/16_glyphs/t16_l04g10.png,keywords/16_keywords/t16_l04g10.md,0,
Au-14_0411,typoglyphs/16_glyphs/t16_l04g11.png,keywords/16_keywords/t16_l04g11.md,0,
Au-14_0412,typoglyphs/16_glyphs/t16_l04g12.png,keywords/16_keywords/t16_l04g12.md,0,
Au-14_0413,typoglyphs/16_glyphs/t16_l04g13.png,keywords/16_keywords/t16_l04g13.md,0,
Au-14_0414,typoglyphs/16_glyphs/t16_l04g14.png,keywords/16_keywords/t16_l04g14.md,0,
Au-14_0415,typoglyphs/16_glyphs/t16_l04g15.png,keywords/16_keywords/t16_l04g15.md,0,
Au-14_0416,typoglyphs/16_glyphs/t16_l04g16.png,keywords/16_keywords/t16_l04g16.md,0,
Au-14_0417,typoglyphs/16_glyphs/t16_l04g17.png,keywords/16_keywords/t16_l04g17.md,0,
Au-14_0418,typoglyphs/16_glyphs/t16_l04g18.png,keywords/16_keywords/t16_l04g18.md,0,
Au-14_0419,typoglyphs/16_glyphs/t16_l04g19.png,keywords/16_keywords/t16_l04g19.md,0,
Au-14_0420,typoglyphs/16_glyphs/t16_l04g20.png,keywords/16_keywords/t16_l04g20.md,0,
Au-14_0421,typoglyphs/16_glyphs/t16_l04g21.png,keywords/16_keywords/t16_l04g21.md,0,
Au-14_0422,typoglyphs/16_glyphs/t16_l04g22.png,keywords/16_keywords/t16_l04g22.md,0,
Au-14_0423,typoglyphs/16_glyphs/t16_l04g23.png,keywords/16_keywords/t16_l04g23.md,0,
Au-14_0424,typoglyphs/16_glyphs/t16_l04g24.png,keywords/16_keywords/t16_l04g24.md,0,
Au-14_0425,typoglyphs/16_glyphs/t16_l04g25.png,keywords/16_keywords/t16_l04g25.md,0,
Au-14_0426,typoglyphs/16_glyphs/t16_l04g26.png,keywords/16_keywords/t16_l04g26.md,0,
Au-14_0427,typoglyphs/16_glyphs/t16_l04g27.png,keywords/16_keywords/t16_l04g27.md,0,
Au-14_0428,typoglyphs/16_glyphs/t16_l04g28.png,keywords/16_keywords/t16_l04g28.md,0,
Au-14_0429,typoglyphs/16_glyphs/t16_l04g29.png,keywords/16_keywords/t16_l04g29.md,0,
Au-14_0430,typoglyphs/16_glyphs/t16_l04g30.png,keywords/16_keywords/t16_l04g30.md,0,
Au-14_0431,typoglyphs/16_glyphs/t16_l04g31.png,keywords/16_keywords/t16_l04g31.md,0,
Au-14_0501,typoglyphs/16_glyphs/t16_l05g01.png,keywords/16_keywords/t16_l05g01.md,0,
Au-14_0502,typoglyphs/16_glyphs/t16_l05g02.png,keywords/16_keywords/t16_l05g02.md,0,
Au-14_0503,typoglyphs/16_glyphs/t16_l05g03.png,keywords/16_keywords/t16_l05g03.md,0,
Au-14_0504,typoglyphs/16_glyphs/t16_l05g04.png,keywords/16_keywords/t16_l05g04.md,0,
Au-14_0505,typoglyphs/16_glyphs/t16_l05g05.png,keywords/16_keywords/t16_l05g05.md,0,
Au-14_0506,typoglyphs/16_glyphs/t16_l05g06.png,keywords/16_keywords/t16_l05g06.md,0,
Au-14_0507,typoglyphs/16_glyphs/t16_l05g07.png,keywords/16_keywords/t16_l05g07.md,0,
Au-14_0508,typoglyphs/16_glyphs/t16_l05g08.png,keywords/16_keywords/t16_l05g08.md,0,
Au-14_0509,typoglyphs/16_glyphs/t16_l05g09.png,keywords/16_keywords/t16_l05g09.md,0,
Au-14_0510,typoglyphs/16_glyphs/t16_l05g10.png,keywords/16_keywords/t16_l05g10.md,0,
Au-14_0511,typoglyphs/16_glyphs/t16_l05g11.png,keywords/16_keywords/t16_l05g11.md,1,descriptions/16_descriptions/t16_l05g11.md
Au-14_0512,typoglyphs/16_glyphs/t16_l05g12.png,keywords/16_keywords/t16_l05g12.md,0,
Au-14_0513,typoglyphs/16_glyphs/t16_l05g13.png,keywords/16_keywords/t16_l05g13.md,0,
Au-14_0514,typoglyphs/16_glyphs/t16_l05g14.png,keywords/16_keywords/t16_l05g14.md,0,
Au-14_0515,typoglyphs/16_glyphs/t16_l05g15.png,keywords/16_keywords/t16_l05g15.md,0,
Au-14_0516,typoglyphs/16_glyphs/t16_l05g16.png,keywords/16_keywords/t16_l05g16.md,0,
Au-14_0517,typoglyphs/16_glyphs/t16_l05g17.png,keywords/16_keywords/t16_l05g17.md,0,
Au-14_0518,typoglyphs/16_glyphs/t16_l05g18.png,keywords/16_keywords/t16_l05g18.md,0,
Au-14_0519,typoglyphs/16_glyphs/t16_l05g19.png,keywords/16_keywords/t16_l05g19.md,0,
Au-14_0520,typoglyphs/16_glyphs/t16_l05g20.png,keywords/16_keywords/t16_l05g20.md,0,
Au-14_0521,typoglyphs/16_glyphs/t16_l05g21.png,keywords/16_keywords/t16_l05g21.md,0,
Au-14_0522,typoglyphs/16_glyphs/t16_l05g22.png,keywords/16_keywords/t16_l05g22.md,0,
Au-14_0523,typoglyphs/16_glyphs/t16_l05g23.png,keywords/16_keywords/t16_l05g23.md,0,
Au-14_0524,typoglyphs/16_glyphs/t16_l05g24.png,keywords/16_keywords/t16_l05g24.md,0,
Au-14_0525,typoglyphs/16_glyphs/t16_l05g25.png,keywords/16_keywords/t16_l05g25.md,0,
Au-14_0526,typoglyphs/16_glyphs/t16_l05g26.png,keywords/16_keywords/t16_l05g26.md,0,
Au-14_0527,typoglyphs/16_glyphs/t16_l05g27.png,keywords/16_keywords/t16_l05g27.md,0,
Au-14_0528,typoglyphs/16_glyphs/t16_l05g28.png,keywords/16_keywords/t16_l05g28.md,0,
Au-14_0529,typoglyphs/16_glyphs/t16_l05g29.png,keywords/16_keywords/t16_l05g29.md,0,
Au-14_0530,typoglyphs/16_glyphs/t16_l05g30.png,keywords/16_keywords/t16_l05g30.md,0,
Au-14_0531,typoglyphs/16_glyphs/t16_l05g31.png,keywords/16_keywords/t16_l05g31.md,0,
Au-14_0532,typoglyphs/16_glyphs/t16_l05g32.png,keywords/16_keywords/t16_l05g32.md,0,
Au-14_0533,typoglyphs/16_glyphs/t16_l05g33.png,keywords/16_keywords/t16_l05g33.md,0,
Au-14_0601,typoglyphs/16_glyphs/t16_l06g01.png,keywords/16_keywords/t16_l06g01.md,0,
Au-14_0602,typoglyphs/16_glyphs/t16_l06g02.png,keywords/16_keywords/t16_l06g02.md,0,
Au-14_0603,typoglyphs/16_glyphs/t16_l06g03.png,keywords/16_keywords/t16_l06g03.md,0,
Au-14_0604,typoglyphs/16_glyphs/t16_l06g04.png,keywords/16_keywords/t16_l06g04.md,0,
Au-14_0605,typoglyphs/16_glyphs/t16_l06g05.png,keywords/16_keywords/t16_l06g05.md,0,
Au-14_0606,typoglyphs/16_glyphs/t16_l06g06.png,keywords/16_keywords/t16_l06g06.md,0,
Au-14_0607,typoglyphs/16_glyphs/t16_l06g07.png,keywords/16_keywords/t16_l06g07.md,0,
Au-14_0608,typoglyphs/16_glyphs/t16_l06g08.png,keywords/16_keywords/t16_l06g08.md,0,
Au-14_0609,typoglyphs/16_glyphs/t16_l06g09.png,keywords/16_keywords/t16_l06g09.md,0,
Au-14_0610,typoglyphs/16_glyphs/t16_l06g10.png,keywords/16_keywords/t16_l06g10.md,0,
Au-14_0611,typoglyphs/16_glyphs/t16_l06g11.png,keywords/16_keywords/t16_l06g11.md,0,
Au-14_0612,typoglyphs/16_glyphs/t16_l06g12.png,keywords/16_keywords/t16_l06g12.md,0,
Au-14_0613,typoglyphs/16_glyphs/t16_l06g13.png,keywords/16_keywords/t16_l06g13.md,0,
Au-14_0614,typoglyphs/16_glyphs/t16_l06g14.png,keywords/16_keywords/t16_l06g14.md,0,
Au-14_0615,typoglyphs/16_glyphs/t16_l06g15.png,keywords/16_keywords/t16_l06g15.md,0,
Au-14_0616,typoglyphs/16_glyphs/t16_l06g16.png,keywords/16_keywords/t16_l06g16.md,0,
Au-14_0617,typoglyphs/16_glyphs/t16_l06g17.png,keywords/16_keywords/t16_l06g17.md,0,
Au-14_0618,typoglyphs/16_glyphs/t16_l06g18.png,keywords/16_keywords/t16_l06g18.md,0,
Au-14_0619,typoglyphs/16_glyphs/t16_l06g19.png,keywords/16_keywords/t16_l06g19.md,0,
Au-14_0620,typoglyphs/16_glyphs/t16_l06g20.png,keywords/16_keywords/t16_l06g20.md,0,
Au-15_0101,typoglyphs/17_glyphs/t17_l01g01.png,keywords/17_keywords/t17_l01g01.md,0,
Au-15_0102,typoglyphs/17_glyphs/t17_l01g02.png,keywords/17_keywords/t17_l01g02.md,0,
Au-15_0103,typoglyphs/17_glyphs/t17_l01g03.png,keywords/17_keywords/t17_l01g03.md,0,
Au-15_0104,typoglyphs/17_glyphs/t17_l01g04.png,keywords/17_keywords/t17_l01g04.md,0,
Au-15_0105,typoglyphs/17_glyphs/t17_l01g05.png,keywords/17_keywords/t17_l01g05.md,0,
Au-15_0106,typoglyphs/17_glyphs/t17_l01g06.png,keywords/17_keywords/t17_l01g06.md,0,
Au-15_0107,typoglyphs/17_glyphs/t17_l01g07.png,keywords/17_keywords/t17_l01g07.md,0,
Au-15_0108,typoglyphs/17_glyphs/t17_l01g08.png,keywords/17_keywords/t17_l01g08.md,0,
Au-15_0109,typoglyphs/17_glyphs/t17_l01g09.png,keywords/17_keywords/t17_l01g09.md,0,
Au-15_0110,typoglyphs/17_glyphs/t17_l01g10.png,keywords/17_keywords/t17_l01g10.md,0,
Au-15_0111,typoglyphs/17_glyphs/t17_l01g11.png,keywords/17_keywords/t17_l01g11.md,0,
Au-15_0112,typoglyphs/17_glyphs/t17_l01g12.png,keywords/17_keywords/t17_l01g12.md,0,
Au-15_0113,typoglyphs/17_glyphs/t17_l01g13.png,keywords/17_keywords/t17_l01g13.md,0,
Au-15_0114,typoglyphs/17_glyphs/t17_l01g14.png,keywords/17_keywords/t17_l01g14.md,0,
Au-15_0115,typoglyphs/17_glyphs/t17_l01g15.png,keywords/17_keywords/t17_l01g15.md,0,
Au-15_0116,typoglyphs/17_glyphs/t17_l01g16.png,keywords/17_keywords/t17_l01g16.md,0,
Au-15_0201,typoglyphs/17_glyphs/t17_l02g01.png,keywords/17_keywords/t17_l02g01.md,0,
Au-15_0202,typoglyphs/17_glyphs/t17_l02g02.png,keywords/17_keywords/t17_l02g02.md,0,
Au-15_0203,typoglyphs/17_glyphs/t17_l02g03.png,keywords/17_keywords/t17_l02g03.md,0,
Au-15_0204,typoglyphs/17_glyphs/t17_l02g04.png,keywords/17_keywords/t17_l02g04.md,0,
Au-15_0205,typoglyphs/17_glyphs/t17_l02g05.png,keywords/17_keywords/t17_l02g05.md,0,
Au-15_0206,typoglyphs/17_glyphs/t17_l02g06.png,keywords/17_keywords/t17_l02g06.md,0,
Au-15_0207,typoglyphs/17_glyphs/t17_l02g07.png,keywords/17_keywords/t17_l02g07.md,0,
Au-15_0208,typoglyphs/17_glyphs/t17_l02g08.png,keywords/17_keywords/t17_l02g08.md,0,
Au-15_0209,typoglyphs/17_glyphs/t17_l02g09.png,keywords/17_keywords/t17_l02g09.md,0,
Au-15_0210,typoglyphs/17_glyphs/t17_l02g10.png,keywords/17_keywords/t17_l02g10.md,0,
Au-15_0211,typoglyphs/17_glyphs/t17_l02g11.png,keywords/17_keywords/t17_l02g11.md,0,
Au-15_0212,typoglyphs/17_glyphs/t17_l02g12.png,keywords/17_keywords/t17_l02g12.md,0,
Au-15_0213,typoglyphs/17_glyphs/t17_l02g13.png,keywords/17_keywords/t17_l02g13.md,0,
Au-15_0214,typoglyphs/17_glyphs/t17_l02g14.png,keywords/17_keywords/t17_l02g14.md,0,
Au-15_0301,typoglyphs/17_glyphs/t17_l03g01.png,keywords/17_keywords/t17_l03g01.md,0,
Au-15_0302,typoglyphs/17_glyphs/t17_l03g02.png,keywords/17_keywords/t17_l03g02.md,0,
Au-15_0303,typoglyphs/17_glyphs/t17_l03g03.png,keywords/17_keywords/t17_l03g03.md,0,
Au-15_0304,typoglyphs/17_glyphs/t17_l03g04.png,keywords/17_keywords/t17_l03g04.md,0,
Au-15_0305,typoglyphs/17_glyphs/t17_l03g05.png,keywords/17_keywords/t17_l03g05.md,0,
Au-15_0306,typoglyphs/17_glyphs/t17_l03g06.png,keywords/17_keywords/t17_l03g06.md,0,
Au-15_0307,typoglyphs/17_glyphs/t17_l03g07.png,keywords/17_keywords/t17_l03g07.md,0,
Au-15_0308,typoglyphs/17_glyphs/t17_l03g08.png,keywords/17_keywords/t17_l03g08.md,0,
Au-15_0309,typoglyphs/17_glyphs/t17_l03g09.png,keywords/17_keywords/t17_l03g09.md,0,
Au-15_0310,typoglyphs/17_glyphs/t17_l03g10.png,keywords/17_keywords/t17_l03g10.md,0,
Au-15_0311,typoglyphs/17_glyphs/t17_l03g11.png,keywords/17_keywords/t17_l03g11.md,0,
Au-15_0312,typoglyphs/17_glyphs/t17_l03g12.png,keywords/17_keywords/t17_l03g12.md,0,
Au-15_0313,typoglyphs/17_glyphs/t17_l03g13.png,keywords/17_keywords/t17_l03g13.md,0,
Au-15_0314,typoglyphs/17_glyphs/t17_l03g14.png,keywords/17_keywords/t17_l03g14.md,0,
Au-15_0315,typoglyphs/17_glyphs/t17_l03g15.png,keywords/17_keywords/t17_l03g15.md,0,
Au-15_0316,typoglyphs/17_glyphs/t17_l03g16.png,keywords/17_keywords/t17_l03g16.md,0,
Au-15_0317,typoglyphs/17_glyphs/t17_l03g17.png,keywords/17_keywords/t17_l03g17.md,0,
Au-15_0318,typoglyphs/17_glyphs/t17_l03g18.png,keywords/17_keywords/t17_l03g18.md,0,
Au-15_0319,typoglyphs/17_glyphs/t17_l03g19.png,keywords/17_keywords/t17_l03g19.md,0,
Au-15_0320,typoglyphs/17_glyphs/t17_l03g20.png,keywords/17_keywords/t17_l03g20.md,0,
Au-15_0321,typoglyphs/17_glyphs/t17_l03g21.png,keywords/17_keywords/t17_l03g21.md,0,
Au-15_0322,typoglyphs/17_glyphs/t17_l03g22.png,keywords/17_keywords/t17_l03g22.md,0,
Au-15_0323,typoglyphs/17_glyphs/t17_l03g23.png,keywords/17_keywords/t17_l03g23.md,0,
Au-15_0324,typoglyphs/17_glyphs/t17_l03g24.png,keywords/17_keywords/t17_l03g24.md,0,
Au-15_0325,typoglyphs/17_glyphs/t17_l03g25.png,keywords/17_keywords/t17_l03g25.md,0,
Au-15_0326,typoglyphs/17_glyphs/t17_l03g26.png,keywords/17_keywords/t17_l03g26.md,0,
Au-15_0327,typoglyphs/17_glyphs/t17_l03g27.png,keywords/17_keywords/t17_l03g27.md,0,
Au-15_0328,typoglyphs/17_glyphs/t17_l03g28.png,keywords/17_keywords/t17_l03g28.md,0,
Au-15_0329,typoglyphs/17_glyphs/t17_l03g29.png,keywords/17_keywords/t17_l03g29.md,0,
Au-15_0330,typoglyphs/17_glyphs/t17_l03g30.png,keywords/17_keywords/t17_l03g30.md,0,
Au-15_0401,typoglyphs/17_glyphs/t17_l04g01.png,keywords/17_keywords/t17_l04g01.md,0,
Au-15_0402,typoglyphs/17_glyphs/t17_l04g02.png,keywords/17_keywords/t17_l04g02.md,0,
Au-15_0403,typoglyphs/17_glyphs/t17_l04g03.png,keywords/17_keywords/t17_l04g03.md,0,
Au-15_0404,typoglyphs/17_glyphs/t17_l04g04.png,keywords/17_keywords/t17_l04g04.md,0,
Au-15_0405,typoglyphs/17_glyphs/t17_l04g05.png,keywords/17_keywords/t17_l04g05.md,0,
Au-15_0406,typoglyphs/17_glyphs/t17_l04g06.png,keywords/17_keywords/t17_l04g06.md,0,
Au-15_0407,typoglyphs/17_glyphs/t17_l04g07.png,keywords/17_keywords/t17_l04g07.md,0,
Au-15_0408,typoglyphs/17_glyphs/t17_l04g08.png,keywords/17_keywords/t17_l04g08.md,0,
Au-15_0409,typoglyphs/17_glyphs/t17_l04g09.png,keywords/17_keywords/t17_l04g09.md,0,
Au-15_0410,typoglyphs/17_glyphs/t17_l04g10.png,keywords/17_keywords/t17_l04g10.md,0,
Au-15_0411,typoglyphs/17_glyphs/t17_l04g11.png,keywords/17_keywords/t17_l04g11.md,0,
Au-15_0412,typoglyphs/17_glyphs/t17_l04g12.png,keywords/17_keywords/t17_l04g12.md,0,
Au-15_0413,typoglyphs/17_glyphs/t17_l04g13.png,keywords/17_keywords/t17_l04g13.md,0,
Au-15_0414,typoglyphs/17_glyphs/t17_l04g14.png,keywords/17_keywords/t17_l04g14.md,0,
Au-15_0415,typoglyphs/17_glyphs/t17_l04g15.png,keywords/17_keywords/t17_l04g15.md,0,
Au-15_0416,typoglyphs/17_glyphs/t17_l04g16.png,keywords/17_keywords/t17_l04g16.md,0,
Au-15_0417,typoglyphs/17_glyphs/t17_l04g17.png,keywords/17_keywords/t17_l04g17.md,0,
Au-15_0418,typoglyphs/17_glyphs/t17_l04g18.png,keywords/17_keywords/t17_l04g18.md,0,
Au-15_0419,typoglyphs/17_glyphs/t17_l04g19.png,keywords/17_keywords/t17_l04g19.md,0,
Au-15_0420,typoglyphs/17_glyphs/t17_l04g20.png,keywords/17_keywords/t17_l04g20.md,0,
Au-15_0421,typoglyphs/17_glyphs/t17_l04g21.png,keywords/17_keywords/t17_l04g21.md,0,
Au-15_0422,typoglyphs/17_glyphs/t17_l04g22.png,keywords/17_keywords/t17_l04g22.md,0,
Au-15_0423,typoglyphs/17_glyphs/t17_l04g23.png,keywords/17_keywords/t17_l04g23.md,1,descriptions/17_descriptions/t17_l04g23.md
Au-15_0424,typoglyphs/17_glyphs/t17_l04g24.png,keywords/17_keywords/t17_l04g24.md,0,
Au-15_0425,typoglyphs/17_glyphs/t17_l04g25.png,keywords/17_keywords/t17_l04g25.md,0,
Au-15_0426,typoglyphs/17_glyphs/t17_l04g26.png,keywords/17_keywords/t17_l04g26.md,0,
Au-15_0501,typoglyphs/17_glyphs/t17_l05g01.png,keywords/17_keywords/t17_l05g01.md,0,
Au-15_0502,typoglyphs/17_glyphs/t17_l05g02.png,keywords/17_keywords/t17_l05g02.md,0,
Au-15_0503,typoglyphs/17_glyphs/t17_l05g03.png,keywords/17_keywords/t17_l05g03.md,0,
Au-15_0504,typoglyphs/17_glyphs/t17_l05g04.png,keywords/17_keywords/t17_l05g04.md,0,
Au-15_0505,typoglyphs/17_glyphs/t17_l05g05.png,keywords/17_keywords/t17_l05g05.md,0,
Au-15_0506,typoglyphs/17_glyphs/t17_l05g06.png,keywords/17_keywords/t17_l05g06.md,0,
Au-15_0601,typoglyphs/17_glyphs/t17_l06g01.png,keywords/17_keywords/t17_l06g01.md,0,
Au-15_0602,typoglyphs/17_glyphs/t17_l06g02.png,keywords/17_keywords/t17_l06g02.md,0,
Au-15_0603,typoglyphs/17_glyphs/t17_l06g03.png,keywords/17_keywords/t17_l06g03.md,0,
Au-15_0604,typoglyphs/17_glyphs/t17_l06g04.png,keywords/17_keywords/t17_l06g04.md,0,
Au-15_0605,typoglyphs/17_glyphs/t17_l06g05.png,keywords/17_keywords/t17_l06g05.md,0,
Au-15_0606,typoglyphs/17_glyphs/t17_l06g06.png,keywords/17_keywords/t17_l06g06.md,0,
Au-15_0607,typoglyphs/17_glyphs/t17_l06g07.png,keywords/17_keywords/t17_l06g07.md,0,
Au-15_0608,typoglyphs/17_glyphs/t17_l06g08.png,keywords/17_keywords/t17_l06g08.md,0,
Au-15_0609,typoglyphs/17_glyphs/t17_l06g09.png,keywords/17_keywords/t17_l06g09.md,0,
Au-15_0610,typoglyphs/17_glyphs/t17_l06g10.png,keywords/17_keywords/t17_l06g10.md,0,
Au-15_0611,typoglyphs/17_glyphs/t17_l06g11.png,keywords/17_keywords/t17_l06g11.md,0,
Au-15_0612,typoglyphs/17_glyphs/t17_l06g12.png,keywords/17_keywords/t17_l06g12.md,0,
Au-15_0613,typoglyphs/17_glyphs/t17_l06g13.png,keywords/17_keywords/t17_l06g13.md,0,
Au-15_0614,typoglyphs/17_glyphs/t17_l06g14.png,keywords/17_keywords/t17_l06g14.md,0,
Au-15_0615,typoglyphs/17_glyphs/t17_l06g15.png,keywords/17_keywords/t17_l06g15.md,0,
Au-15_0616,typoglyphs/17_glyphs/t17_l06g16.png,keywords/17_keywords/t17_l06g16.md,0,
Au-15_0617,typoglyphs/17_glyphs/t17_l06g17.png,keywords/17_keywords/t17_l06g17.md,0,
Au-16_0101,typoglyphs/18_glyphs/t18_l01g01.png,keywords/18_keywords/t18_l01g01.md,0,
Au-16_0102,typoglyphs/18_glyphs/t18_l01g02.png,keywords/18_keywords/t18_l01g02.md,0,
Au-16_0103,typoglyphs/18_glyphs/t18_l01g03.png,keywords/18_keywords/t18_l01g03.md,0,
Au-16_0104,typoglyphs/18_glyphs/t18_l01g04.png,keywords/18_keywords/t18_l01g04.md,0,
Au-16_0105,typoglyphs/18_glyphs/t18_l01g05.png,keywords/18_keywords/t18_l01g05.md,0,
Au-16_0106,typoglyphs/18_glyphs/t18_l01g06.png,keywords/18_keywords/t18_l01g06.md,0,
Au-16_0107,typoglyphs/18_glyphs/t18_l01g07.png,keywords/18_keywords/t18_l01g07.md,0,
Au-16_0108,typoglyphs/18_glyphs/t18_l01g08.png,keywords/18_keywords/t18_l01g08.md,0,
Au-16_0109,typoglyphs/18_glyphs/t18_l01g09.png,keywords/18_keywords/t18_l01g09.md,0,
Au-16_0110,typoglyphs/18_glyphs/t18_l01g10.png,keywords/18_keywords/t18_l01g10.md,0,
Au-16_0111,typoglyphs/18_glyphs/t18_l01g11.png,keywords/18_keywords/t18_l01g11.md,0,
Au-16_0112,typoglyphs/18_glyphs/t18_l01g12.png,keywords/18_keywords/t18_l01g12.md,0,
Au-16_0113,typoglyphs/18_glyphs/t18_l01g13.png,keywords/18_keywords/t18_l01g13.md,0,
Au-16_0114,typoglyphs/18_glyphs/t18_l01g14.png,keywords/18_keywords/t18_l01g14.md,0,
Au-16_0115,typoglyphs/18_glyphs/t18_l01g15.png,keywords/18_keywords/t18_l01g15.md,0,
Au-16_0116,typoglyphs/18_glyphs/t18_l01g16.png,keywords/18_keywords/t18_l01g16.md,0,
Au-16_0117,typoglyphs/18_glyphs/t18_l01g17.png,keywords/18_keywords/t18_l01g17.md,0,
Au-16_0118,typoglyphs/18_glyphs/t18_l01g18.png,keywords/18_keywords/t18_l01g18.md,0,
Au-16_0119,typoglyphs/18_glyphs/t18_l01g19.png,keywords/18_keywords/t18_l01g19.md,0,
Au-16_0201,typoglyphs/18_glyphs/t18_l02g01.png,keywords/18_keywords/t18_l02g01.md,0,
Au-16_0202,typoglyphs/18_glyphs/t18_l02g02.png,keywords/18_keywords/t18_l02g02.md,0,
Au-16_0203,typoglyphs/18_glyphs/t18_l02g03.png,keywords/18_keywords/t18_l02g03.md,0,
Au-16_0204,typoglyphs/18_glyphs/t18_l02g04.png,keywords/18_keywords/t18_l02g04.md,0,
Au-16_0205,typoglyphs/18_glyphs/t18_l02g05.png,keywords/18_keywords/t18_l02g05.md,0,
Au-16_0206,typoglyphs/18_glyphs/t18_l02g06.png,keywords/18_keywords/t18_l02g06.md,0,
Au-16_0207,typoglyphs/18_glyphs/t18_l02g07.png,keywords/18_keywords/t18_l02g07.md,0,
Au-16_0208,typoglyphs/18_glyphs/t18_l02g08.png,keywords/18_keywords/t18_l02g08.md,0,
Au-16_0209,typoglyphs/18_glyphs/t18_l02g09.png,keywords/18_keywords/t18_l02g09.md,0,
Au-16_0210,typoglyphs/18_glyphs/t18_l02g10.png,keywords/18_keywords/t18_l02g10.md,0,
Au-16_0211,typoglyphs/18_glyphs/t18_l02g11.png,keywords/18_keywords/t18_l02g11.md,0,
Au-16_0212,typoglyphs/18_glyphs/t18_l02g12.png,keywords/18_keywords/t18_l02g12.md,0,
Au-16_0213,typoglyphs/18_glyphs/t18_l02g13.png,keywords/18_keywords/t18_l02g13.md,0,
Au-16_0214,typoglyphs/18_glyphs/t18_l02g14.png,keywords/18_keywords/t18_l02g14.md,0,
Au-16_0215,typoglyphs/18_glyphs/t18_l02g15.png,keywords/18_keywords/t18_l02g15.md,0,
Au-16_0216,typoglyphs/18_glyphs/t18_l02g16.png,keywords/18_keywords/t18_l02g16.md,0,
Au-16_0217,typoglyphs/18_glyphs/t18_l02g17.png,keywords/18_keywords/t18_l02g17.md,0,
Au-16_0218,typoglyphs/18_glyphs/t18_l02g18.png,keywords/18_keywords/t18_l02g18.md,0,
Au-16_0219,typoglyphs/18_glyphs/t18_l02g19.png,keywords/18_keywords/t18_l02g19.md,0,
Au-16_0220,typoglyphs/18_glyphs/t18_l02g20.png,keywords/18_keywords/t18_l02g20.md,0,
Au-16_0221,typoglyphs/18_glyphs/t18_l02g21.png,keywords/18_keywords/t18_l02g21.md,0,
Au-16_0222,typoglyphs/18_glyphs/t18_l02g22.png,keywords/18_keywords/t18_l02g22.md,0,
Au-16_0223,typoglyphs/18_glyphs/t18_l02g23.png,keywords/18_keywords/t18_l02g23.md,0,
Au-16_0224,typoglyphs/18_glyphs/t18_l02g24.png,keywords/18_keywords/t18_l02g24.md,0,
Au-16_0225,typoglyphs/18_glyphs/t18_l02g25.png,keywords/18_keywords/t18_l02g25.md,0,
Au-16_0226,typoglyphs/18_glyphs/t18_l02g26.png,keywords/18_keywords/t18_l02g26.md,0,
Au-16_0227,typoglyphs/18_glyphs/t18_l02g27.png,keywords/18_keywords/t18_l02g27.md,0,
Au-16_0228,typoglyphs/18_glyphs/t18_l02g28.png,keywords/18_keywords/t18_l02g28.md,0,
Au-16_0229,typoglyphs/18_glyphs/t18_l02g29.png,keywords/18_keywords/t18_l02g29.md,0,
Au-16_0230,typoglyphs/18_glyphs/t18_l02g30.png,keywords/18_keywords/t18_l02g30.md,0,
Au-16_0231,typoglyphs/18_glyphs/t18_l02g31.png,keywords/18_keywords/t18_l02g31.md,0,
Au-16_0232,typoglyphs/18_glyphs/t18_l02g32.png,keywords/18_keywords/t18_l02g32.md,0,
Au-16_0233,typoglyphs/18_glyphs/t18_l02g33.png,keywords/18_keywords/t18_l02g33.md,0,
Au-16_0234,typoglyphs/18_glyphs/t18_l02g34.png,keywords/18_keywords/t18_l02g34.md,0,
Au-16_0235,typoglyphs/18_glyphs/t18_l02g35.png,keywords/18_keywords/t18_l02g35.md,0,
Au-16_0236,typoglyphs/18_glyphs/t18_l02g36.png,keywords/18_keywords/t18_l02g36.md,0,
Au-16_0237,typoglyphs/18_glyphs/t18_l02g37.png,keywords/18_keywords/t18_l02g37.md,0,
Au-16_0238,typoglyphs/18_glyphs/t18_l02g38.png,keywords/18_keywords/t18_l02g38.md,0,
Au-16_0301,typoglyphs/18_glyphs/t18_l03g01.png,keywords/18_keywords/t18_l03g01.md,0,
Au-16_0302,typoglyphs/18_glyphs/t18_l03g02.png,keywords/18_keywords/t18_l03g02.md,0,
Au-16_0303,typoglyphs/18_glyphs/t18_l03g03.png,keywords/18_keywords/t18_l03g03.md,0,
Au-16_0304,typoglyphs/18_glyphs/t18_l03g04.png,keywords/18_keywords/t18_l03g04.md,0,
Au-16_0305,typoglyphs/18_glyphs/t18_l03g05.png,keywords/18_keywords/t18_l03g05.md,0,
Au-16_0306,typoglyphs/18_glyphs/t18_l03g06.png,keywords/18_keywords/t18_l03g06.md,0,
Au-16_0307,typoglyphs/18_glyphs/t18_l03g07.png,keywords/18_keywords/t18_l03g07.md,0,
Au-16_0308,typoglyphs/18_glyphs/t18_l03g08.png,keywords/18_keywords/t18_l03g08.md,0,
Au-16_0309,typoglyphs/18_glyphs/t18_l03g09.png,keywords/18_keywords/t18_l03g09.md,0,
Au-16_0310,typoglyphs/18_glyphs/t18_l03g10.png,keywords/18_keywords/t18_l03g10.md,0,
Au-16_0311,typoglyphs/18_glyphs/t18_l03g11.png,keywords/18_keywords/t18_l03g11.md,0,
Au-16_0312,typoglyphs/18_glyphs/t18_l03g12.png,keywords/18_keywords/t18_l03g12.md,0,
Au-16_0313,typoglyphs/18_glyphs/t18_l03g13.png,keywords/18_keywords/t18_l03g13.md,0,
Au-16_0314,typoglyphs/18_glyphs/t18_l03g14.png,keywords/18_keywords/t18_l03g14.md,0,
Au-16_0315,typoglyphs/18_glyphs/t18_l03g15.png,keywords/18_keywords/t18_l03g15.md,0,
Au-16_0316,typoglyphs/18_glyphs/t18_l03g16.png,keywords/18_keywords/t18_l03g16.md,0,
Au-16_0317,typoglyphs/18_glyphs/t18_l03g17.png,keywords/18_keywords/t18_l03g17.md,0,
Au-17_0101,typoglyphs/19_glyphs/t19_l01g01.png,keywords/19_keywords/t19_l01g01.md,0,
Au-17_0102,typoglyphs/19_glyphs/t19_l01g02.png,keywords/19_keywords/t19_l01g02.md,0,
Au-17_0103,typoglyphs/19_glyphs/t19_l01g03.png,keywords/19_keywords/t19_l01g03.md,0,
Au-17_0104,typoglyphs/19_glyphs/t19_l01g04.png,keywords/19_keywords/t19_l01g04.md,0,
Au-17_0105,typoglyphs/19_glyphs/t19_l01g05.png,keywords/19_keywords/t19_l01g05.md,0,
Au-17_0106,typoglyphs/19_glyphs/t19_l01g06.png,keywords/19_keywords/t19_l01g06.md,0,
Au-17_0107,typoglyphs/19_glyphs/t19_l01g07.png,keywords/19_keywords/t19_l01g07.md,0,
Au-17_0108,typoglyphs/19_glyphs/t19_l01g08.png,keywords/19_keywords/t19_l01g08.md,0,
Au-17_0109,typoglyphs/19_glyphs/t19_l01g09.png,keywords/19_keywords/t19_l01g09.md,0,
Au-17_0110,typoglyphs/19_glyphs/t19_l01g10.png,keywords/19_keywords/t19_l01g10.md,0,
Au-17_0111,typoglyphs/19_glyphs/t19_l01g11.png,keywords/19_keywords/t19_l01g11.md,0,
Au-17_0112,typoglyphs/19_glyphs/t19_l01g12.png,keywords/19_keywords/t19_l01g12.md,0,
Au-17_0113,typoglyphs/19_glyphs/t19_l01g13.png,keywords/19_keywords/t19_l01g13.md,0,
Au-17_0114,typoglyphs/19_glyphs/t19_l01g14.png,keywords/19_keywords/t19_l01g14.md,0,
Au-17_0201,typoglyphs/19_glyphs/t19_l02g01.png,keywords/19_keywords/t19_l02g01.md,0,
Au-17_0202,typoglyphs/19_glyphs/t19_l02g02.png,keywords/19_keywords/t19_l02g02.md,0,
Au-17_0203,typoglyphs/19_glyphs/t19_l02g03.png,keywords/19_keywords/t19_l02g03.md,0,
Au-17_0301,typoglyphs/19_glyphs/t19_l03g01.png,keywords/19_keywords/t19_l03g01.md,0,
Au-17_0302,typoglyphs/19_glyphs/t19_l03g02.png,keywords/19_keywords/t19_l03g02.md,0,
Au-17_0303,typoglyphs/19_glyphs/t19_l03g03.png,keywords/19_keywords/t19_l03g03.md,0,
Au-17_0304,typoglyphs/19_glyphs/t19_l03g04.png,keywords/19_keywords/t19_l03g04.md,0,
Au-17_0305,typoglyphs/19_glyphs/t19_l03g05.png,keywords/19_keywords/t19_l03g05.md,0,
Au-17_0306,typoglyphs/19_glyphs/t19_l03g06.png,keywords/19_keywords/t19_l03g06.md,0,
Au-17_0307,typoglyphs/19_glyphs/t19_l03g07.png,keywords/19_keywords/t19_l03g07.md,0,
Au-17_0308,typoglyphs/19_glyphs/t19_l03g08.png,keywords/19_keywords/t19_l03g08.md,0,
Au-17_0309,typoglyphs/19_glyphs/t19_l03g09.png,keywords/19_keywords/t19_l03g09.md,0,
Au-17_0310,typoglyphs/19_glyphs/t19_l03g10.png,keywords/19_keywords/t19_l03g10.md,0,
Au-17_0311,typoglyphs/19_glyphs/t19_l03g11.png,keywords/19_keywords/t19_l03g11.md,0,
Au-17_0312,typoglyphs/19_glyphs/t19_l03g12.png,keywords/19_keywords/t19_l03g12.md,0,
Au-17_0313,typoglyphs/19_glyphs/t19_l03g13.png,keywords/19_keywords/t19_l03g13.md,0,
Au-17_0314,typoglyphs/19_glyphs/t19_l03g14.png,keywords/19_keywords/t19_l03g14.md,0,
Au-17_0315,typoglyphs/19_glyphs/t19_l03g15.png,keywords/19_keywords/t19_l03g15.md,0,
Au-17_0316,typoglyphs/19_glyphs/t19_l03g16.png,keywords/19_keywords/t19_l03g16.md,0,
Au-17_0317,typoglyphs/19_glyphs/t19_l03g17.png,keywords/19_keywords/t19_l03g17.md,0,
Au-17_0318,typoglyphs/19_glyphs/t19_l03g18.png,keywords/19_keywords/t19_l03g18.md,0,
Au-17_0319,typoglyphs/19_glyphs/t19_l03g19.png,keywords/19_keywords/t19_l03g19.md,0,
Au-17_0320,typoglyphs/19_glyphs/t19_l03g20.png,keywords/19_keywords/t19_l03g20.md,0,
Au-17_0321,typoglyphs/19_glyphs/t19_l03g21.png,keywords/19_keywords/t19_l03g21.md,0,
Au-17_0322,typoglyphs/19_glyphs/t19_l03g22.png,keywords/19_keywords/t19_l03g22.md,0,
Au-17_0323,typoglyphs/19_glyphs/t19_l03g23.png,keywords/19_keywords/t19_l03g23.md,0,
Au-17_0324,typoglyphs/19_glyphs/t19_l03g24.png,keywords/19_keywords/t19_l03g24.md,0,
Au-17_0325,typoglyphs/19_glyphs/t19_l03g25.png,keywords/19_keywords/t19_l03g25.md,0,
Au-17_0326,typoglyphs/19_glyphs/t19_l03g26.png,keywords/19_keywords/t19_l03g26.md,0,
Au-17_0327,typoglyphs/19_glyphs/t19_l03g27.png,keywords/19_keywords/t19_l03g27.md,0,
Au-17_0401,typoglyphs/19_glyphs/t19_l04g01.png,keywords/19_keywords/t19_l04g01.md,0,
Au-17_0402,typoglyphs/19_glyphs/t19_l04g02.png,keywords/19_keywords/t19_l04g02.md,0,
Au-17_0403,typoglyphs/19_glyphs/t19_l04g03.png,keywords/19_keywords/t19_l04g03.md,0,
Au-17_0404,typoglyphs/19_glyphs/t19_l04g04.png,keywords/19_keywords/t19_l04g04.md,0,
Au-17_0405,typoglyphs/19_glyphs/t19_l04g05.png,keywords/19_keywords/t19_l04g05.md,0,
Au-17_0406,typoglyphs/19_glyphs/t19_l04g06.png,keywords/19_keywords/t19_l04g06.md,0,
Au-17_0407,typoglyphs/19_glyphs/t19_l04g07.png,keywords/19_keywords/t19_l04g07.md,0,
Au-17_0408,typoglyphs/19_glyphs/t19_l04g08.png,keywords/19_keywords/t19_l04g08.md,0,
Au-17_0409,typoglyphs/19_glyphs/t19_l04g09.png,keywords/19_keywords/t19_l04g09.md,0,
Au-17_0410,typoglyphs/19_glyphs/t19_l04g10.png,keywords/19_keywords/t19_l04g10.md,0,
Au-17_0411,typoglyphs/19_glyphs/t19_l04g11.png,keywords/19_keywords/t19_l04g11.md,0,
Au-17_0412,typoglyphs/19_glyphs/t19_l04g12.png,keywords/19_keywords/t19_l04g12.md,0,
Au-17_0413,typoglyphs/19_glyphs/t19_l04g13.png,keywords/19_keywords/t19_l04g13.md,0,
Au-17_0414,typoglyphs/19_glyphs/t19_l04g14.png,keywords/19_keywords/t19_l04g14.md,0,
Au-17_0415,typoglyphs/19_glyphs/t19_l04g15.png,keywords/19_keywords/t19_l04g15.md,0,
Au-17_0416,typoglyphs/19_glyphs/t19_l04g16.png,keywords/19_keywords/t19_l04g16.md,0,
Au-17_0417,typoglyphs/19_glyphs/t19_l04g17.png,keywords/19_keywords/t19_l04g17.md,0,
Au-17_0418,typoglyphs/19_glyphs/t19_l04g18.png,keywords/19_keywords/t19_l04g18.md,0,
Au-17_0419,typoglyphs/19_glyphs/t19_l04g19.png,keywords/19_keywords/t19_l04g19.md,0,
Au-17_0420,typoglyphs/19_glyphs/t19_l04g20.png,keywords/19_keywords/t19_l04g20.md,0,
Au-17_0421,typoglyphs/19_glyphs/t19_l04g21.png,keywords/19_keywords/t19_l04g21.md,0,
Au-17_0422,typoglyphs/19_glyphs/t19_l04g22.png,keywords/19_keywords/t19_l04g22.md,0,
Au-17_0423,typoglyphs/19_glyphs/t19_l04g23.png,keywords/19_keywords/t19_l04g23.md,0,
Ha-01_0101,typoglyphs/20_glyphs/t20_l01g01.png,keywords/20_keywords/t20_l01g01.md,0,
Ha-01_0102,typoglyphs/20_glyphs/t20_l01g02.png,keywords/20_keywords/t20_l01g02.md,0,
Ha-01_0103,typoglyphs/20_glyphs/t20_l01g03.png,keywords/20_keywords/t20_l01g03.md,0,
Ha-01_0104,typoglyphs/20_glyphs/t20_l01g04.png,keywords/20_keywords/t20_l01g04.md,0,
Ha-01_0105,typoglyphs/20_glyphs/t20_l01g05.png,keywords/20_keywords/t20_l01g05.md,0,
Ha-01_0106,typoglyphs/20_glyphs/t20_l01g06.png,keywords/20_keywords/t20_l01g06.md,0,
Ha-01_0107,typoglyphs/20_glyphs/t20_l01g07.png,keywords/20_keywords/t20_l01g07.md,0,
Ha-01_0108,typoglyphs/20_glyphs/t20_l01g08.png,keywords/20_keywords/t20_l01g08.md,0,
Ha-01_0109,typoglyphs/20_glyphs/t20_l01g09.png,keywords/20_keywords/t20_l01g09.md,0,
Ha-01_0110,typoglyphs/20_glyphs/t20_l01g10.png,keywords/20_keywords/t20_l01g10.md,0,
Ha-01_0111,typoglyphs/20_glyphs/t20_l01g11.png,keywords/20_keywords/t20_l01g11.md,0,
Ha-01_0112,typoglyphs/20_glyphs/t20_l01g12.png,keywords/20_keywords/t20_l01g12.md,0,
Ha-01_0113,typoglyphs/20_glyphs/t20_l01g13.png,keywords/20_keywords/t20_l01g13.md,0,
Ha-01_0114,typoglyphs/20_glyphs/t20_l01g14.png,keywords/20_keywords/t20_l01g14.md,0,
Ha-01_0115,typoglyphs/20_glyphs/t20_l01g15.png,keywords/20_keywords/t20_l01g15.md,0,
Ha-01_0116,typoglyphs/20_glyphs/t20_l01g16.png,keywords/20_keywords/t20_l01g16.md,0,
Ha-01_0201,typoglyphs/20_glyphs/t20_l02g01.png,keywords/20_keywords/t20_l02g01.md,0,
Ha-01_0202,typoglyphs/20_glyphs/t20_l02g02.png,keywords/20_keywords/t20_l02g02.md,0,
Ha-01_0203,typoglyphs/20_glyphs/t20_l02g03.png,keywords/20_keywords/t20_l02g03.md,0,
Ha-01_0204,typoglyphs/20_glyphs/t20_l02g04.png,keywords/20_keywords/t20_l02g04.md,0,
Ha-01_0205,typoglyphs/20_glyphs/t20_l02g05.png,keywords/20_keywords/t20_l02g05.md,0,
Ha-01_0206,typoglyphs/20_glyphs/t20_l02g06.png,keywords/20_keywords/t20_l02g06.md,0,
Ha-01_0207,typoglyphs/20_glyphs/t20_l02g07.png,keywords/20_keywords/t20_l02g07.md,0,
Ha-01_0208,typoglyphs/20_glyphs/t20_l02g08.png,keywords/20_keywords/t20_l02g08.md,0,
Ha-01_0209,typoglyphs/20_glyphs/t20_l02g09.png,keywords/20_keywords/t20_l02g09.md,0,
Ha-01_0210,typoglyphs/20_glyphs/t20_l02g10.png,keywords/20_keywords/t20_l02g10.md,0,
Ha-01_0211,typoglyphs/20_glyphs/t20_l02g11.png,keywords/20_keywords/t20_l02g11.md,0,
Ha-01_0212,typoglyphs/20_glyphs/t20_l02g12.png,keywords/20_keywords/t20_l02g12.md,0,
Ha-01_0213,typoglyphs/20_glyphs/t20_l02g13.png,keywords/20_keywords/t20_l02g13.md,0,
Ha-01_0214,typoglyphs/20_glyphs/t20_l02g14.png,keywords/20_keywords/t20_l02g14.md,0,
Ha-01_0215,typoglyphs/20_glyphs/t20_l02g15.png,keywords/20_keywords/t20_l02g15.md,0,
Ha-01_0216,typoglyphs/20_glyphs/t20_l02g16.png,keywords/20_keywords/t20_l02g16.md,0,
Ha-01_0217,typoglyphs/20_glyphs/t20_l02g17.png,keywords/20_keywords/t20_l02g17.md,0,
Ha-01_0218,typoglyphs/20_glyphs/t20_l02g18.png,keywords/20_keywords/t20_l02g18.md,0,
Ha-01_0219,typoglyphs/20_glyphs/t20_l02g19.png,keywords/20_keywords/t20_l02g19.md,0,
Ha-01_0220,typoglyphs/20_glyphs/t20_l02g20.png,keywords/20_keywords/t20_l02g20.md,0,
Ha-01_0221,typoglyphs/20_glyphs/t20_l02g21.png,keywords/20_keywords/t20_l02g21.md,0,
Ha-01_0222,typoglyphs/20_glyphs/t20_l02g22.png,keywords/20_keywords/t20_l02g22.md,0,
Ha-01_0223,typoglyphs/20_glyphs/t20_l02g23.png,keywords/20_keywords/t20_l02g23.md,0,
Ha-01_0224,typoglyphs/20_glyphs/t20_l02g24.png,keywords/20_keywords/t20_l02g24.md,0,
Ha-01_0225,typoglyphs/20_glyphs/t20_l02g25.png,keywords/20_keywords/t20_l02g25.md,0,
Ha-01_0226,typoglyphs/20_glyphs/t20_l02g26.png,keywords/20_keywords/t20_l02g26.md,0,
Ha-01_0301,typoglyphs/20_glyphs/t20_l03g01.png,keywords/20_keywords/t20_l03g01.md,0,
Ha-01_0302,typoglyphs/20_glyphs/t20_l03g02.png,keywords/20_keywords/t20_l03g02.md,0,
Ha-01_0303,typoglyphs/20_glyphs/t20_l03g03.png,keywords/20_keywords/t20_l03g03.md,0,
Ha-01_0304,typoglyphs/20_glyphs/t20_l03g04.png,keywords/20_keywords/t20_l03g04.md,0,
Ha-01_0305,typoglyphs/20_glyphs/t20_l03g05.png,keywords/20_keywords/t20_l03g05.md,0,
Ha-01_0306,typoglyphs/20_glyphs/t20_l03g06.png,keywords/20_keywords/t20_l03g06.md,0,
Ha-01_0307,typoglyphs/20_glyphs/t20_l03g07.png,keywords/20_keywords/t20_l03g07.md,0,
Ha-01_0308,typoglyphs/20_glyphs/t20_l03g08.png,keywords/20_keywords/t20_l03g08.md,0,
Ha-01_0309,typoglyphs/20_glyphs/t20_l03g09.png,keywords/20_keywords/t20_l03g09.md,0,
Ha-01_0310,typoglyphs/20_glyphs/t20_l03g10.png,keywords/20_keywords/t20_l03g10.md,0,
Ha-01_0311,typoglyphs/20_glyphs/t20_l03g11.png,keywords/20_keywords/t20_l03g11.md,0,
Ha-01_0312,typoglyphs/20_glyphs/t20_l03g12.png,keywords/20_keywords/t20_l03g12.md,0,
Ha-01_0313,typoglyphs/20_glyphs/t20_l03g13.png,keywords/20_keywords/t20_l03g13.md,0,
Ha-01_0314,typoglyphs/20_glyphs/t20_l03g14.png,keywords/20_keywords/t20_l03g14.md,0,
Ha-01_0315,typoglyphs/20_glyphs/t20_l03g15.png,keywords/20_keywords/t20_l03g15.md,0,
Ha-01_0316,typoglyphs/20_glyphs/t20_l03g16.png,keywords/20_keywords/t20_l03g16.md,0,
Ha-01_0317,typoglyphs/20_glyphs/t20_l03g17.png,keywords/20_keywords/t20_l03g17.md,0,
Ha-01_0318,typoglyphs/20_glyphs/t20_l03g18.png,keywords/20_keywords/t20_l03g18.md,0,
Ha-01_0319,typoglyphs/20_glyphs/t20_l03g19.png,keywords/20_keywords/t20_l03g19.md,0,
Ha-01_0320,typoglyphs/20_glyphs/t20_l03g20.png,keywords/20_keywords/t20_l03g20.md,0,
Ha-01_0321,typoglyphs/20_glyphs/t20_l03g21.png,keywords/20_keywords/t20_l03g21.md,0,
Ha-01_0322,typoglyphs/20_glyphs/t20_l03g22.png,keywords/20_keywords/t20_l03g22.md,0,
Ha-01_0323,typoglyphs/20_glyphs/t20_l03g23.png,keywords/20_keywords/t20_l03g23.md,0,
Ha-01_0324,typoglyphs/20_glyphs/t20_l03g24.png,keywords/20_keywords/t20_l03g24.md,0,
Ha-01_0325,typoglyphs/20_glyphs/t20_l03g25.png,keywords/20_keywords/t20_l03g25.md,0,
Ha-01_0326,typoglyphs/20_glyphs/t20_l03g26.png,keywords/20_keywords/t20_l03g26.md,0,
Ha-01_0327,typoglyphs/20_glyphs/t20_l03g27.png,keywords/20_keywords/t20_l03g27.md,0,
Ha-01_0401,typoglyphs/20_glyphs/t20_l04g01.png,keywords/20_keywords/t20_l04g01.md,0,
Ha-01_0402,typoglyphs/20_glyphs/t20_l04g02.png,keywords/20_keywords/t20_l04g02.md,0,
Ha-01_0403,typoglyphs/20_glyphs/t20_l04g03.png,keywords/20_keywords/t20_l04g03.md,0,
Ha-01_0404,typoglyphs/20_glyphs/t20_l04g04.png,keywords/20_keywords/t20_l04g04.md,0,
Ha-01_0405,typoglyphs/20_glyphs/t20_l04g05.png,keywords/20_keywords/t20_l04g05.md,0,
Ha-01_0406,typoglyphs/20_glyphs/t20_l04g06.png,keywords/20_keywords/t20_l04g06.md,0,
Ha-01_0407,typoglyphs/20_glyphs/t20_l04g07.png,keywords/20_keywords/t20_l04g07.md,0,
Ha-01_0408,typoglyphs/20_glyphs/t20_l04g08.png,keywords/20_keywords/t20_l04g08.md,0,
Ha-01_0409,typoglyphs/20_glyphs/t20_l04g09.png,keywords/20_keywords/t20_l04g09.md,0,
Ha-01_0410,typoglyphs/20_glyphs/t20_l04g10.png,keywords/20_keywords/t20_l04g10.md,0,
Ha-01_0411,typoglyphs/20_glyphs/t20_l04g11.png,keywords/20_keywords/t20_l04g11.md,0,
Ha-01_0412,typoglyphs/20_glyphs/t20_l04g12.png,keywords/20_keywords/t20_l04g12.md,0,
Ha-01_0413,typoglyphs/20_glyphs/t20_l04g13.png,keywords/20_keywords/t20_l04g13.md,0,
Ha-01_0414,typoglyphs/20_glyphs/t20_l04g14.png,keywords/20_keywords/t20_l04g14.md,0,
Ha-01_0415,typoglyphs/20_glyphs/t20_l04g15.png,keywords/20_keywords/t20_l04g15.md,0,
Ha-01_0416,typoglyphs/20_glyphs/t20_l04g16.png,keywords/20_keywords/t20_l04g16.md,0,
Ha-02_0101,typoglyphs/21_glyphs/t21_l01g01.png,keywords/21_keywords/t21_l01g01.md,0,
Ha-02_0102,typoglyphs/21_glyphs/t21_l01g02.png,keywords/21_keywords/t21_l01g02.md,0,
Ha-02_0103,typoglyphs/21_glyphs/t21_l01g03.png,keywords/21_keywords/t21_l01g03.md,0,
Ha-02_0104,typoglyphs/21_glyphs/t21_l01g04.png,keywords/21_keywords/t21_l01g04.md,0,
Ha-02_0105,typoglyphs/21_glyphs/t21_l01g05.png,keywords/21_keywords/t21_l01g05.md,0,
Ha-02_0106,typoglyphs/21_glyphs/t21_l01g06.png,keywords/21_keywords/t21_l01g06.md,0,
Ha-02_0107,typoglyphs/21_glyphs/t21_l01g07.png,keywords/21_keywords/t21_l01g07.md,0,
Ha-02_0108,typoglyphs/21_glyphs/t21_l01g08.png,keywords/21_keywords/t21_l01g08.md,0,
Ha-02_0109,typoglyphs/21_glyphs/t21_l01g09.png,keywords/21_keywords/t21_l01g09.md,0,
Ha-02_0110,typoglyphs/21_glyphs/t21_l01g10.png,keywords/21_keywords/t21_l01g10.md,0,
Ha-02_0111,typoglyphs/21_glyphs/t21_l01g11.png,keywords/21_keywords/t21_l01g11.md,0,
Ha-02_0112,typoglyphs/21_glyphs/t21_l01g12.png,keywords/21_keywords/t21_l01g12.md,0,
Ha-02_0113,typoglyphs/21_glyphs/t21_l01g13.png,keywords/21_keywords/t21_l01g13.md,0,
Ha-02_0114,typoglyphs/21_glyphs/t21_l01g14.png,keywords/21_keywords/t21_l01g14.md,0,
Ha-02_0115,typoglyphs/21_glyphs/t21_l01g15.png,keywords/21_keywords/t21_l01g15.md,0,
Ha-02_0116,typoglyphs/21_glyphs/t21_l01g16.png,keywords/21_keywords/t21_l01g16.md,0,
Ha-02_0117,typoglyphs/21_glyphs/t21_l01g17.png,keywords/21_keywords/t21_l01g17.md,0,
Ha-02_0118,typoglyphs/21_glyphs/t21_l01g18.png,keywords/21_keywords/t21_l01g18.md,0,
Ha-02_0119,typoglyphs/21_glyphs/t21_l01g19.png,keywords/21_keywords/t21_l01g19.md,0,
Ha-02_0120,typoglyphs/21_glyphs/t21_l01g20.png,keywords/21_keywords/t21_l01g20.md,0,
Ha-02_0121,typoglyphs/21_glyphs/t21_l01g21.png,keywords/21_keywords/t21_l01g21.md,0,
Ha-02_0201,typoglyphs/21_glyphs/t21_l02g01.png,keywords/21_keywords/t21_l02g01.md,0,
Ha-02_0202,typoglyphs/21_glyphs/t21_l02g02.png,keywords/21_keywords/t21_l02g02.md,0,
Ha-02_0203,typoglyphs/21_glyphs/t21_l02g03.png,keywords/21_keywords/t21_l02g03.md,0,
Ha-02_0204,typoglyphs/21_glyphs/t21_l02g04.png,keywords/21_keywords/t21_l02g04.md,0,
Ha-02_0205,typoglyphs/21_glyphs/t21_l02g05.png,keywords/21_keywords/t21_l02g05.md,0,
Ha-02_0206,typoglyphs/21_glyphs/t21_l02g06.png,keywords/21_keywords/t21_l02g06.md,0,
Ha-02_0207,typoglyphs/21_glyphs/t21_l02g07.png,keywords/21_keywords/t21_l02g07.md,0,
Ha-02_0208,typoglyphs/21_glyphs/t21_l02g08.png,keywords/21_keywords/t21_l02g08.md,0,
Ha-02_0209,typoglyphs/21_glyphs/t21_l02g09.png,keywords/21_keywords/t21_l02g09.md,0,
Ha-02_0210,typoglyphs/21_glyphs/t21_l02g10.png,keywords/21_keywords/t21_l02g10.md,0,
Ha-02_0211,typoglyphs/21_glyphs/t21_l02g11.png,keywords/21_keywords/t21_l02g11.md,0,
Ha-02_0212,typoglyphs/21_glyphs/t21_l02g12.png,keywords/21_keywords/t21_l02g12.md,0,
Ha-02_0213,typoglyphs/21_glyphs/t21_l02g13.png,keywords/21_keywords/t21_l02g13.md,0,
Ha-02_0214,typoglyphs/21_glyphs/t21_l02g14.png,keywords/21_keywords/t21_l02g14.md,0,
Ha-02_0215,typoglyphs/21_glyphs/t21_l02g15.png,keywords/21_keywords/t21_l02g15.md,0,
Ha-02_0216,typoglyphs/21_glyphs/t21_l02g16.png,keywords/21_keywords/t21_l02g16.md,0,
Ha-02_0217,typoglyphs/21_glyphs/t21_l02g17.png,keywords/21_keywords/t21_l02g17.md,0,
Ha-02_0218,typoglyphs/21_glyphs/t21_l02g18.png,keywords/21_keywords/t21_l02g18.md,0,
Ha-02_0219,typoglyphs/21_glyphs/t21_l02g19.png,keywords/21_keywords/t21_l02g19.md,0,
Ha-02_0220,typoglyphs/21_glyphs/t21_l02g20.png,keywords/21_keywords/t21_l02g20.md,0,
Ha-02_0221,typoglyphs/21_glyphs/t21_l02g21.png,keywords/21_keywords/t21_l02g21.md,0,
Ha-02_0222,typoglyphs/21_glyphs/t21_l02g22.png,keywords/21_keywords/t21_l02g22.md,0,
Ha-02_0223,typoglyphs/21_glyphs/t21_l02g23.png,keywords/21_keywords/t21_l02g23.md,0,
Ha-02_0224,typoglyphs/21_glyphs/t21_l02g24.png,keywords/21_keywords/t21_l02g24.md,0,
Ha-02_0225,typoglyphs/21_glyphs/t21_l02g25.png,keywords/21_keywords/t21_l02g25.md,0,
Ha-02_0226,typoglyphs/21_glyphs/t21_l02g26.png,keywords/21_keywords/t21_l02g26.md,0,
Ha-02_0227,typoglyphs/21_glyphs/t21_l02g27.png,keywords/21_keywords/t21_l02g27.md,0,
Ha-02_0228,typoglyphs/21_glyphs/t21_l02g28.png,keywords/21_keywords/t21_l02g28.md,0,
Ha-02_0229,typoglyphs/21_glyphs/t21_l02g29.png,keywords/21_keywords/t21_l02g29.md,0,
Ha-02_0230,typoglyphs/21_glyphs/t21_l02g30.png,keywords/21_keywords/t21_l02g30.md,0,
Ha-02_0231,typoglyphs/21_glyphs/t21_l02g31.png,keywords/21_keywords/t21_l02g31.md,0,
Ha-02_0232,typoglyphs/21_glyphs/t21_l02g32.png,keywords/21_keywords/t21_l02g32.md,0,
Ha-02_0233,typoglyphs/21_glyphs/t21_l02g33.png,keywords/21_keywords/t21_l02g33.md,0,
Ha-02_0234,typoglyphs/21_glyphs/t21_l02g34.png,keywords/21_keywords/t21_l02g34.md,0,
Ha-02_0235,typoglyphs/21_glyphs/t21_l02g35.png,keywords/21_keywords/t21_l02g35.md,0,
Ha-02_0236,typoglyphs/21_glyphs/t21_l02g36.png,keywords/21_keywords/t21_l02g36.md,0,
Ha-02_0237,typoglyphs/21_glyphs/t21_l02g37.png,keywords/21_keywords/t21_l02g37.md,0,
Ha-02_0238,typoglyphs/21_glyphs/t21_l02g38.png,keywords/21_keywords/t21_l02g38.md,0,
Ha-02_0239,typoglyphs/21_glyphs/t21_l02g39.png,keywords/21_keywords/t21_l02g39.md,0,
Ha-02_0240,typoglyphs/21_glyphs/t21_l02g40.png,keywords/21_keywords/t21_l02g40.md,0,
Ha-02_0301,typoglyphs/21_glyphs/t21_l03g01.png,keywords/21_keywords/t21_l03g01.md,0,
Ha-02_0302,typoglyphs/21_glyphs/t21_l03g02.png,keywords/21_keywords/t21_l03g02.md,0,
Ha-02_0303,typoglyphs/21_glyphs/t21_l03g03.png,keywords/21_keywords/t21_l03g03.md,0,
Ha-02_0304,typoglyphs/21_glyphs/t21_l03g04.png,keywords/21_keywords/t21_l03g04.md,0,
Ha-02_0305,typoglyphs/21_glyphs/t21_l03g05.png,keywords/21_keywords/t21_l03g05.md,0,
Ha-02_0306,typoglyphs/21_glyphs/t21_l03g06.png,keywords/21_keywords/t21_l03g06.md,0,
Ha-02_0307,typoglyphs/21_glyphs/t21_l03g07.png,keywords/21_keywords/t21_l03g07.md,0,
Ha-02_0308,typoglyphs/21_glyphs/t21_l03g08.png,keywords/21_keywords/t21_l03g08.md,0,
Ha-02_0309,typoglyphs/21_glyphs/t21_l03g09.png,keywords/21_keywords/t21_l03g09.md,0,
Ha-02_0310,typoglyphs/21_glyphs/t21_l03g10.png,keywords/21_keywords/t21_l03g10.md,0,
Ha-02_0311,typoglyphs/21_glyphs/t21_l03g11.png,keywords/21_keywords/t21_l03g11.md,0,
Ha-02_0312,typoglyphs/21_glyphs/t21_l03g12.png,keywords/21_keywords/t21_l03g12.md,0,
Ha-02_0313,typoglyphs/21_glyphs/t21_l03g13.png,keywords/21_keywords/t21_l03g13.md,0,
Ha-02_0314,typoglyphs/21_glyphs/t21_l03g14.png,keywords/21_keywords/t21_l03g14.md,0,
Ha-02_0315,typoglyphs/21_glyphs/t21_l03g15.png,keywords/21_keywords/t21_l03g15.md,0,
Ha-02_0316,typoglyphs/21_glyphs/t21_l03g16.png,keywords/21_keywords/t21_l03g16.md,0,
Ha-02_0317,typoglyphs/21_glyphs/t21_l03g17.png,keywords/21_keywords/t21_l03g17.md,0,
Ha-02_0318,typoglyphs/21_glyphs/t21_l03g18.png,keywords/21_keywords/t21_l03g18.md,0,
Ha-02_0319,typoglyphs/21_glyphs/t21_l03g19.png,keywords/21_keywords/t21_l03g19.md,0,
Ha-02_0320,typoglyphs/21_glyphs/t21_l03g20.png,keywords/21_keywords/t21_l03g20.md,0,
Ha-02_0321,typoglyphs/21_glyphs/t21_l03g21.png,keywords/21_keywords/t21_l03g21.md,0,
Ha-02_0322,typoglyphs/21_glyphs/t21_l03g22.png,keywords/21_keywords/t21_l03g22.md,0,
Ha-02_0323,typoglyphs/21_glyphs/t21_l03g23.png,keywords/21_keywords/t21_l03g23.md,0,
Ha-02_0324,typoglyphs/21_glyphs/t21_l03g24.png,keywords/21_keywords/t21_l03g24.md,0,
Ha-02_0325,typoglyphs/21_glyphs/t21_l03g25.png,keywords/21_keywords/t21_l03g25.md,0,
Ha-02_0326,typoglyphs/21_glyphs/t21_l03g26.png,keywords/21_keywords/t21_l03g26.md,0,
Ha-02_0327,typoglyphs/21_glyphs/t21_l03g27.png,keywords/21_keywords/t21_l03g27.md,0,
Ha-02_0328,typoglyphs/21_glyphs/t21_l03g28.png,keywords/21_keywords/t21_l03g28.md,0,
Ha-02_0329,typoglyphs/21_glyphs/t21_l03g29.png,keywords/21_keywords/t21_l03g29.md,0,
Ha-02_0330,typoglyphs/21_glyphs/t21_l03g30.png,keywords/21_keywords/t21_l03g30.md,0,
Ha-02_0331,typoglyphs/21_glyphs/t21_l03g31.png,keywords/21_keywords/t21_l03g31.md,0,
Ha-02_0332,typoglyphs/21_glyphs/t21_l03g32.png,keywords/21_keywords/t21_l03g32.md,0,
Ha-02_0333,typoglyphs/21_glyphs/t21_l03g33.png,keywords/21_keywords/t21_l03g33.md,0,
Ha-02_0334,typoglyphs/21_glyphs/t21_l03g34.png,keywords/21_keywords/t21_l03g34.md,0,
Ha-02_0335,typoglyphs/21_glyphs/t21_l03g35.png,keywords/21_keywords/t21_l03g35.md,0,
Ha-02_0336,typoglyphs/21_glyphs/t21_l03g36.png,keywords/21_keywords/t21_l03g36.md,0,
Ha-02_0337,typoglyphs/21_glyphs/t21_l03g37.png,keywords/21_keywords/t21_l03g37.md,0,
Ha-02_0401,typoglyphs/21_glyphs/t21_l04g01.png,keywords/21_keywords/t21_l04g01.md,0,
Ha-02_0402,typoglyphs/21_glyphs/t21_l04g02.png,keywords/21_keywords/t21_l04g02.md,0,
Ha-02_0403,typoglyphs/21_glyphs/t21_l04g03.png,keywords/21_keywords/t21_l04g03.md,0,
Ha-02_0404,typoglyphs/21_glyphs/t21_l04g04.png,keywords/21_keywords/t21_l04g04.md,0,
Ha-02_0405,typoglyphs/21_glyphs/t21_l04g05.png,keywords/21_keywords/t21_l04g05.md,0,
Ha-02_0406,typoglyphs/21_glyphs/t21_l04g06.png,keywords/21_keywords/t21_l04g06.md,0,
Ha-02_0407,typoglyphs/21_glyphs/t21_l04g07.png,keywords/21_keywords/t21_l04g07.md,0,
Ha-02_0408,typoglyphs/21_glyphs/t21_l04g08.png,keywords/21_keywords/t21_l04g08.md,0,
Ha-02_0409,typoglyphs/21_glyphs/t21_l04g09.png,keywords/21_keywords/t21_l04g09.md,0,
Ha-02_0410,typoglyphs/21_glyphs/t21_l04g10.png,keywords/21_keywords/t21_l04g10.md,0,
Ha-02_0411,typoglyphs/21_glyphs/t21_l04g11.png,keywords/21_keywords/t21_l04g11.md,0,
Ha-02_0412,typoglyphs/21_glyphs/t21_l04g12.png,keywords/21_keywords/t21_l04g12.md,0,
Ha-02_0413,typoglyphs/21_glyphs/t21_l04g13.png,keywords/21_keywords/t21_l04g13.md,0,
Ha-03_0101,typoglyphs/22_glyphs/t22_l01g01.png,keywords/22_keywords/t22_l01g01.md,0,
Ha-03_0102,typoglyphs/22_glyphs/t22_l01g02.png,keywords/22_keywords/t22_l01g02.md,0,
Ha-03_0103,typoglyphs/22_glyphs/t22_l01g03.png,keywords/22_keywords/t22_l01g03.md,0,
Ha-03_0104,typoglyphs/22_glyphs/t22_l01g04.png,keywords/22_keywords/t22_l01g04.md,0,
Ha-03_0105,typoglyphs/22_glyphs/t22_l01g05.png,keywords/22_keywords/t22_l01g05.md,0,
Ha-03_0106,typoglyphs/22_glyphs/t22_l01g06.png,keywords/22_keywords/t22_l01g06.md,0,
Ha-03_0107,typoglyphs/22_glyphs/t22_l01g07.png,keywords/22_keywords/t22_l01g07.md,0,
Ha-03_0108,typoglyphs/22_glyphs/t22_l01g08.png,keywords/22_keywords/t22_l01g08.md,0,
Ha-03_0109,typoglyphs/22_glyphs/t22_l01g09.png,keywords/22_keywords/t22_l01g09.md,0,
Ha-03_0110,typoglyphs/22_glyphs/t22_l01g10.png,keywords/22_keywords/t22_l01g10.md,0,
Ha-03_0111,typoglyphs/22_glyphs/t22_l01g11.png,keywords/22_keywords/t22_l01g11.md,0,
Ha-03_0112,typoglyphs/22_glyphs/t22_l01g12.png,keywords/22_keywords/t22_l01g12.md,0,
Ha-03_0113,typoglyphs/22_glyphs/t22_l01g13.png,keywords/22_keywords/t22_l01g13.md,0,
Ha-03_0114,typoglyphs/22_glyphs/t22_l01g14.png,keywords/22_keywords/t22_l01g14.md,0,
Ha-03_0115,typoglyphs/22_glyphs/t22_l01g15.png,keywords/22_keywords/t22_l01g15.md,0,
Ha-03_0116,typoglyphs/22_glyphs/t22_l01g16.png,keywords/22_keywords/t22_l01g16.md,0,
Ha-03_0117,typoglyphs/22_glyphs/t22_l01g17.png,keywords/22_keywords/t22_l01g17.md,0,
Ha-03_0118,typoglyphs/22_glyphs/t22_l01g18.png,keywords/22_keywords/t22_l01g18.md,0,
Ha-03_0119,typoglyphs/22_glyphs/t22_l01g19.png,keywords/22_keywords/t22_l01g19.md,0,
Ha-03_0120,typoglyphs/22_glyphs/t22_l01g20.png,keywords/22_keywords/t22_l01g20.md,0,
Ha-03_0121,typoglyphs/22_glyphs/t22_l01g21.png,keywords/22_keywords/t22_l01g21.md,0,
Ha-03_0122,typoglyphs/22_glyphs/t22_l01g22.png,keywords/22_keywords/t22_l01g22.md,0,
Ha-03_0201,typoglyphs/22_glyphs/t22_l02g01.png,keywords/22_keywords/t22_l02g01.md,0,
Ha-03_0202,typoglyphs/22_glyphs/t22_l02g02.png,keywords/22_keywords/t22_l02g02.md,0,
Ha-03_0203,typoglyphs/22_glyphs/t22_l02g03.png,keywords/22_keywords/t22_l02g03.md,0,
Ha-03_0204,typoglyphs/22_glyphs/t22_l02g04.png,keywords/22_keywords/t22_l02g04.md,0,
Ha-03_0205,typoglyphs/22_glyphs/t22_l02g05.png,keywords/22_keywords/t22_l02g05.md,0,
Ha-03_0206,typoglyphs/22_glyphs/t22_l02g06.png,keywords/22_keywords/t22_l02g06.md,0,
Ha-03_0207,typoglyphs/22_glyphs/t22_l02g07.png,keywords/22_keywords/t22_l02g07.md,0,
Ha-03_0208,typoglyphs/22_glyphs/t22_l02g08.png,keywords/22_keywords/t22_l02g08.md,0,
Ha-03_0209,typoglyphs/22_glyphs/t22_l02g09.png,keywords/22_keywords/t22_l02g09.md,0,
Ha-03_0210,typoglyphs/22_glyphs/t22_l02g10.png,keywords/22_keywords/t22_l02g10.md,0,
Ha-03_0211,typoglyphs/22_glyphs/t22_l02g11.png,keywords/22_keywords/t22_l02g11.md,0,
Ha-03_0212,typoglyphs/22_glyphs/t22_l02g12.png,keywords/22_keywords/t22_l02g12.md,0,
Ha-03_0213,typoglyphs/22_glyphs/t22_l02g13.png,keywords/22_keywords/t22_l02g13.md,0,
Ha-03_0214,typoglyphs/22_glyphs/t22_l02g14.png,keywords/22_keywords/t22_l02g14.md,0,
Ha-03_0215,typoglyphs/22_glyphs/t22_l02g15.png,keywords/22_keywords/t22_l02g15.md,0,
Ha-03_0216,typoglyphs/22_glyphs/t22_l02g16.png,keywords/22_keywords/t22_l02g16.md,0,
Ha-03_0217,typoglyphs/22_glyphs/t22_l02g17.png,keywords/22_keywords/t22_l02g17.md,0,
Ha-03_0218,typoglyphs/22_glyphs/t22_l02g18.png,keywords/22_keywords/t22_l02g18.md,0,
Ha-03_0219,typoglyphs/22_glyphs/t22_l02g19.png,keywords/22_keywords/t22_l02g19.md,0,
Ha-03_0220,typoglyphs/22_glyphs/t22_l02g20.png,keywords/22_keywords/t22_l02g20.md,0,
Ha-03_0221,typoglyphs/22_glyphs/t22_l02g21.png,keywords/22_keywords/t22_l02g21.md,0,
Ha-03_0222,typoglyphs/22_glyphs/t22_l02g22.png,keywords/22_keywords/t22_l02g22.md,0,
Ha-03_0223,typoglyphs/22_glyphs/t22_l02g23.png,keywords/22_keywords/t22_l02g23.md,0,
Ha-03_0224,typoglyphs/22_glyphs/t22_l02g24.png,keywords/22_keywords/t22_l02g24.md,0,
Ha-03_0225,typoglyphs/22_glyphs/t22_l02g25.png,keywords/22_keywords/t22_l02g25.md,0,
Ha-03_0226,typoglyphs/22_glyphs/t22_l02g26.png,keywords/22_keywords/t22_l02g26.md,0,
Ha-03_0227,typoglyphs/22_glyphs/t22_l02g27.png,keywords/22_keywords/t22_l02g27.md,0,
Ha-03_0228,typoglyphs/22_glyphs/t22_l02g28.png,keywords/22_keywords/t22_l02g28.md,0,
Ha-03_0229,typoglyphs/22_glyphs/t22_l02g29.png,keywords/22_keywords/t22_l02g29.md,0,
Ha-03_0230,typoglyphs/22_glyphs/t22_l02g30.png,keywords/22_keywords/t22_l02g30.md,0,
Ha-03_0231,typoglyphs/22_glyphs/t22_l02g31.png,keywords/22_keywords/t22_l02g31.md,0,
Ha-03_0232,typoglyphs/22_glyphs/t22_l02g32.png,keywords/22_keywords/t22_l02g32.md,0,
Ha-03_0233,typoglyphs/22_glyphs/t22_l02g33.png,keywords/22_keywords/t22_l02g33.md,0,
Ha-03_0234,typoglyphs/22_glyphs/t22_l02g34.png,keywords/22_keywords/t22_l02g34.md,0,
Ha-03_0235,typoglyphs/22_glyphs/t22_l02g35.png,keywords/22_keywords/t22_l02g35.md,0,
Ha-03_0236,typoglyphs/22_glyphs/t22_l02g36.png,keywords/22_keywords/t22_l02g36.md,0,
Ha-03_0237,typoglyphs/22_glyphs/t22_l02g37.png,keywords/22_keywords/t22_l02g37.md,0,
Ha-03_0238,typoglyphs/22_glyphs/t22_l02g38.png,keywords/22_keywords/t22_l02g38.md,0,
Ha-03_0301,typoglyphs/22_glyphs/t22_l03g01.png,keywords/22_keywords/t22_l03g01.md,0,
Ha-03_0302,typoglyphs/22_glyphs/t22_l03g02.png,keywords/22_keywords/t22_l03g02.md,0,
Ha-03_0303,typoglyphs/22_glyphs/t22_l03g03.png,keywords/22_keywords/t22_l03g03.md,0,
Ha-03_0304,typoglyphs/22_glyphs/t22_l03g04.png,keywords/22_keywords/t22_l03g04.md,0,
Ha-03_0305,typoglyphs/22_glyphs/t22_l03g05.png,keywords/22_keywords/t22_l03g05.md,0,
Ha-03_0306,typoglyphs/22_glyphs/t22_l03g06.png,keywords/22_keywords/t22_l03g06.md,0,
Ha-03_0307,typoglyphs/22_glyphs/t22_l03g07.png,keywords/22_keywords/t22_l03g07.md,0,
Ha-03_0308,typoglyphs/22_glyphs/t22_l03g08.png,keywords/22_keywords/t22_l03g08.md,0,
Ha-03_0309,typoglyphs/22_glyphs/t22_l03g09.png,keywords/22_keywords/t22_l03g09.md,0,
Ha-03_0310,typoglyphs/22_glyphs/t22_l03g10.png,keywords/22_keywords/t22_l03g10.md,0,
Ha-03_0311,typoglyphs/22_glyphs/t22_l03g11.png,keywords/22_keywords/t22_l03g11.md,0,
Ha-03_0312,typoglyphs/22_glyphs/t22_l03g12.png,keywords/22_keywords/t22_l03g12.md,0,
Ha-03_0313,typoglyphs/22_glyphs/t22_l03g13.png,keywords/22_keywords/t22_l03g13.md,0,
Ha-03_0314,typoglyphs/22_glyphs/t22_l03g14.png,keywords/22_keywords/t22_l03g14.md,0,
Ha-03_0315,typoglyphs/22_glyphs/t22_l03g15.png,keywords/22_keywords/t22_l03g15.md,0,
Ha-03_0316,typoglyphs/22_glyphs/t22_l03g16.png,keywords/22_keywords/t22_l03g16.md,0,
Ha-03_0317,typoglyphs/22_glyphs/t22_l03g17.png,keywords/22_keywords/t22_l03g17.md,0,
Ha-03_0318,typoglyphs/22_glyphs/t22_l03g18.png,keywords/22_keywords/t22_l03g18.md,0,
Ha-03_0319,typoglyphs/22_glyphs/t22_l03g19.png,keywords/22_keywords/t22_l03g19.md,0,
Ha-03_0320,typoglyphs/22_glyphs/t22_l03g20.png,keywords/22_keywords/t22_l03g20.md,0,
Ha-03_0321,typoglyphs/22_glyphs/t22_l03g21.png,keywords/22_keywords/t22_l03g21.md,0,
Ha-03_0322,typoglyphs/22_glyphs/t22_l03g22.png,keywords/22_keywords/t22_l03g22.md,0,
Ha-03_0323,typoglyphs/22_glyphs/t22_l03g23.png,keywords/22_keywords/t22_l03g23.md,0,
Ha-03_0324,typoglyphs/22_glyphs/t22_l03g24.png,keywords/22_keywords/t22_l03g24.md,0,
Ha-03_0325,typoglyphs/22_glyphs/t22_l03g25.png,keywords/22_keywords/t22_l03g25.md,0,
Ha-03_0326,typoglyphs/22_glyphs/t22_l03g26.png,keywords/22_keywords/t22_l03g26.md,0,
Ha-03_0327,typoglyphs/22_glyphs/t22_l03g27.png,keywords/22_keywords/t22_l03g27.md,0,
Ha-03_0328,typoglyphs/22_glyphs/t22_l03g28.png,keywords/22_keywords/t22_l03g28.md,0,
Ha-03_0329,typoglyphs/22_glyphs/t22_l03g29.png,keywords/22_keywords/t22_l03g29.md,0,
Ha-03_0330,typoglyphs/22_glyphs/t22_l03g30.png,keywords/22_keywords/t22_l03g30.md,0,
Ha-03_0331,typoglyphs/22_glyphs/t22_l03g31.png,keywords/22_keywords/t22_l03g31.md,0,
Ha-03_0332,typoglyphs/22_glyphs/t22_l03g32.png,keywords/22_keywords/t22_l03g32.md,0,
Ha-03_0333,typoglyphs/22_glyphs/t22_l03g33.png,keywords/22_keywords/t22_l03g33.md,0,
Ha-03_0334,typoglyphs/22_glyphs/t22_l03g34.png,keywords/22_keywords/t22_l03g34.md,0,
Ha-03_0335,typoglyphs/22_glyphs/t22_l03g35.png,keywords/22_keywords/t22_l03g35.md,0,
Ha-03_0336,typoglyphs/22_glyphs/t22_l03g36.png,keywords/22_keywords/t22_l03g36.md,0,
Ha-03_0337,typoglyphs/22_glyphs/t22_l03g37.png,keywords/22_keywords/t22_l03g37.md,0,
Ha-03_0338,typoglyphs/22_glyphs/t22_l03g38.png,keywords/22_keywords/t22_l03g38.md,0,
Ha-03_0339,typoglyphs/22_glyphs/t22_l03g39.png,keywords/22_keywords/t22_l03g39.md,0,
Ha-03_0401,typoglyphs/22_glyphs/t22_l04g01.png,keywords/22_keywords/t22_l04g01.md,0,
Ha-03_0402,typoglyphs/22_glyphs/t22_l04g02.png,keywords/22_keywords/t22_l04g02.md,0,
Ha-03_0403,typoglyphs/22_glyphs/t22_l04g03.png,keywords/22_keywords/t22_l04g03.md,0,
Ha-03_0404,typoglyphs/22_glyphs/t22_l04g04.png,keywords/22_keywords/t22_l04g04.md,0,
Ha-03_0405,typoglyphs/22_glyphs/t22_l04g05.png,keywords/22_keywords/t22_l04g05.md,0,
Ha-03_0406,typoglyphs/22_glyphs/t22_l04g06.png,keywords/22_keywords/t22_l04g06.md,0,
Ha-03_0407,typoglyphs/22_glyphs/t22_l04g07.png,keywords/22_keywords/t22_l04g07.md,0,
Ha-03_0408,typoglyphs/22_glyphs/t22_l04g08.png,keywords/22_keywords/t22_l04g08.md,0,
Ha-03_0409,typoglyphs/22_glyphs/t22_l04g09.png,keywords/22_keywords/t22_l04g09.md,0,
Ha-03_0410,typoglyphs/22_glyphs/t22_l04g10.png,keywords/22_keywords/t22_l04g10.md,0,
Ha-03_0411,typoglyphs/22_glyphs/t22_l04g11.png,keywords/22_keywords/t22_l04g11.md,0,
Ha-03_0412,typoglyphs/22_glyphs/t22_l04g12.png,keywords/22_keywords/t22_l04g12.md,0,
Ha-03_0413,typoglyphs/22_glyphs/t22_l04g13.png,keywords/22_keywords/t22_l04g13.md,0,
Ha-03_0414,typoglyphs/22_glyphs/t22_l04g14.png,keywords/22_keywords/t22_l04g14.md,0,
Ha-03_0415,typoglyphs/22_glyphs/t22_l04g15.png,keywords/22_keywords/t22_l04g15.md,0,
Ha-03_0416,typoglyphs/22_glyphs/t22_l04g16.png,keywords/22_keywords/t22_l04g16.md,0,
Ha-04_0101,typoglyphs/23_glyphs/t23_l01g01.png,keywords/23_keywords/t23_l01g01.md,0,
Ha-04_0102,typoglyphs/23_glyphs/t23_l01g02.png,keywords/23_keywords/t23_l01g02.md,0,
Ha-04_0103,typoglyphs/23_glyphs/t23_l01g03.png,keywords/23_keywords/t23_l01g03.md,0,
Ha-04_0104,typoglyphs/23_glyphs/t23_l01g04.png,keywords/23_keywords/t23_l01g04.md,0,
Ha-04_0105,typoglyphs/23_glyphs/t23_l01g05.png,keywords/23_keywords/t23_l01g05.md,0,
Ha-04_0106,typoglyphs/23_glyphs/t23_l01g06.png,keywords/23_keywords/t23_l01g06.md,0,
Ha-04_0107,typoglyphs/23_glyphs/t23_l01g07.png,keywords/23_keywords/t23_l01g07.md,0,
Ha-04_0108,typoglyphs/23_glyphs/t23_l01g08.png,keywords/23_keywords/t23_l01g08.md,0,
Ha-04_0109,typoglyphs/23_glyphs/t23_l01g09.png,keywords/23_keywords/t23_l01g09.md,0,
Ha-04_0110,typoglyphs/23_glyphs/t23_l01g10.png,keywords/23_keywords/t23_l01g10.md,0,
Ha-04_0111,typoglyphs/23_glyphs/t23_l01g11.png,keywords/23_keywords/t23_l01g11.md,0,
Ha-04_0112,typoglyphs/23_glyphs/t23_l01g12.png,keywords/23_keywords/t23_l01g12.md,0,
Ha-04_0113,typoglyphs/23_glyphs/t23_l01g13.png,keywords/23_keywords/t23_l01g13.md,0,
Ha-04_0114,typoglyphs/23_glyphs/t23_l01g14.png,keywords/23_keywords/t23_l01g14.md,0,
Ha-04_0115,typoglyphs/23_glyphs/t23_l01g15.png,keywords/23_keywords/t23_l01g15.md,0,
Ha-04_0116,typoglyphs/23_glyphs/t23_l01g16.png,keywords/23_keywords/t23_l01g16.md,0,
Ha-04_0117,typoglyphs/23_glyphs/t23_l01g17.png,keywords/23_keywords/t23_l01g17.md,0,
Ha-04_0118,typoglyphs/23_glyphs/t23_l01g18.png,keywords/23_keywords/t23_l01g18.md,0,
Ha-04_0119,typoglyphs/23_glyphs/t23_l01g19.png,keywords/23_keywords/t23_l01g19.md,0,
Ha-04_0120,typoglyphs/23_glyphs/t23_l01g20.png,keywords/23_keywords/t23_l01g20.md,0,
Ha-04_0121,typoglyphs/23_glyphs/t23_l01g21.png,keywords/23_keywords/t23_l01g21.md,0,
Ha-04_0122,typoglyphs/23_glyphs/t23_l01g22.png,keywords/23_keywords/t23_l01g22.md,0,
Ha-04_0123,typoglyphs/23_glyphs/t23_l01g23.png,keywords/23_keywords/t23_l01g23.md,0,
Ha-04_0124,typoglyphs/23_glyphs/t23_l01g24.png,keywords/23_keywords/t23_l01g24.md,0,
Ha-04_0125,typoglyphs/23_glyphs/t23_l01g25.png,keywords/23_keywords/t23_l01g25.md,0,
Ha-04_0201,typoglyphs/23_glyphs/t23_l02g01.png,keywords/23_keywords/t23_l02g01.md,0,
Ha-04_0202,typoglyphs/23_glyphs/t23_l02g02.png,keywords/23_keywords/t23_l02g02.md,0,
Ha-04_0203,typoglyphs/23_glyphs/t23_l02g03.png,keywords/23_keywords/t23_l02g03.md,0,
Ha-04_0204,typoglyphs/23_glyphs/t23_l02g04.png,keywords/23_keywords/t23_l02g04.md,0,
Ha-04_0205,typoglyphs/23_glyphs/t23_l02g05.png,keywords/23_keywords/t23_l02g05.md,0,
Ha-04_0206,typoglyphs/23_glyphs/t23_l02g06.png,keywords/23_keywords/t23_l02g06.md,0,
Ha-04_0207,typoglyphs/23_glyphs/t23_l02g07.png,keywords/23_keywords/t23_l02g07.md,0,
Ha-04_0208,typoglyphs/23_glyphs/t23_l02g08.png,keywords/23_keywords/t23_l02g08.md,0,
Ha-04_0209,typoglyphs/23_glyphs/t23_l02g09.png,keywords/23_keywords/t23_l02g09.md,0,
Ha-04_0210,typoglyphs/23_glyphs/t23_l02g10.png,keywords/23_keywords/t23_l02g10.md,0,
Ha-04_0211,typoglyphs/23_glyphs/t23_l02g11.png,keywords/23_keywords/t23_l02g11.md,0,
Ha-04_0212,typoglyphs/23_glyphs/t23_l02g12.png,keywords/23_keywords/t23_l02g12.md,0,
Ha-04_0213,typoglyphs/23_glyphs/t23_l02g13.png,keywords/23_keywords/t23_l02g13.md,0,
Ha-04_0214,typoglyphs/23_glyphs/t23_l02g14.png,keywords/23_keywords/t23_l02g14.md,0,
Ha-04_0215,typoglyphs/23_glyphs/t23_l02g15.png,keywords/23_keywords/t23_l02g15.md,0,
Ha-04_0216,typoglyphs/23_glyphs/t23_l02g16.png,keywords/23_keywords/t23_l02g16.md,0,
Ha-04_0217,typoglyphs/23_glyphs/t23_l02g17.png,keywords/23_keywords/t23_l02g17.md,0,
Ha-04_0218,typoglyphs/23_glyphs/t23_l02g18.png,keywords/23_keywords/t23_l02g18.md,0,
Ha-04_0219,typoglyphs/23_glyphs/t23_l02g19.png,keywords/23_keywords/t23_l02g19.md,0,
Ha-04_0220,typoglyphs/23_glyphs/t23_l02g20.png,keywords/23_keywords/t23_l02g20.md,0,
Ha-04_0221,typoglyphs/23_glyphs/t23_l02g21.png,keywords/23_keywords/t23_l02g21.md,0,
Ha-04_0222,typoglyphs/23_glyphs/t23_l02g22.png,keywords/23_keywords/t23_l02g22.md,0,
Ha-04_0223,typoglyphs/23_glyphs/t23_l02g23.png,keywords/23_keywords/t23_l02g23.md,0,
Ha-04_0224,typoglyphs/23_glyphs/t23_l02g24.png,keywords/23_keywords/t23_l02g24.md,0,
Ha-04_0225,typoglyphs/23_glyphs/t23_l02g25.png,keywords/23_keywords/t23_l02g25.md,0,
Ha-04_0226,typoglyphs/23_glyphs/t23_l02g26.png,keywords/23_keywords/t23_l02g26.md,0,
Ha-04_0227,typoglyphs/23_glyphs/t23_l02g27.png,keywords/23_keywords/t23_l02g27.md,0,
Ha-04_0228,typoglyphs/23_glyphs/t23_l02g28.png,keywords/23_keywords/t23_l02g28.md,0,
Ha-04_0229,typoglyphs/23_glyphs/t23_l02g29.png,keywords/23_keywords/t23_l02g29.md,0,
Ha-04_0230,typoglyphs/23_glyphs/t23_l02g30.png,keywords/23_keywords/t23_l02g30.md,0,
Ha-04_0231,typoglyphs/23_glyphs/t23_l02g31.png,keywords/23_keywords/t23_l02g31.md,0,
Ha-04_0232,typoglyphs/23_glyphs/t23_l02g32.png,keywords/23_keywords/t23_l02g32.md,0,
Ha-04_0233,typoglyphs/23_glyphs/t23_l02g33.png,keywords/23_keywords/t23_l02g33.md,0,
Ha-04_0234,typoglyphs/23_glyphs/t23_l02g34.png,keywords/23_keywords/t23_l02g34.md,0,
Ha-04_0235,typoglyphs/23_glyphs/t23_l02g35.png,keywords/23_keywords/t23_l02g35.md,0,
Ha-04_0236,typoglyphs/23_glyphs/t23_l02g36.png,keywords/23_keywords/t23_l02g36.md,0,
Ha-04_0237,typoglyphs/23_glyphs/t23_l02g37.png,keywords/23_keywords/t23_l02g37.md,0,
Ha-04_0238,typoglyphs/23_glyphs/t23_l02g38.png,keywords/23_keywords/t23_l02g38.md,0,
Ha-04_0239,typoglyphs/23_glyphs/t23_l02g39.png,keywords/23_keywords/t23_l02g39.md,0,
Ha-04_0240,typoglyphs/23_glyphs/t23_l02g40.png,keywords/23_keywords/t23_l02g40.md,0,
Ha-04_0241,typoglyphs/23_glyphs/t23_l02g41.png,keywords/23_keywords/t23_l02g41.md,0,
Ha-04_0242,typoglyphs/23_glyphs/t23_l02g42.png,keywords/23_keywords/t23_l02g42.md,0,
Ha-04_0301,typoglyphs/23_glyphs/t23_l03g01.png,keywords/23_keywords/t23_l03g01.md,0,
Ha-04_0302,typoglyphs/23_glyphs/t23_l03g02.png,keywords/23_keywords/t23_l03g02.md,0,
Ha-04_0303,typoglyphs/23_glyphs/t23_l03g03.png,keywords/23_keywords/t23_l03g03.md,0,
Ha-04_0304,typoglyphs/23_glyphs/t23_l03g04.png,keywords/23_keywords/t23_l03g04.md,0,
Ha-04_0305,typoglyphs/23_glyphs/t23_l03g05.png,keywords/23_keywords/t23_l03g05.md,0,
Ha-04_0306,typoglyphs/23_glyphs/t23_l03g06.png,keywords/23_keywords/t23_l03g06.md,0,
Ha-04_0307,typoglyphs/23_glyphs/t23_l03g07.png,keywords/23_keywords/t23_l03g07.md,0,
Ha-04_0308,typoglyphs/23_glyphs/t23_l03g08.png,keywords/23_keywords/t23_l03g08.md,0,
Ha-04_0309,typoglyphs/23_glyphs/t23_l03g09.png,keywords/23_keywords/t23_l03g09.md,0,
Ha-04_0310,typoglyphs/23_glyphs/t23_l03g10.png,keywords/23_keywords/t23_l03g10.md,0,
Ha-04_0311,typoglyphs/23_glyphs/t23_l03g11.png,keywords/23_keywords/t23_l03g11.md,0,
Ha-04_0312,typoglyphs/23_glyphs/t23_l03g12.png,keywords/23_keywords/t23_l03g12.md,0,
Ha-04_0313,typoglyphs/23_glyphs/t23_l03g13.png,keywords/23_keywords/t23_l03g13.md,0,
Ha-04_0314,typoglyphs/23_glyphs/t23_l03g14.png,keywords/23_keywords/t23_l03g14.md,0,
Ha-04_0315,typoglyphs/23_glyphs/t23_l03g15.png,keywords/23_keywords/t23_l03g15.md,0,
Ha-04_0316,typoglyphs/23_glyphs/t23_l03g16.png,keywords/23_keywords/t23_l03g16.md,0,
Ha-04_0317,typoglyphs/23_glyphs/t23_l03g17.png,keywords/23_keywords/t23_l03g17.md,0,
Ha-04_0318,typoglyphs/23_glyphs/t23_l03g18.png,keywords/23_keywords/t23_l03g18.md,0,
Ha-04_0319,typoglyphs/23_glyphs/t23_l03g19.png,keywords/23_keywords/t23_l03g19.md,0,
Ha-04_0320,typoglyphs/23_glyphs/t23_l03g20.png,keywords/23_keywords/t23_l03g20.md,0,
Ha-04_0321,typoglyphs/23_glyphs/t23_l03g21.png,keywords/23_keywords/t23_l03g21.md,0,
Ha-04_0322,typoglyphs/23_glyphs/t23_l03g22.png,keywords/23_keywords/t23_l03g22.md,0,
Ha-04_0323,typoglyphs/23_glyphs/t23_l03g23.png,keywords/23_keywords/t23_l03g23.md,1,descriptions/23_descriptions/t23_l03g23.md
Ha-04_0324,typoglyphs/23_glyphs/t23_l03g24.png,keywords/23_keywords/t23_l03g24.md,0,
Ha-04_0325,typoglyphs/23_glyphs/t23_l03g25.png,keywords/23_keywords/t23_l03g25.md,0,
Ha-04_0326,typoglyphs/23_glyphs/t23_l03g26.png,keywords/23_keywords/t23_l03g26.md,0,
Ha-04_0327,typoglyphs/23_glyphs/t23_l03g27.png,keywords/23_keywords/t23_l03g27.md,0,
Ha-04_0328,typoglyphs/23_glyphs/t23_l03g28.png,keywords/23_keywords/t23_l03g28.md,0,
Ha-04_0329,typoglyphs/23_glyphs/t23_l03g29.png,keywords/23_keywords/t23_l03g29.md,0,
Ha-04_0330,typoglyphs/23_glyphs/t23_l03g30.png,keywords/23_keywords/t23_l03g30.md,0,
Ha-04_0331,typoglyphs/23_glyphs/t23_l03g31.png,keywords/23_keywords/t23_l03g31.md,0,
Ha-04_0332,typoglyphs/23_glyphs/t23_l03g32.png,keywords/23_keywords/t23_l03g32.md,0,
Ha-04_0333,typoglyphs/23_glyphs/t23_l03g33.png,keywords/23_keywords/t23_l03g33.md,0,
Ha-04_0334,typoglyphs/23_glyphs/t23_l03g34.png,keywords/23_keywords/t23_l03g34.md,0,
Ha-04_0335,typoglyphs/23_glyphs/t23_l03g35.png,keywords/23_keywords/t23_l03g35.md,0,
Ha-04_0336,typoglyphs/23_glyphs/t23_l03g36.png,keywords/23_keywords/t23_l03g36.md,0,
Ha-04_0337,typoglyphs/23_glyphs/t23_l03g37.png,keywords/23_keywords/t23_l03g37.md,0,
Ha-04_0338,typoglyphs/23_glyphs/t23_l03g38.png,keywords/23_keywords/t23_l03g38.md,0,
Ha-04_0339,typoglyphs/23_glyphs/t23_l03g39.png,keywords/23_keywords/t23_l03g39.md,0,
Ha-04_0401,typoglyphs/23_glyphs/t23_l04g01.png,keywords/23_keywords/t23_l04g01.md,0,
Ha-04_0402,typoglyphs/23_glyphs/t23_l04g02.png,keywords/23_keywords/t23_l04g02.md,1,descriptions/23_descriptions/t23_l04g02.md
Ha-04_0403,typoglyphs/23_glyphs/t23_l04g03.png,keywords/23_keywords/t23_l04g03.md,0,
Ha-04_0404,typoglyphs/23_glyphs/t23_l04g04.png,keywords/23_keywords/t23_l04g04.md,0,
Ha-04_0405,typoglyphs/23_glyphs/t23_l04g05.png,keywords/23_keywords/t23_l04g05.md,0,
Ha-04_0406,typoglyphs/23_glyphs/t23_l04g06.png,keywords/23_keywords/t23_l04g06.md,0,
Ha-04_0407,typoglyphs/23_glyphs/t23_l04g07.png,keywords/23_keywords/t23_l04g07.md,0,
Ha-04_0408,typoglyphs/23_glyphs/t23_l04g08.png,keywords/23_keywords/t23_l04g08.md,0,
Ha-04_0409,typoglyphs/23_glyphs/t23_l04g09.png,keywords/23_keywords/t23_l04g09.md,0,
Ha-04_0410,typoglyphs/23_glyphs/t23_l04g10.png,keywords/23_keywords/t23_l04g10.md,0,
Ha-04_0411,typoglyphs/23_glyphs/t23_l04g11.png,keywords/23_keywords/t23_l04g11.md,0,
Ha-04_0412,typoglyphs/23_glyphs/t23_l04g12.png,keywords/23_keywords/t23_l04g12.md,0,
Ha-04_0413,typoglyphs/23_glyphs/t23_l04g13.png,keywords/23_keywords/t23_l04g13.md,0,
Ha-04_0414,typoglyphs/23_glyphs/t23_l04g14.png,keywords/23_keywords/t23_l04g14.md,0,
Ha-04_0415,typoglyphs/23_glyphs/t23_l04g15.png,keywords/23_keywords/t23_l04g15.md,0,
Ha-04_0416,typoglyphs/23_glyphs/t23_l04g16.png,keywords/23_keywords/t23_l04g16.md,0,
Ha-04_0417,typoglyphs/23_glyphs/t23_l04g17.png,keywords/23_keywords/t23_l04g17.md,0,
Ha-04_0418,typoglyphs/23_glyphs/t23_l04g18.png,keywords/23_keywords/t23_l04g18.md,0,
Ha-04_0419,typoglyphs/23_glyphs/t23_l04g19.png,keywords/23_keywords/t23_l04g19.md,0,
Ha-04_0420,typoglyphs/23_glyphs/t23_l04g20.png,keywords/23_keywords/t23_l04g20.md,0,
Ha-04_0421,typoglyphs/23_glyphs/t23_l04g21.png,keywords/23_keywords/t23_l04g21.md,0,
Ha-04_0422,typoglyphs/23_glyphs/t23_l04g22.png,keywords/23_keywords/t23_l04g22.md,0,
Ha-04_0423,typoglyphs/23_glyphs/t23_l04g23.png,keywords/23_keywords/t23_l04g23.md,0,
Ha-04_0424,typoglyphs/23_glyphs/t23_l04g24.png,keywords/23_keywords/t23_l04g24.md,0,
Ha-04_0425,typoglyphs/23_glyphs/t23_l04g25.png,keywords/23_keywords/t23_l04g25.md,0,
Ha-04_0426,typoglyphs/23_glyphs/t23_l04g26.png,keywords/23_keywords/t23_l04g26.md,0,
Ha-04_0427,typoglyphs/23_glyphs/t23_l04g27.png,keywords/23_keywords/t23_l04g27.md,0,
Ha-04_0428,typoglyphs/23_glyphs/t23_l04g28.png,keywords/23_keywords/t23_l04g28.md,0,
Ha-04_0429,typoglyphs/23_glyphs/t23_l04g29.png,keywords/23_keywords/t23_l04g29.md,0,
Ha-04_0430,typoglyphs/23_glyphs/t23_l04g30.png,keywords/23_keywords/t23_l04g30.md,0,
Ha-04_0431,typoglyphs/23_glyphs/t23_l04g31.png,keywords/23_keywords/t23_l04g31.md,0,
Ha-05_0101,typoglyphs/24_glyphs/t24_l01g01.png,keywords/24_keywords/t24_l01g01.md,0,
Ha-05_0102,typoglyphs/24_glyphs/t24_l01g02.png,keywords/24_keywords/t24_l01g02.md,0,
Ha-05_0103,typoglyphs/24_glyphs/t24_l01g03.png,keywords/24_keywords/t24_l01g03.md,0,
Ha-05_0104,typoglyphs/24_glyphs/t24_l01g04.png,keywords/24_keywords/t24_l01g04.md,0,
Ha-05_0105,typoglyphs/24_glyphs/t24_l01g05.png,keywords/24_keywords/t24_l01g05.md,0,
Ha-05_0106,typoglyphs/24_glyphs/t24_l01g06.png,keywords/24_keywords/t24_l01g06.md,0,
Ha-05_0107,typoglyphs/24_glyphs/t24_l01g07.png,keywords/24_keywords/t24_l01g07.md,0,
Ha-05_0108,typoglyphs/24_glyphs/t24_l01g08.png,keywords/24_keywords/t24_l01g08.md,0,
Ha-05_0109,typoglyphs/24_glyphs/t24_l01g09.png,keywords/24_keywords/t24_l01g09.md,0,
Ha-05_0110,typoglyphs/24_glyphs/t24_l01g10.png,keywords/24_keywords/t24_l01g10.md,0,
Ha-05_0111,typoglyphs/24_glyphs/t24_l01g11.png,keywords/24_keywords/t24_l01g11.md,0,
Ha-05_0112,typoglyphs/24_glyphs/t24_l01g12.png,keywords/24_keywords/t24_l01g12.md,0,
Ha-05_0113,typoglyphs/24_glyphs/t24_l01g13.png,keywords/24_keywords/t24_l01g13.md,0,
Ha-05_0114,typoglyphs/24_glyphs/t24_l01g14.png,keywords/24_keywords/t24_l01g14.md,0,
Ha-05_0115,typoglyphs/24_glyphs/t24_l01g15.png,keywords/24_keywords/t24_l01g15.md,0,
Ha-05_0116,typoglyphs/24_glyphs/t24_l01g16.png,keywords/24_keywords/t24_l01g16.md,0,
Ha-05_0117,typoglyphs/24_glyphs/t24_l01g17.png,keywords/24_keywords/t24_l01g17.md,0,
Ha-05_0118,typoglyphs/24_glyphs/t24_l01g18.png,keywords/24_keywords/t24_l01g18.md,0,
Ha-05_0119,typoglyphs/24_glyphs/t24_l01g19.png,keywords/24_keywords/t24_l01g19.md,0,
Ha-05_0120,typoglyphs/24_glyphs/t24_l01g20.png,keywords/24_keywords/t24_l01g20.md,0,
Ha-05_0121,typoglyphs/24_glyphs/t24_l01g21.png,keywords/24_keywords/t24_l01g21.md,0,
Ha-05_0122,typoglyphs/24_glyphs/t24_l01g22.png,keywords/24_keywords/t24_l01g22.md,0,
Ha-05_0123,typoglyphs/24_glyphs/t24_l01g23.png,keywords/24_keywords/t24_l01g23.md,0,
Ha-05_0124,typoglyphs/24_glyphs/t24_l01g24.png,keywords/24_keywords/t24_l01g24.md,0,
Ha-05_0125,typoglyphs/24_glyphs/t24_l01g25.png,keywords/24_keywords/t24_l01g25.md,0,
Ha-05_0126,typoglyphs/24_glyphs/t24_l01g26.png,keywords/24_keywords/t24_l01g26.md,0,
Ha-05_0127,typoglyphs/24_glyphs/t24_l01g27.png,keywords/24_keywords/t24_l01g27.md,0,
Ha-05_0201,typoglyphs/24_glyphs/t24_l02g01.png,keywords/24_keywords/t24_l02g01.md,0,
Ha-05_0202,typoglyphs/24_glyphs/t24_l02g02.png,keywords/24_keywords/t24_l02g02.md,0,
Ha-05_0203,typoglyphs/24_glyphs/t24_l02g03.png,keywords/24_keywords/t24_l02g03.md,0,
Ha-05_0204,typoglyphs/24_glyphs/t24_l02g04.png,keywords/24_keywords/t24_l02g04.md,0,
Ha-05_0205,typoglyphs/24_glyphs/t24_l02g05.png,keywords/24_keywords/t24_l02g05.md,0,
Ha-05_0206,typoglyphs/24_glyphs/t24_l02g06.png,keywords/24_keywords/t24_l02g06.md,0,
Ha-05_0207,typoglyphs/24_glyphs/t24_l02g07.png,keywords/24_keywords/t24_l02g07.md,0,
Ha-05_0208,typoglyphs/24_glyphs/t24_l02g08.png,keywords/24_keywords/t24_l02g08.md,0,
Ha-05_0209,typoglyphs/24_glyphs/t24_l02g09.png,keywords/24_keywords/t24_l02g09.md,0,
Ha-05_0210,typoglyphs/24_glyphs/t24_l02g10.png,keywords/24_keywords/t24_l02g10.md,0,
Ha-05_0211,typoglyphs/24_glyphs/t24_l02g11.png,keywords/24_keywords/t24_l02g11.md,0,
Ha-05_0212,typoglyphs/24_glyphs/t24_l02g12.png,keywords/24_keywords/t24_l02g12.md,0,
Ha-05_0213,typoglyphs/24_glyphs/t24_l02g13.png,keywords/24_keywords/t24_l02g13.md,0,
Ha-05_0214,typoglyphs/24_glyphs/t24_l02g14.png,keywords/24_keywords/t24_l02g14.md,0,
Ha-05_0215,typoglyphs/24_glyphs/t24_l02g15.png,keywords/24_keywords/t24_l02g15.md,0,
Ha-05_0216,typoglyphs/24_glyphs/t24_l02g16.png,keywords/24_keywords/t24_l02g16.md,0,
Ha-05_0217,typoglyphs/24_glyphs/t24_l02g17.png,keywords/24_keywords/t24_l02g17.md,0,
Ha-05_0218,typoglyphs/24_glyphs/t24_l02g18.png,keywords/24_keywords/t24_l02g18.md,0,
Ha-05_0219,typoglyphs/24_glyphs/t24_l02g19.png,keywords/24_keywords/t24_l02g19.md,0,
Ha-05_0220,typoglyphs/24_glyphs/t24_l02g20.png,keywords/24_keywords/t24_l02g20.md,0,
Ha-05_0221,typoglyphs/24_glyphs/t24_l02g21.png,keywords/24_keywords/t24_l02g21.md,0,
Ha-05_0222,typoglyphs/24_glyphs/t24_l02g22.png,keywords/24_keywords/t24_l02g22.md,0,
Ha-05_0223,typoglyphs/24_glyphs/t24_l02g23.png,keywords/24_keywords/t24_l02g23.md,0,
Ha-05_0224,typoglyphs/24_glyphs/t24_l02g24.png,keywords/24_keywords/t24_l02g24.md,0,
Ha-05_0225,typoglyphs/24_glyphs/t24_l02g25.png,keywords/24_keywords/t24_l02g25.md,0,
Ha-05_0226,typoglyphs/24_glyphs/t24_l02g26.png,keywords/24_keywords/t24_l02g26.md,0,
Ha-05_0227,typoglyphs/24_glyphs/t24_l02g27.png,keywords/24_keywords/t24_l02g27.md,0,
Ha-05_0228,typoglyphs/24_glyphs/t24_l02g28.png,keywords/24_keywords/t24_l02g28.md,0,
Ha-05_0229,typoglyphs/24_glyphs/t24_l02g29.png,keywords/24_keywords/t24_l02g29.md,0,
Ha-05_0230,typoglyphs/24_glyphs/t24_l02g30.png,keywords/24_keywords/t24_l02g30.md,0,
Ha-05_0231,typoglyphs/24_glyphs/t24_l02g31.png,keywords/24_keywords/t24_l02g31.md,0,
Ha-05_0232,typoglyphs/24_glyphs/t24_l02g32.png,keywords/24_keywords/t24_l02g32.md,0,
Ha-05_0233,typoglyphs/24_glyphs/t24_l02g33.png,keywords/24_keywords/t24_l02g33.md,0,
Ha-05_0234,typoglyphs/24_glyphs/t24_l02g34.png,keywords/24_keywords/t24_l02g34.md,0,
Ha-05_0235,typoglyphs/24_glyphs/t24_l02g35.png,keywords/24_keywords/t24_l02g35.md,0,
Ha-05_0236,typoglyphs/24_glyphs/t24_l02g36.png,keywords/24_keywords/t24_l02g36.md,0,
Ha-05_0237,typoglyphs/24_glyphs/t24_l02g37.png,keywords/24_keywords/t24_l02g37.md,0,
Ha-05_0238,typoglyphs/24_glyphs/t24_l02g38.png,keywords/24_keywords/t24_l02g38.md,0,
Ha-05_0239,typoglyphs/24_glyphs/t24_l02g39.png,keywords/24_keywords/t24_l02g39.md,0,
Ha-05_0240,typoglyphs/24_glyphs/t24_l02g40.png,keywords/24_keywords/t24_l02g40.md,0,
Ha-05_0241,typoglyphs/24_glyphs/t24_l02g41.png,keywords/24_keywords/t24_l02g41.md,0,
Ha-05_0301,typoglyphs/24_glyphs/t24_l03g01.png,keywords/24_keywords/t24_l03g01.md,0,
Ha-05_0302,typoglyphs/24_glyphs/t24_l03g02.png,keywords/24_keywords/t24_l03g02.md,0,
Ha-05_0303,typoglyphs/24_glyphs/t24_l03g03.png,keywords/24_keywords/t24_l03g03.md,0,
Ha-05_0304,typoglyphs/24_glyphs/t24_l03g04.png,keywords/24_keywords/t24_l03g04.md,0,
Ha-05_0305,typoglyphs/24_glyphs/t24_l03g05.png,keywords/24_keywords/t24_l03g05.md,0,
Ha-05_0306,typoglyphs/24_glyphs/t24_l03g06.png,keywords/24_keywords/t24_l03g06.md,0,
Ha-05_0307,typoglyphs/24_glyphs/t24_l03g07.png,keywords/24_keywords/t24_l03g07.md,0,
Ha-05_0308,typoglyphs/24_glyphs/t24_l03g08.png,keywords/24_keywords/t24_l03g08.md,0,
Ha-05_0309,typoglyphs/24_glyphs/t24_l03g09.png,keywords/24_keywords/t24_l03g09.md,0,
Ha-05_0310,typoglyphs/24_glyphs/t24_l03g10.png,keywords/24_keywords/t24_l03g10.md,0,
Ha-05_0311,typoglyphs/24_glyphs/t24_l03g11.png,keywords/24_keywords/t24_l03g11.md,0,
Ha-05_0312,typoglyphs/24_glyphs/t24_l03g12.png,keywords/24_keywords/t24_l03g12.md,0,
Ha-05_0313,typoglyphs/24_glyphs/t24_l03g13.png,keywords/24_keywords/t24_l03g13.md,0,
Ha-05_0314,typoglyphs/24_glyphs/t24_l03g14.png,keywords/24_keywords/t24_l03g14.md,0,
Ha-05_0315,typoglyphs/24_glyphs/t24_l03g15.png,keywords/24_keywords/t24_l03g15.md,0,
Ha-05_0316,typoglyphs/24_glyphs/t24_l03g16.png,keywords/24_keywords/t24_l03g16.md,0,
Ha-05_0317,typoglyphs/24_glyphs/t24_l03g17.png,keywords/24_keywords/t24_l03g17.md,0,
Ha-05_0318,typoglyphs/24_glyphs/t24_l03g18.png,keywords/24_keywords/t24_l03g18.md,0,
Ha-05_0319,typoglyphs/24_glyphs/t24_l03g19.png,keywords/24_keywords/t24_l03g19.md,0,
Ha-05_0320,typoglyphs/24_glyphs/t24_l03g20.png,keywords/24_keywords/t24_l03g20.md,0,
Ha-05_0321,typoglyphs/24_glyphs/t24_l03g21.png,keywords/24_keywords/t24_l03g21.md,0,
Ha-05_0322,typoglyphs/24_glyphs/t24_l03g22.png,keywords/24_keywords/t24_l03g22.md,0,
Ha-05_0323,typoglyphs/24_glyphs/t24_l03g23.png,keywords/24_keywords/t24_l03g23.md,0,
Ha-05_0324,typoglyphs/24_glyphs/t24_l03g24.png,keywords/24_keywords/t24_l03g24.md,0,
Ha-05_0325,typoglyphs/24_glyphs/t24_l03g25.png,keywords/24_keywords/t24_l03g25.md,0,
Ha-05_0326,typoglyphs/24_glyphs/t24_l03g26.png,keywords/24_keywords/t24_l03g26.md,0,
Ha-05_0327,typoglyphs/24_glyphs/t24_l03g27.png,keywords/24_keywords/t24_l03g27.md,0,
Ha-05_0328,typoglyphs/24_glyphs/t24_l03g28.png,keywords/24_keywords/t24_l03g28.md,0,
Ha-05_0329,typoglyphs/24_glyphs/t24_l03g29.png,keywords/24_keywords/t24_l03g29.md,0,
Ha-05_0330,typoglyphs/24_glyphs/t24_l03g30.png,keywords/24_keywords/t24_l03g30.md,0,
Ha-05_0331,typoglyphs/24_glyphs/t24_l03g31.png,keywords/24_keywords/t24_l03g31.md,0,
Ha-05_0332,typoglyphs/24_glyphs/t24_l03g32.png,keywords/24_keywords/t24_l03g32.md,0,
Ha-05_0333,typoglyphs/24_glyphs/t24_l03g33.png,keywords/24_keywords/t24_l03g33.md,0,
Ha-05_0334,typoglyphs/24_glyphs/t24_l03g34.png,keywords/24_keywords/t24_l03g34.md,0,
Ha-05_0335,typoglyphs/24_glyphs/t24_l03g35.png,keywords/24_keywords/t24_l03g35.md,0,
Ha-05_0336,typoglyphs/24_glyphs/t24_l03g36.png,keywords/24_keywords/t24_l03g36.md,0,
Ha-05_0337,typoglyphs/24_glyphs/t24_l03g37.png,keywords/24_keywords/t24_l03g37.md,0,
Ha-05_0338,typoglyphs/24_glyphs/t24_l03g38.png,keywords/24_keywords/t24_l03g38.md,0,
Ha-05_0339,typoglyphs/24_glyphs/t24_l03g39.png,keywords/24_keywords/t24_l03g39.md,0,
Ha-05_0401,typoglyphs/24_glyphs/t24_l04g01.png,keywords/24_keywords/t24_l04g01.md,0,
Ha-05_0402,typoglyphs/24_glyphs/t24_l04g02.png,keywords/24_keywords/t24_l04g02.md,0,
Ha-05_0403,typoglyphs/24_glyphs/t24_l04g03.png,keywords/24_keywords/t24_l04g03.md,0,
Ha-05_0404,typoglyphs/24_glyphs/t24_l04g04.png,keywords/24_keywords/t24_l04g04.md,0,
Ha-05_0405,typoglyphs/24_glyphs/t24_l04g05.png,keywords/24_keywords/t24_l04g05.md,0,
Ha-05_0406,typoglyphs/24_glyphs/t24_l04g06.png,keywords/24_keywords/t24_l04g06.md,0,
Ha-05_0407,typoglyphs/24_glyphs/t24_l04g07.png,keywords/24_keywords/t24_l04g07.md,0,
Ha-05_0408,typoglyphs/24_glyphs/t24_l04g08.png,keywords/24_keywords/t24_l04g08.md,0,
Ha-05_0409,typoglyphs/24_glyphs/t24_l04g09.png,keywords/24_keywords/t24_l04g09.md,0,
Ha-05_0410,typoglyphs/24_glyphs/t24_l04g10.png,keywords/24_keywords/t24_l04g10.md,0,
Ha-05_0411,typoglyphs/24_glyphs/t24_l04g11.png,keywords/24_keywords/t24_l04g11.md,0,
Ha-05_0412,typoglyphs/24_glyphs/t24_l04g12.png,keywords/24_keywords/t24_l04g12.md,0,
Ha-05_0413,typoglyphs/24_glyphs/t24_l04g13.png,keywords/24_keywords/t24_l04g13.md,0,
Ha-05_0414,typoglyphs/24_glyphs/t24_l04g14.png,keywords/24_keywords/t24_l04g14.md,0,
Ha-05_0415,typoglyphs/24_glyphs/t24_l04g15.png,keywords/24_keywords/t24_l04g15.md,0,
Ha-05_0416,typoglyphs/24_glyphs/t24_l04g16.png,keywords/24_keywords/t24_l04g16.md,0,
Ha-05_0417,typoglyphs/24_glyphs/t24_l04g17.png,keywords/24_keywords/t24_l04g17.md,0,
Ha-05_0418,typoglyphs/24_glyphs/t24_l04g18.png,keywords/24_keywords/t24_l04g18.md,0,
Ha-05_0419,typoglyphs/24_glyphs/t24_l04g19.png,keywords/24_keywords/t24_l04g19.md,0,
Ha-05_0420,typoglyphs/24_glyphs/t24_l04g20.png,keywords/24_keywords/t24_l04g20.md,0,
Ha-05_0421,typoglyphs/24_glyphs/t24_l04g21.png,keywords/24_keywords/t24_l04g21.md,0,
Ha-05_0422,typoglyphs/24_glyphs/t24_l04g22.png,keywords/24_keywords/t24_l04g22.md,0,
Ha-05_0423,typoglyphs/24_glyphs/t24_l04g23.png,keywords/24_keywords/t24_l04g23.md,0,
Ha-05_0424,typoglyphs/24_glyphs/t24_l04g24.png,keywords/24_keywords/t24_l04g24.md,0,
Ha-05_0425,typoglyphs/24_glyphs/t24_l04g25.png,keywords/24_keywords/t24_l04g25.md,0,
Ha-05_0426,typoglyphs/24_glyphs/t24_l04g26.png,keywords/24_keywords/t24_l04g26.md,0,
Ha-05_0427,typoglyphs/24_glyphs/t24_l04g27.png,keywords/24_keywords/t24_l04g27.md,0,
Ha-05_0428,typoglyphs/24_glyphs/t24_l04g28.png,keywords/24_keywords/t24_l04g28.md,0,
Ha-06_0101,typoglyphs/25_glyphs/t25_l01g01.png,keywords/25_keywords/t25_l01g01.md,0,
Ha-06_0102,typoglyphs/25_glyphs/t25_l01g02.png,keywords/25_keywords/t25_l01g02.md,0,
Ha-06_0103,typoglyphs/25_glyphs/t25_l01g03.png,keywords/25_keywords/t25_l01g03.md,0,
Ha-06_0104,typoglyphs/25_glyphs/t25_l01g04.png,keywords/25_keywords/t25_l01g04.md,0,
Ha-06_0105,typoglyphs/25_glyphs/t25_l01g05.png,keywords/25_keywords/t25_l01g05.md,0,
Ha-06_0106,typoglyphs/25_glyphs/t25_l01g06.png,keywords/25_keywords/t25_l01g06.md,0,
Ha-06_0107,typoglyphs/25_glyphs/t25_l01g07.png,keywords/25_keywords/t25_l01g07.md,0,
Ha-06_0108,typoglyphs/25_glyphs/t25_l01g08.png,keywords/25_keywords/t25_l01g08.md,0,
Ha-06_0109,typoglyphs/25_glyphs/t25_l01g09.png,keywords/25_keywords/t25_l01g09.md,0,
Ha-06_0110,typoglyphs/25_glyphs/t25_l01g10.png,keywords/25_keywords/t25_l01g10.md,0,
Ha-06_0111,typoglyphs/25_glyphs/t25_l01g11.png,keywords/25_keywords/t25_l01g11.md,0,
Ha-06_0112,typoglyphs/25_glyphs/t25_l01g12.png,keywords/25_keywords/t25_l01g12.md,0,
Ha-06_0113,typoglyphs/25_glyphs/t25_l01g13.png,keywords/25_keywords/t25_l01g13.md,0,
Ha-06_0114,typoglyphs/25_glyphs/t25_l01g14.png,keywords/25_keywords/t25_l01g14.md,0,
Ha-06_0115,typoglyphs/25_glyphs/t25_l01g15.png,keywords/25_keywords/t25_l01g15.md,0,
Ha-06_0116,typoglyphs/25_glyphs/t25_l01g16.png,keywords/25_keywords/t25_l01g16.md,0,
Ha-06_0117,typoglyphs/25_glyphs/t25_l01g17.png,keywords/25_keywords/t25_l01g17.md,0,
Ha-06_0118,typoglyphs/25_glyphs/t25_l01g18.png,keywords/25_keywords/t25_l01g18.md,0,
Ha-06_0201,typoglyphs/25_glyphs/t25_l02g01.png,keywords/25_keywords/t25_l02g01.md,0,
Ha-06_0202,typoglyphs/25_glyphs/t25_l02g02.png,keywords/25_keywords/t25_l02g02.md,0,
Ha-06_0203,typoglyphs/25_glyphs/t25_l02g03.png,keywords/25_keywords/t25_l02g03.md,0,
Ha-06_0204,typoglyphs/25_glyphs/t25_l02g04.png,keywords/25_keywords/t25_l02g04.md,0,
Ha-06_0205,typoglyphs/25_glyphs/t25_l02g05.png,keywords/25_keywords/t25_l02g05.md,0,
Ha-06_0206,typoglyphs/25_glyphs/t25_l02g06.png,keywords/25_keywords/t25_l02g06.md,0,
Ha-06_0207,typoglyphs/25_glyphs/t25_l02g07.png,keywords/25_keywords/t25_l02g07.md,0,
Ha-06_0208,typoglyphs/25_glyphs/t25_l02g08.png,keywords/25_keywords/t25_l02g08.md,0,
Ha-06_0209,typoglyphs/25_glyphs/t25_l02g09.png,keywords/25_keywords/t25_l02g09.md,0,
Ha-06_0210,typoglyphs/25_glyphs/t25_l02g10.png,keywords/25_keywords/t25_l02g10.md,0,
Ha-06_0211,typoglyphs/25_glyphs/t25_l02g11.png,keywords/25_keywords/t25_l02g11.md,0,
Ha-06_0212,typoglyphs/25_glyphs/t25_l02g12.png,keywords/25_keywords/t25_l02g12.md,0,
Ha-06_0213,typoglyphs/25_glyphs/t25_l02g13.png,keywords/25_keywords/t25_l02g13.md,0,
Ha-06_0214,typoglyphs/25_glyphs/t25_l02g14.png,keywords/25_keywords/t25_l02g14.md,0,
Ha-06_0215,typoglyphs/25_glyphs/t25_l02g15.png,keywords/25_keywords/t25_l02g15.md,0,
Ha-06_0216,typoglyphs/25_glyphs/t25_l02g16.png,keywords/25_keywords/t25_l02g16.md,0,
Ha-06_0217,typoglyphs/25_glyphs/t25_l02g17.png,keywords/25_keywords/t25_l02g17.md,0,
Ha-06_0218,typoglyphs/25_glyphs/t25_l02g18.png,keywords/25_keywords/t25_l02g18.md,0,
Ha-06_0219,typoglyphs/25_glyphs/t25_l02g19.png,keywords/25_keywords/t25_l02g19.md,0,
Ha-06_0220,typoglyphs/25_glyphs/t25_l02g20.png,keywords/25_keywords/t25_l02g20.md,0,
Ha-06_0221,typoglyphs/25_glyphs/t25_l02g21.png,keywords/25_keywords/t25_l02g21.md,0,
Ha-06_0222,typoglyphs/25_glyphs/t25_l02g22.png,keywords/25_keywords/t25_l02g22.md,0,
Ha-06_0223,typoglyphs/25_glyphs/t25_l02g23.png,keywords/25_keywords/t25_l02g23.md,0,
Ha-06_0224,typoglyphs/25_glyphs/t25_l02g24.png,keywords/25_keywords/t25_l02g24.md,0,
Ha-06_0225,typoglyphs/25_glyphs/t25_l02g25.png,keywords/25_keywords/t25_l02g25.md,0,
Ha-06_0226,typoglyphs/25_glyphs/t25_l02g26.png,keywords/25_keywords/t25_l02g26.md,0,
Ha-06_0227,typoglyphs/25_glyphs/t25_l02g27.png,keywords/25_keywords/t25_l02g27.md,0,
Ha-06_0228,typoglyphs/25_glyphs/t25_l02g28.png,keywords/25_keywords/t25_l02g28.md,0,
Ha-06_0229,typoglyphs/25_glyphs/t25_l02g29.png,keywords/25_keywords/t25_l02g29.md,0,
Ha-06_0230,typoglyphs/25_glyphs/t25_l02g30.png,keywords/25_keywords/t25_l02g30.md,0,
Ha-06_0231,typoglyphs/25_glyphs/t25_l02g31.png,keywords/25_keywords/t25_l02g31.md,0,
Ha-06_0232,typoglyphs/25_glyphs/t25_l02g32.png,keywords/25_keywords/t25_l02g32.md,0,
Ha-06_0233,typoglyphs/25_glyphs/t25_l02g33.png,keywords/25_keywords/t25_l02g33.md,0,
Ha-06_0234,typoglyphs/25_glyphs/t25_l02g34.png,keywords/25_keywords/t25_l02g34.md,0,
Ha-06_0235,typoglyphs/25_glyphs/t25_l02g35.png,keywords/25_keywords/t25_l02g35.md,0,
Ha-06_0236,typoglyphs/25_glyphs/t25_l02g36.png,keywords/25_keywords/t25_l02g36.md,0,
Ha-06_0237,typoglyphs/25_glyphs/t25_l02g37.png,keywords/25_keywords/t25_l02g37.md,0,
Ha-06_0238,typoglyphs/25_glyphs/t25_l02g38.png,keywords/25_keywords/t25_l02g38.md,0,
Ha-06_0239,typoglyphs/25_glyphs/t25_l02g39.png,keywords/25_keywords/t25_l02g39.md,0,
Ha-06_0240,typoglyphs/25_glyphs/t25_l02g40.png,keywords/25_keywords/t25_l02g40.md,0,
Ha-06_0241,typoglyphs/25_glyphs/t25_l02g41.png,keywords/25_keywords/t25_l02g41.md,0,
Ha-06_0242,typoglyphs/25_glyphs/t25_l02g42.png,keywords/25_keywords/t25_l02g42.md,0,
Ha-06_0243,typoglyphs/25_glyphs/t25_l02g43.png,keywords/25_keywords/t25_l02g43.md,0,
Ha-06_0244,typoglyphs/25_glyphs/t25_l02g44.png,keywords/25_keywords/t25_l02g44.md,0,
Ha-06_0245,typoglyphs/25_glyphs/t25_l02g45.png,keywords/25_keywords/t25_l02g45.md,0,
Ha-06_0246,typoglyphs/25_glyphs/t25_l02g46.png,keywords/25_keywords/t25_l02g46.md,0,
Ha-06_0247,typoglyphs/25_glyphs/t25_l02g47.png,keywords/25_keywords/t25_l02g47.md,0,
Ha-06_0301,typoglyphs/25_glyphs/t25_l03g01.png,keywords/25_keywords/t25_l03g01.md,0,
Ha-06_0302,typoglyphs/25_glyphs/t25_l03g02.png,keywords/25_keywords/t25_l03g02.md,0,
Ha-06_0303,typoglyphs/25_glyphs/t25_l03g03.png,keywords/25_keywords/t25_l03g03.md,0,
Ha-06_0304,typoglyphs/25_glyphs/t25_l03g04.png,keywords/25_keywords/t25_l03g04.md,0,
Ha-06_0305,typoglyphs/25_glyphs/t25_l03g05.png,keywords/25_keywords/t25_l03g05.md,0,
Ha-06_0306,typoglyphs/25_glyphs/t25_l03g06.png,keywords/25_keywords/t25_l03g06.md,0,
Ha-06_0307,typoglyphs/25_glyphs/t25_l03g07.png,keywords/25_keywords/t25_l03g07.md,0,
Ha-06_0308,typoglyphs/25_glyphs/t25_l03g08.png,keywords/25_keywords/t25_l03g08.md,0,
Ha-06_0309,typoglyphs/25_glyphs/t25_l03g09.png,keywords/25_keywords/t25_l03g09.md,0,
Ha-06_0310,typoglyphs/25_glyphs/t25_l03g10.png,keywords/25_keywords/t25_l03g10.md,0,
Ha-06_0311,typoglyphs/25_glyphs/t25_l03g11.png,keywords/25_keywords/t25_l03g11.md,0,
Ha-06_0312,typoglyphs/25_glyphs/t25_l03g12.png,keywords/25_keywords/t25_l03g12.md,0,
Ha-06_0313,typoglyphs/25_glyphs/t25_l03g13.png,keywords/25_keywords/t25_l03g13.md,0,
Ha-06_0314,typoglyphs/25_glyphs/t25_l03g14.png,keywords/25_keywords/t25_l03g14.md,0,
Ha-06_0315,typoglyphs/25_glyphs/t25_l03g15.png,keywords/25_keywords/t25_l03g15.md,0,
Ha-06_0316,typoglyphs/25_glyphs/t25_l03g16.png,keywords/25_keywords/t25_l03g16.md,0,
Ha-06_0317,typoglyphs/25_glyphs/t25_l03g17.png,keywords/25_keywords/t25_l03g17.md,0,
Ha-06_0318,typoglyphs/25_glyphs/t25_l03g18.png,keywords/25_keywords/t25_l03g18.md,0,
Ha-06_0319,typoglyphs/25_glyphs/t25_l03g19.png,keywords/25_keywords/t25_l03g19.md,0,
Ha-06_0320,typoglyphs/25_glyphs/t25_l03g20.png,keywords/25_keywords/t25_l03g20.md,0,
Ha-06_0321,typoglyphs/25_glyphs/t25_l03g21.png,keywords/25_keywords/t25_l03g21.md,0,
Ha-06_0322,typoglyphs/25_glyphs/t25_l03g22.png,keywords/25_keywords/t25_l03g22.md,0,
Ha-06_0323,typoglyphs/25_glyphs/t25_l03g23.png,keywords/25_keywords/t25_l03g23.md,0,
Ha-06_0324,typoglyphs/25_glyphs/t25_l03g24.png,keywords/25_keywords/t25_l03g24.md,0,
Ha-06_0325,typoglyphs/25_glyphs/t25_l03g25.png,keywords/25_keywords/t25_l03g25.md,0,
Ha-06_0326,typoglyphs/25_glyphs/t25_l03g26.png,keywords/25_keywords/t25_l03g26.md,0,
Ha-06_0327,typoglyphs/25_glyphs/t25_l03g27.png,keywords/25_keywords/t25_l03g27.md,0,
Ha-06_0328,typoglyphs/25_glyphs/t25_l03g28.png,keywords/25_keywords/t25_l03g28.md,0,
Ha-06_0329,typoglyphs/25_glyphs/t25_l03g29.png,keywords/25_keywords/t25_l03g29.md,0,
Ha-07_0101,typoglyphs/26_glyphs/t26_l01g01.png,keywords/26_keywords/t26_l01g01.md,0,
Ha-07_0102,typoglyphs/26_glyphs/t26_l01g02.png,keywords/26_keywords/t26_l01g02.md,0,
Ha-07_0103,typoglyphs/26_glyphs/t26_l01g03.png,keywords/26_keywords/t26_l01g03.md,0,
Ha-07_0104,typoglyphs/26_glyphs/t26_l01g04.png,keywords/26_keywords/t26_l01g04.md,0,
Ha-07_0105,typoglyphs/26_glyphs/t26_l01g05.png,keywords/26_keywords/t26_l01g05.md,0,
Ha-07_0106,typoglyphs/26_glyphs/t26_l01g06.png,keywords/26_keywords/t26_l01g06.md,0,
Ha-07_0107,typoglyphs/26_glyphs/t26_l01g07.png,keywords/26_keywords/t26_l01g07.md,0,
Ha-07_0108,typoglyphs/26_glyphs/t26_l01g08.png,keywords/26_keywords/t26_l01g08.md,0,
Ha-07_0109,typoglyphs/26_glyphs/t26_l01g09.png,keywords/26_keywords/t26_l01g09.md,0,
Ha-07_0110,typoglyphs/26_glyphs/t26_l01g10.png,keywords/26_keywords/t26_l01g10.md,0,
Ha-07_0111,typoglyphs/26_glyphs/t26_l01g11.png,keywords/26_keywords/t26_l01g11.md,0,
Ha-07_0112,typoglyphs/26_glyphs/t26_l01g12.png,keywords/26_keywords/t26_l01g12.md,0,
Ha-07_0113,typoglyphs/26_glyphs/t26_l01g13.png,keywords/26_keywords/t26_l01g13.md,0,
Ha-07_0114,typoglyphs/26_glyphs/t26_l01g14.png,keywords/26_keywords/t26_l01g14.md,0,
Ha-07_0115,typoglyphs/26_glyphs/t26_l01g15.png,keywords/26_keywords/t26_l01g15.md,0,
Ha-07_0116,typoglyphs/26_glyphs/t26_l01g16.png,keywords/26_keywords/t26_l01g16.md,0,
Ha-07_0117,typoglyphs/26_glyphs/t26_l01g17.png,keywords/26_keywords/t26_l01g17.md,0,
Ha-07_0118,typoglyphs/26_glyphs/t26_l01g18.png,keywords/26_keywords/t26_l01g18.md,0,
Ha-07_0119,typoglyphs/26_glyphs/t26_l01g19.png,keywords/26_keywords/t26_l01g19.md,0,
Ha-07_0120,typoglyphs/26_glyphs/t26_l01g20.png,keywords/26_keywords/t26_l01g20.md,0,
Ha-07_0121,typoglyphs/26_glyphs/t26_l01g21.png,keywords/26_keywords/t26_l01g21.md,0,
Ha-07_0122,typoglyphs/26_glyphs/t26_l01g22.png,keywords/26_keywords/t26_l01g22.md,0,
Ha-07_0123,typoglyphs/26_glyphs/t26_l01g23.png,keywords/26_keywords/t26_l01g23.md,0,
Ha-07_0124,typoglyphs/26_glyphs/t26_l01g24.png,keywords/26_keywords/t26_l01g24.md,0,
Ha-07_0125,typoglyphs/26_glyphs/t26_l01g25.png,keywords/26_keywords/t26_l01g25.md,0,
Ha-07_0126,typoglyphs/26_glyphs/t26_l01g26.png,keywords/26_keywords/t26_l01g26.md,0,
Ha-07_0201,typoglyphs/26_glyphs/t26_l02g01.png,keywords/26_keywords/t26_l02g01.md,0,
Ha-07_0202,typoglyphs/26_glyphs/t26_l02g02.png,keywords/26_keywords/t26_l02g02.md,0,
Ha-07_0203,typoglyphs/26_glyphs/t26_l02g03.png,keywords/26_keywords/t26_l02g03.md,0,
Ha-07_0204,typoglyphs/26_glyphs/t26_l02g04.png,keywords/26_keywords/t26_l02g04.md,0,
Ha-07_0205,typoglyphs/26_glyphs/t26_l02g05.png,keywords/26_keywords/t26_l02g05.md,0,
Ha-07_0206,typoglyphs/26_glyphs/t26_l02g06.png,keywords/26_keywords/t26_l02g06.md,0,
Ha-07_0207,typoglyphs/26_glyphs/t26_l02g07.png,keywords/26_keywords/t26_l02g07.md,0,
Ha-07_0208,typoglyphs/26_glyphs/t26_l02g08.png,keywords/26_keywords/t26_l02g08.md,0,
Ha-07_0209,typoglyphs/26_glyphs/t26_l02g09.png,keywords/26_keywords/t26_l02g09.md,0,
Ha-07_0210,typoglyphs/26_glyphs/t26_l02g10.png,keywords/26_keywords/t26_l02g10.md,0,
Ha-07_0211,typoglyphs/26_glyphs/t26_l02g11.png,keywords/26_keywords/t26_l02g11.md,0,
Ha-07_0212,typoglyphs/26_glyphs/t26_l02g12.png,keywords/26_keywords/t26_l02g12.md,0,
Ha-07_0213,typoglyphs/26_glyphs/t26_l02g13.png,keywords/26_keywords/t26_l02g13.md,0,
Ha-07_0214,typoglyphs/26_glyphs/t26_l02g14.png,keywords/26_keywords/t26_l02g14.md,0,
Ha-07_0215,typoglyphs/26_glyphs/t26_l02g15.png,keywords/26_keywords/t26_l02g15.md,0,
Ha-07_0216,typoglyphs/26_glyphs/t26_l02g16.png,keywords/26_keywords/t26_l02g16.md,0,
Ha-07_0217,typoglyphs/26_glyphs/t26_l02g17.png,keywords/26_keywords/t26_l02g17.md,0,
Ha-07_0218,typoglyphs/26_glyphs/t26_l02g18.png,keywords/26_keywords/t26_l02g18.md,0,
Ha-07_0219,typoglyphs/26_glyphs/t26_l02g19.png,keywords/26_keywords/t26_l02g19.md,0,
Ha-07_0220,typoglyphs/26_glyphs/t26_l02g20.png,keywords/26_keywords/t26_l02g20.md,0,
Ha-07_0221,typoglyphs/26_glyphs/t26_l02g21.png,keywords/26_keywords/t26_l02g21.md,0,
Ha-07_0222,typoglyphs/26_glyphs/t26_l02g22.png,keywords/26_keywords/t26_l02g22.md,0,
Ha-07_0223,typoglyphs/26_glyphs/t26_l02g23.png,keywords/26_keywords/t26_l02g23.md,0,
Ha-07_0224,typoglyphs/26_glyphs/t26_l02g24.png,keywords/26_keywords/t26_l02g24.md,0,
Ha-07_0225,typoglyphs/26_glyphs/t26_l02g25.png,keywords/26_keywords/t26_l02g25.md,0,
Ha-07_0226,typoglyphs/26_glyphs/t26_l02g26.png,keywords/26_keywords/t26_l02g26.md,0,
Ha-07_0227,typoglyphs/26_glyphs/t26_l02g27.png,keywords/26_keywords/t26_l02g27.md,0,
Ha-07_0228,typoglyphs/26_glyphs/t26_l02g28.png,keywords/26_keywords/t26_l02g28.md,0,
Ha-07_0229,typoglyphs/26_glyphs/t26_l02g29.png,keywords/26_keywords/t26_l02g29.md,0,
Ha-07_0230,typoglyphs/26_glyphs/t26_l02g30.png,keywords/26_keywords/t26_l02g30.md,0,
Ha-07_0231,typoglyphs/26_glyphs/t26_l02g31.png,keywords/26_keywords/t26_l02g31.md,0,
Ha-07_0232,typoglyphs/26_glyphs/t26_l02g32.png,keywords/26_keywords/t26_l02g32.md,0,
Ha-07_0233,typoglyphs/26_glyphs/t26_l02g33.png,keywords/26_keywords/t26_l02g33.md,0,
Ha-07_0234,typoglyphs/26_glyphs/t26_l02g34.png,keywords/26_keywords/t26_l02g34.md,0,
Ha-07_0235,typoglyphs/26_glyphs/t26_l02g35.png,keywords/26_keywords/t26_l02g35.md,0,
Ha-07_0236,typoglyphs/26_glyphs/t26_l02g36.png,keywords/26_keywords/t26_l02g36.md,0,
Ha-07_0237,typoglyphs/26_glyphs/t26_l02g37.png,keywords/26_keywords/t26_l02g37.md,0,
Ha-07_0238,typoglyphs/26_glyphs/t26_l02g38.png,keywords/26_keywords/t26_l02g38.md,0,
Ha-07_0239,typoglyphs/26_glyphs/t26_l02g39.png,keywords/26_keywords/t26_l02g39.md,0,
Ha-07_0240,typoglyphs/26_glyphs/t26_l02g40.png,keywords/26_keywords/t26_l02g40.md,0,
Ha-07_0241,typoglyphs/26_glyphs/t26_l02g41.png,keywords/26_keywords/t26_l02g41.md,0,
Ha-07_0242,typoglyphs/26_glyphs/t26_l02g42.png,keywords/26_keywords/t26_l02g42.md,0,
Ha-07_0243,typoglyphs/26_glyphs/t26_l02g43.png,keywords/26_keywords/t26_l02g43.md,0,
Ha-07_0244,typoglyphs/26_glyphs/t26_l02g44.png,keywords/26_keywords/t26_l02g44.md,0,
Ha-07_0245,typoglyphs/26_glyphs/t26_l02g45.png,keywords/26_keywords/t26_l02g45.md,0,
Ha-07_0246,typoglyphs/26_glyphs/t26_l02g46.png,keywords/26_keywords/t26_l02g46.md,0,
Ha-07_0247,typoglyphs/26_glyphs/t26_l02g47.png,keywords/26_keywords/t26_l02g47.md,0,
Ha-07_0248,typoglyphs/26_glyphs/t26_l02g48.png,keywords/26_keywords/t26_l02g48.md,0,
Ha-07_0249,typoglyphs/26_glyphs/t26_l02g49.png,keywords/26_keywords/t26_l02g49.md,0,
Ha-07_0301,typoglyphs/26_glyphs/t26_l03g01.png,keywords/26_keywords/t26_l03g01.md,0,
Ha-07_0302,typoglyphs/26_glyphs/t26_l03g02.png,keywords/26_keywords/t26_l03g02.md,0,
Ha-07_0303,typoglyphs/26_glyphs/t26_l03g03.png,keywords/26_keywords/t26_l03g03.md,0,
Ha-07_0304,typoglyphs/26_glyphs/t26_l03g04.png,keywords/26_keywords/t26_l03g04.md,0,
Ha-07_0305,typoglyphs/26_glyphs/t26_l03g05.png,keywords/26_keywords/t26_l03g05.md,0,
Ha-07_0306,typoglyphs/26_glyphs/t26_l03g06.png,keywords/26_keywords/t26_l03g06.md,0,
Ha-07_0307,typoglyphs/26_glyphs/t26_l03g07.png,keywords/26_keywords/t26_l03g07.md,0,
Ha-07_0308,typoglyphs/26_glyphs/t26_l03g08.png,keywords/26_keywords/t26_l03g08.md,0,
Ha-07_0309,typoglyphs/26_glyphs/t26_l03g09.png,keywords/26_keywords/t26_l03g09.md,0,
Ha-07_0310,typoglyphs/26_glyphs/t26_l03g10.png,keywords/26_keywords/t26_l03g10.md,0,
Ha-07_0311,typoglyphs/26_glyphs/t26_l03g11.png,keywords/26_keywords/t26_l03g11.md,0,
Ha-07_0312,typoglyphs/26_glyphs/t26_l03g12.png,keywords/26_keywords/t26_l03g12.md,0,
Ha-07_0313,typoglyphs/26_glyphs/t26_l03g13.png,keywords/26_keywords/t26_l03g13.md,0,
Ha-07_0314,typoglyphs/26_glyphs/t26_l03g14.png,keywords/26_keywords/t26_l03g14.md,0,
Ha-07_0315,typoglyphs/26_glyphs/t26_l03g15.png,keywords/26_keywords/t26_l03g15.md,0,
Ha-07_0316,typoglyphs/26_glyphs/t26_l03g16.png,keywords/26_keywords/t26_l03g16.md,0,
Ha-07_0317,typoglyphs/26_glyphs/t26_l03g17.png,keywords/26_keywords/t26_l03g17.md,0,
Ha-07_0318,typoglyphs/26_glyphs/t26_l03g18.png,keywords/26_keywords/t26_l03g18.md,0,
Ha-07_0319,typoglyphs/26_glyphs/t26_l03g19.png,keywords/26_keywords/t26_l03g19.md,0,
Ha-07_0320,typoglyphs/26_glyphs/t26_l03g20.png,keywords/26_keywords/t26_l03g20.md,0,
Ha-07_0321,typoglyphs/26_glyphs/t26_l03g21.png,keywords/26_keywords/t26_l03g21.md,0,
Ha-07_0322,typoglyphs/26_glyphs/t26_l03g22.png,keywords/26_keywords/t26_l03g22.md,0,
Ha-07_0323,typoglyphs/26_glyphs/t26_l03g23.png,keywords/26_keywords/t26_l03g23.md,0,
Ha-07_0324,typoglyphs/26_glyphs/t26_l03g24.png,keywords/26_keywords/t26_l03g24.md,0,
Ha-07_0325,typoglyphs/26_glyphs/t26_l03g25.png,keywords/26_keywords/t26_l03g25.md,0,
Ha-07_0326,typoglyphs/26_glyphs/t26_l03g26.png,keywords/26_keywords/t26_l03g26.md,0,
Ha-07_0327,typoglyphs/26_glyphs/t26_l03g27.png,keywords/26_keywords/t26_l03g27.md,0,
Ha-07_0328,typoglyphs/26_glyphs/t26_l03g28.png,keywords/26_keywords/t26_l03g28.md,0,
Ha-07_0329,typoglyphs/26_glyphs/t26_l03g29.png,keywords/26_keywords/t26_l03g29.md,0,
Ha-07_0330,typoglyphs/26_glyphs/t26_l03g30.png,keywords/26_keywords/t26_l03g30.md,0,
Ha-07_0331,typoglyphs/26_glyphs/t26_l03g31.png,keywords/26_keywords/t26_l03g31.md,0,
Ha-07_0332,typoglyphs/26_glyphs/t26_l03g32.png,keywords/26_keywords/t26_l03g32.md,0,
Ha-07_0333,typoglyphs/26_glyphs/t26_l03g33.png,keywords/26_keywords/t26_l03g33.md,0,
Ha-07_0334,typoglyphs/26_glyphs/t26_l03g34.png,keywords/26_keywords/t26_l03g34.md,0,
Ha-07_0335,typoglyphs/26_glyphs/t26_l03g35.png,keywords/26_keywords/t26_l03g35.md,0,
Ha-07_0336,typoglyphs/26_glyphs/t26_l03g36.png,keywords/26_keywords/t26_l03g36.md,0,
Ha-07_0337,typoglyphs/26_glyphs/t26_l03g37.png,keywords/26_keywords/t26_l03g37.md,0,
Ha-07_0338,typoglyphs/26_glyphs/t26_l03g38.png,keywords/26_keywords/t26_l03g38.md,0,
Ha-07_0339,typoglyphs/26_glyphs/t26_l03g39.png,keywords/26_keywords/t26_l03g39.md,0,
Ha-07_0340,typoglyphs/26_glyphs/t26_l03g40.png,keywords/26_keywords/t26_l03g40.md,0,
Ha-07_0341,typoglyphs/26_glyphs/t26_l03g41.png,keywords/26_keywords/t26_l03g41.md,0,
Ha-07_0342,typoglyphs/26_glyphs/t26_l03g42.png,keywords/26_keywords/t26_l03g42.md,0,
Ha-07_0343,typoglyphs/26_glyphs/t26_l03g43.png,keywords/26_keywords/t26_l03g43.md,0,
Ha-07_0401,typoglyphs/26_glyphs/t26_l04g01.png,keywords/26_keywords/t26_l04g01.md,0,
Ha-07_0501,typoglyphs/26_glyphs/t26_l05g01.png,keywords/26_keywords/t26_l05g01.md,0,
Ha-07_0502,typoglyphs/26_glyphs/t26_l05g02.png,keywords/26_keywords/t26_l05g02.md,0,
Ha-07_0503,typoglyphs/26_glyphs/t26_l05g03.png,keywords/26_keywords/t26_l05g03.md,0,
Ha-07_0504,typoglyphs/26_glyphs/t26_l05g04.png,keywords/26_keywords/t26_l05g04.md,0,
Ha-07_0505,typoglyphs/26_glyphs/t26_l05g05.png,keywords/26_keywords/t26_l05g05.md,0,
Ha-07_0506,typoglyphs/26_glyphs/t26_l05g06.png,keywords/26_keywords/t26_l05g06.md,0,
Ha-07_0507,typoglyphs/26_glyphs/t26_l05g07.png,keywords/26_keywords/t26_l05g07.md,0,
Ha-07_0508,typoglyphs/26_glyphs/t26_l05g08.png,keywords/26_keywords/t26_l05g08.md,0,
Ha-07_0509,typoglyphs/26_glyphs/t26_l05g09.png,keywords/26_keywords/t26_l05g09.md,0,
Ha-07_0510,typoglyphs/26_glyphs/t26_l05g10.png,keywords/26_keywords/t26_l05g10.md,0,
Ha-08_0101,typoglyphs/27_glyphs/t27_l01g01.png,keywords/27_keywords/t27_l01g01.md,0,
Ha-08_0102,typoglyphs/27_glyphs/t27_l01g02.png,keywords/27_keywords/t27_l01g02.md,0,
Ha-08_0103,typoglyphs/27_glyphs/t27_l01g03.png,keywords/27_keywords/t27_l01g03.md,0,
Ha-08_0104,typoglyphs/27_glyphs/t27_l01g04.png,keywords/27_keywords/t27_l01g04.md,0,
Ha-08_0105,typoglyphs/27_glyphs/t27_l01g05.png,keywords/27_keywords/t27_l01g05.md,0,
Ha-08_0106,typoglyphs/27_glyphs/t27_l01g06.png,keywords/27_keywords/t27_l01g06.md,0,
Ha-08_0107,typoglyphs/27_glyphs/t27_l01g07.png,keywords/27_keywords/t27_l01g07.md,0,
Ha-08_0108,typoglyphs/27_glyphs/t27_l01g08.png,keywords/27_keywords/t27_l01g08.md,0,
Ha-08_0109,typoglyphs/27_glyphs/t27_l01g09.png,keywords/27_keywords/t27_l01g09.md,0,
Ha-08_0110,typoglyphs/27_glyphs/t27_l01g10.png,keywords/27_keywords/t27_l01g10.md,0,
Ha-08_0111,typoglyphs/27_glyphs/t27_l01g11.png,keywords/27_keywords/t27_l01g11.md,0,
Ha-08_0112,typoglyphs/27_glyphs/t27_l01g12.png,keywords/27_keywords/t27_l01g12.md,0,
Ha-08_0113,typoglyphs/27_glyphs/t27_l01g13.png,keywords/27_keywords/t27_l01g13.md,0,
Ha-08_0114,typoglyphs/27_glyphs/t27_l01g14.png,keywords/27_keywords/t27_l01g14.md,0,
Ha-08_0115,typoglyphs/27_glyphs/t27_l01g15.png,keywords/27_keywords/t27_l01g15.md,0,
Ha-08_0116,typoglyphs/27_glyphs/t27_l01g16.png,keywords/27_keywords/t27_l01g16.md,0,
Ha-08_0117,typoglyphs/27_glyphs/t27_l01g17.png,keywords/27_keywords/t27_l01g17.md,0,
Ha-08_0118,typoglyphs/27_glyphs/t27_l01g18.png,keywords/27_keywords/t27_l01g18.md,0,
Ha-08_0119,typoglyphs/27_glyphs/t27_l01g19.png,keywords/27_keywords/t27_l01g19.md,0,
Ha-08_0120,typoglyphs/27_glyphs/t27_l01g20.png,keywords/27_keywords/t27_l01g20.md,0,
Ha-08_0121,typoglyphs/27_glyphs/t27_l01g21.png,keywords/27_keywords/t27_l01g21.md,0,
Ha-08_0122,typoglyphs/27_glyphs/t27_l01g22.png,keywords/27_keywords/t27_l01g22.md,0,
Ha-08_0123,typoglyphs/27_glyphs/t27_l01g23.png,keywords/27_keywords/t27_l01g23.md,0,
Ha-08_0124,typoglyphs/27_glyphs/t27_l01g24.png,keywords/27_keywords/t27_l01g24.md,0,
Ha-08_0125,typoglyphs/27_glyphs/t27_l01g25.png,keywords/27_keywords/t27_l01g25.md,0,
Ha-08_0126,typoglyphs/27_glyphs/t27_l01g26.png,keywords/27_keywords/t27_l01g26.md,0,
Ha-08_0127,typoglyphs/27_glyphs/t27_l01g27.png,keywords/27_keywords/t27_l01g27.md,0,
Ha-08_0128,typoglyphs/27_glyphs/t27_l01g28.png,keywords/27_keywords/t27_l01g28.md,0,
Ha-08_0129,typoglyphs/27_glyphs/t27_l01g29.png,keywords/27_keywords/t27_l01g29.md,0,
Ha-08_0130,typoglyphs/27_glyphs/t27_l01g30.png,keywords/27_keywords/t27_l01g30.md,0,
Ha-08_0131,typoglyphs/27_glyphs/t27_l01g31.png,keywords/27_keywords/t27_l01g31.md,0,
Ha-08_0132,typoglyphs/27_glyphs/t27_l01g32.png,keywords/27_keywords/t27_l01g32.md,0,
Ha-08_0201,typoglyphs/27_glyphs/t27_l02g01.png,keywords/27_keywords/t27_l02g01.md,0,
Ha-08_0202,typoglyphs/27_glyphs/t27_l02g02.png,keywords/27_keywords/t27_l02g02.md,0,
Ha-08_0203,typoglyphs/27_glyphs/t27_l02g03.png,keywords/27_keywords/t27_l02g03.md,0,
Ha-08_0204,typoglyphs/27_glyphs/t27_l02g04.png,keywords/27_keywords/t27_l02g04.md,0,
Ha-08_0205,typoglyphs/27_glyphs/t27_l02g05.png,keywords/27_keywords/t27_l02g05.md,0,
Ha-08_0206,typoglyphs/27_glyphs/t27_l02g06.png,keywords/27_keywords/t27_l02g06.md,0,
Ha-08_0207,typoglyphs/27_glyphs/t27_l02g07.png,keywords/27_keywords/t27_l02g07.md,0,
Ha-08_0208,typoglyphs/27_glyphs/t27_l02g08.png,keywords/27_keywords/t27_l02g08.md,0,
Ha-08_0209,typoglyphs/27_glyphs/t27_l02g09.png,keywords/27_keywords/t27_l02g09.md,0,
Ha-08_0210,typoglyphs/27_glyphs/t27_l02g10.png,keywords/27_keywords/t27_l02g10.md,0,
Ha-08_0211,typoglyphs/27_glyphs/t27_l02g11.png,keywords/27_keywords/t27_l02g11.md,0,
Ha-08_0212,typoglyphs/27_glyphs/t27_l02g12.png,keywords/27_keywords/t27_l02g12.md,0,
Ha-08_0213,typoglyphs/27_glyphs/t27_l02g13.png,keywords/27_keywords/t27_l02g13.md,0,
Ha-08_0214,typoglyphs/27_glyphs/t27_l02g14.png,keywords/27_keywords/t27_l02g14.md,0,
Ha-08_0215,typoglyphs/27_glyphs/t27_l02g15.png,keywords/27_keywords/t27_l02g15.md,0,
Ha-08_0216,typoglyphs/27_glyphs/t27_l02g16.png,keywords/27_keywords/t27_l02g16.md,0,
Ha-08_0217,typoglyphs/27_glyphs/t27_l02g17.png,keywords/27_keywords/t27_l02g17.md,0,
Ha-08_0218,typoglyphs/27_glyphs/t27_l02g18.png,keywords/27_keywords/t27_l02g18.md,0,
Ha-08_0219,typoglyphs/27_glyphs/t27_l02g19.png,keywords/27_keywords/t27_l02g19.md,0,
Ha-08_0220,typoglyphs/27_glyphs/t27_l02g20.png,keywords/27_keywords/t27_l02g20.md,0,
Ha-08_0221,typoglyphs/27_glyphs/t27_l02g21.png,keywords/27_keywords/t27_l02g21.md,0,
Ha-08_0222,typoglyphs/27_glyphs/t27_l02g22.png,keywords/27_keywords/t27_l02g22.md,0,
Ha-08_0223,typoglyphs/27_glyphs/t27_l02g23.png,keywords/27_keywords/t27_l02g23.md,0,
Ha-08_0224,typoglyphs/27_glyphs/t27_l02g24.png,keywords/27_keywords/t27_l02g24.md,0,
Ha-08_0225,typoglyphs/27_glyphs/t27_l02g25.png,keywords/27_keywords/t27_l02g25.md,0,
Ha-08_0226,typoglyphs/27_glyphs/t27_l02g26.png,keywords/27_keywords/t27_l02g26.md,0,
Ha-08_0227,typoglyphs/27_glyphs/t27_l02g27.png,keywords/27_keywords/t27_l02g27.md,0,
Ha-08_0228,typoglyphs/27_glyphs/t27_l02g28.png,keywords/27_keywords/t27_l02g28.md,0,
Ha-08_0229,typoglyphs/27_glyphs/t27_l02g29.png,keywords/27_keywords/t27_l02g29.md,0,
Ha-08_0230,typoglyphs/27_glyphs/t27_l02g30.png,keywords/27_keywords/t27_l02g30.md,0,
Ha-08_0231,typoglyphs/27_glyphs/t27_l02g31.png,keywords/27_keywords/t27_l02g31.md,0,
Ha-08_0232,typoglyphs/27_glyphs/t27_l02g32.png,keywords/27_keywords/t27_l02g32.md,0,
Ha-08_0233,typoglyphs/27_glyphs/t27_l02g33.png,keywords/27_keywords/t27_l02g33.md,0,
Ha-08_0234,typoglyphs/27_glyphs/t27_l02g34.png,keywords/27_keywords/t27_l02g34.md,0,
Ha-08_0235,typoglyphs/27_glyphs/t27_l02g35.png,keywords/27_keywords/t27_l02g35.md,0,
Ha-08_0236,typoglyphs/27_glyphs/t27_l02g36.png,keywords/27_keywords/t27_l02g36.md,0,
Ha-08_0237,typoglyphs/27_glyphs/t27_l02g37.png,keywords/27_keywords/t27_l02g37.md,0,
Ha-08_0238,typoglyphs/27_glyphs/t27_l02g38.png,keywords/27_keywords/t27_l02g38.md,0,
Ha-08_0239,typoglyphs/27_glyphs/t27_l02g39.png,keywords/27_keywords/t27_l02g39.md,0,
Ha-08_0240,typoglyphs/27_glyphs/t27_l02g40.png,keywords/27_keywords/t27_l02g40.md,0,
Ha-08_0241,typoglyphs/27_glyphs/t27_l02g41.png,keywords/27_keywords/t27_l02g41.md,0,
Ha-08_0242,typoglyphs/27_glyphs/t27_l02g42.png,keywords/27_keywords/t27_l02g42.md,0,
Ha-08_0243,typoglyphs/27_glyphs/t27_l02g43.png,keywords/27_keywords/t27_l02g43.md,0,
Ha-08_0244,typoglyphs/27_glyphs/t27_l02g44.png,keywords/27_keywords/t27_l02g44.md,0,
Ha-08_0301,typoglyphs/27_glyphs/t27_l03g01.png,keywords/27_keywords/t27_l03g01.md,0,
Ha-08_0302,typoglyphs/27_glyphs/t27_l03g02.png,keywords/27_keywords/t27_l03g02.md,0,
Ha-08_0303,typoglyphs/27_glyphs/t27_l03g03.png,keywords/27_keywords/t27_l03g03.md,0,
Ha-08_0304,typoglyphs/27_glyphs/t27_l03g04.png,keywords/27_keywords/t27_l03g04.md,0,
Ha-08_0305,typoglyphs/27_glyphs/t27_l03g05.png,keywords/27_keywords/t27_l03g05.md,0,
Ha-08_0306,typoglyphs/27_glyphs/t27_l03g06.png,keywords/27_keywords/t27_l03g06.md,0,
Ha-08_0307,typoglyphs/27_glyphs/t27_l03g07.png,keywords/27_keywords/t27_l03g07.md,0,
Ha-08_0308,typoglyphs/27_glyphs/t27_l03g08.png,keywords/27_keywords/t27_l03g08.md,0,
Ha-08_0309,typoglyphs/27_glyphs/t27_l03g09.png,keywords/27_keywords/t27_l03g09.md,0,
Ha-08_0310,typoglyphs/27_glyphs/t27_l03g10.png,keywords/27_keywords/t27_l03g10.md,0,
Ha-08_0311,typoglyphs/27_glyphs/t27_l03g11.png,keywords/27_keywords/t27_l03g11.md,0,
Ha-08_0312,typoglyphs/27_glyphs/t27_l03g12.png,keywords/27_keywords/t27_l03g12.md,0,
Ha-08_0313,typoglyphs/27_glyphs/t27_l03g13.png,keywords/27_keywords/t27_l03g13.md,0,
Ha-08_0314,typoglyphs/27_glyphs/t27_l03g14.png,keywords/27_keywords/t27_l03g14.md,0,
Ha-08_0315,typoglyphs/27_glyphs/t27_l03g15.png,keywords/27_keywords/t27_l03g15.md,0,
Ha-08_0316,typoglyphs/27_glyphs/t27_l03g16.png,keywords/27_keywords/t27_l03g16.md,0,
Ha-08_0317,typoglyphs/27_glyphs/t27_l03g17.png,keywords/27_keywords/t27_l03g17.md,0,
Ha-08_0318,typoglyphs/27_glyphs/t27_l03g18.png,keywords/27_keywords/t27_l03g18.md,0,
Ha-08_0319,typoglyphs/27_glyphs/t27_l03g19.png,keywords/27_keywords/t27_l03g19.md,0,
Ha-08_0320,typoglyphs/27_glyphs/t27_l03g20.png,keywords/27_keywords/t27_l03g20.md,0,
Ha-08_0321,typoglyphs/27_glyphs/t27_l03g21.png,keywords/27_keywords/t27_l03g21.md,0,
Ha-08_0322,typoglyphs/27_glyphs/t27_l03g22.png,keywords/27_keywords/t27_l03g22.md,0,
Ha-08_0323,typoglyphs/27_glyphs/t27_l03g23.png,keywords/27_keywords/t27_l03g23.md,0,
Ha-08_0324,typoglyphs/27_glyphs/t27_l03g24.png,keywords/27_keywords/t27_l03g24.md,0,
Ha-08_0325,typoglyphs/27_glyphs/t27_l03g25.png,keywords/27_keywords/t27_l03g25.md,0,
Ha-08_0326,typoglyphs/27_glyphs/t27_l03g26.png,keywords/27_keywords/t27_l03g26.md,0,
Ha-08_0327,typoglyphs/27_glyphs/t27_l03g27.png,keywords/27_keywords/t27_l03g27.md,0,
Ha-08_0328,typoglyphs/27_glyphs/t27_l03g28.png,keywords/27_keywords/t27_l03g28.md,0,
Ha-08_0329,typoglyphs/27_glyphs/t27_l03g29.png,keywords/27_keywords/t27_l03g29.md,0,
Ha-08_0330,typoglyphs/27_glyphs/t27_l03g30.png,keywords/27_keywords/t27_l03g30.md,0,
Ha-08_0331,typoglyphs/27_glyphs/t27_l03g31.png,keywords/27_keywords/t27_l03g31.md,0,
Ha-08_0332,typoglyphs/27_glyphs/t27_l03g32.png,keywords/27_keywords/t27_l03g32.md,0,
Ha-08_0333,typoglyphs/27_glyphs/t27_l03g33.png,keywords/27_keywords/t27_l03g33.md,0,
Ha-08_0334,typoglyphs/27_glyphs/t27_l03g34.png,keywords/27_keywords/t27_l03g34.md,0,
Ha-08_0335,typoglyphs/27_glyphs/t27_l03g35.png,keywords/27_keywords/t27_l03g35.md,0,
Ha-08_0336,typoglyphs/27_glyphs/t27_l03g36.png,keywords/27_keywords/t27_l03g36.md,0,
Ha-08_0337,typoglyphs/27_glyphs/t27_l03g37.png,keywords/27_keywords/t27_l03g37.md,0,
Ha-08_0338,typoglyphs/27_glyphs/t27_l03g38.png,keywords/27_keywords/t27_l03g38.md,0,
Ha-08_0339,typoglyphs/27_glyphs/t27_l03g39.png,keywords/27_keywords/t27_l03g39.md,0,
Ha-08_0340,typoglyphs/27_glyphs/t27_l03g40.png,keywords/27_keywords/t27_l03g40.md,0,
Ha-08_0341,typoglyphs/27_glyphs/t27_l03g41.png,keywords/27_keywords/t27_l03g41.md,0,
Ha-08_0342,typoglyphs/27_glyphs/t27_l03g42.png,keywords/27_keywords/t27_l03g42.md,0,
Ha-08_0343,typoglyphs/27_glyphs/t27_l03g43.png,keywords/27_keywords/t27_l03g43.md,0,
Ha-08_0401,typoglyphs/27_glyphs/t27_l04g01.png,keywords/27_keywords/t27_l04g01.md,0,
Ha-08_0402,typoglyphs/27_glyphs/t27_l04g02.png,keywords/27_keywords/t27_l04g02.md,0,
Ha-09_0101,typoglyphs/28_glyphs/t28_l01g01.png,keywords/28_keywords/t28_l01g01.md,0,
Ha-09_0102,typoglyphs/28_glyphs/t28_l01g02.png,keywords/28_keywords/t28_l01g02.md,0,
Ha-09_0103,typoglyphs/28_glyphs/t28_l01g03.png,keywords/28_keywords/t28_l01g03.md,0,
Ha-09_0104,typoglyphs/28_glyphs/t28_l01g04.png,keywords/28_keywords/t28_l01g04.md,0,
Ha-09_0105,typoglyphs/28_glyphs/t28_l01g05.png,keywords/28_keywords/t28_l01g05.md,0,
Ha-09_0106,typoglyphs/28_glyphs/t28_l01g06.png,keywords/28_keywords/t28_l01g06.md,0,
Ha-09_0107,typoglyphs/28_glyphs/t28_l01g07.png,keywords/28_keywords/t28_l01g07.md,0,
Ha-09_0108,typoglyphs/28_glyphs/t28_l01g08.png,keywords/28_keywords/t28_l01g08.md,0,
Ha-09_0109,typoglyphs/28_glyphs/t28_l01g09.png,keywords/28_keywords/t28_l01g09.md,0,
Ha-09_0110,typoglyphs/28_glyphs/t28_l01g10.png,keywords/28_keywords/t28_l01g10.md,0,
Ha-09_0111,typoglyphs/28_glyphs/t28_l01g11.png,keywords/28_keywords/t28_l01g11.md,0,
Ha-09_0112,typoglyphs/28_glyphs/t28_l01g12.png,keywords/28_keywords/t28_l01g12.md,0,
Ha-09_0113,typoglyphs/28_glyphs/t28_l01g13.png,keywords/28_keywords/t28_l01g13.md,0,
Ha-09_0114,typoglyphs/28_glyphs/t28_l01g14.png,keywords/28_keywords/t28_l01g14.md,0,
Ha-09_0115,typoglyphs/28_glyphs/t28_l01g15.png,keywords/28_keywords/t28_l01g15.md,0,
Ha-09_0116,typoglyphs/28_glyphs/t28_l01g16.png,keywords/28_keywords/t28_l01g16.md,0,
Ha-09_0117,typoglyphs/28_glyphs/t28_l01g17.png,keywords/28_keywords/t28_l01g17.md,0,
Ha-09_0118,typoglyphs/28_glyphs/t28_l01g18.png,keywords/28_keywords/t28_l01g18.md,0,
Ha-09_0119,typoglyphs/28_glyphs/t28_l01g19.png,keywords/28_keywords/t28_l01g19.md,0,
Ha-09_0120,typoglyphs/28_glyphs/t28_l01g20.png,keywords/28_keywords/t28_l01g20.md,0,
Ha-09_0121,typoglyphs/28_glyphs/t28_l01g21.png,keywords/28_keywords/t28_l01g21.md,0,
Ha-09_0122,typoglyphs/28_glyphs/t28_l01g22.png,keywords/28_keywords/t28_l01g22.md,0,
Ha-09_0123,typoglyphs/28_glyphs/t28_l01g23.png,keywords/28_keywords/t28_l01g23.md,0,
Ha-09_0201,typoglyphs/28_glyphs/t28_l02g01.png,keywords/28_keywords/t28_l02g01.md,0,
Ha-09_0202,typoglyphs/28_glyphs/t28_l02g02.png,keywords/28_keywords/t28_l02g02.md,0,
Ha-09_0203,typoglyphs/28_glyphs/t28_l02g03.png,keywords/28_keywords/t28_l02g03.md,0,
Ha-09_0204,typoglyphs/28_glyphs/t28_l02g04.png,keywords/28_keywords/t28_l02g04.md,0,
Ha-09_0205,typoglyphs/28_glyphs/t28_l02g05.png,keywords/28_keywords/t28_l02g05.md,0,
Ha-09_0206,typoglyphs/28_glyphs/t28_l02g06.png,keywords/28_keywords/t28_l02g06.md,0,
Ha-09_0207,typoglyphs/28_glyphs/t28_l02g07.png,keywords/28_keywords/t28_l02g07.md,0,
Ha-09_0208,typoglyphs/28_glyphs/t28_l02g08.png,keywords/28_keywords/t28_l02g08.md,0,
Ha-09_0209,typoglyphs/28_glyphs/t28_l02g09.png,keywords/28_keywords/t28_l02g09.md,0,
Ha-09_0210,typoglyphs/28_glyphs/t28_l02g10.png,keywords/28_keywords/t28_l02g10.md,0,
Ha-09_0211,typoglyphs/28_glyphs/t28_l02g11.png,keywords/28_keywords/t28_l02g11.md,0,
Ha-09_0212,typoglyphs/28_glyphs/t28_l02g12.png,keywords/28_keywords/t28_l02g12.md,0,
Ha-09_0213,typoglyphs/28_glyphs/t28_l02g13.png,keywords/28_keywords/t28_l02g13.md,0,
Ha-09_0214,typoglyphs/28_glyphs/t28_l02g14.png,keywords/28_keywords/t28_l02g14.md,0,
Ha-09_0215,typoglyphs/28_glyphs/t28_l02g15.png,keywords/28_keywords/t28_l02g15.md,0,
Ha-09_0216,typoglyphs/28_glyphs/t28_l02g16.png,keywords/28_keywords/t28_l02g16.md,0,
Ha-09_0217,typoglyphs/28_glyphs/t28_l02g17.png,keywords/28_keywords/t28_l02g17.md,0,
Ha-09_0218,typoglyphs/28_glyphs/t28_l02g18.png,keywords/28_keywords/t28_l02g18.md,0,
Ha-09_0219,typoglyphs/28_glyphs/t28_l02g19.png,keywords/28_keywords/t28_l02g19.md,0,
Ha-09_0220,typoglyphs/28_glyphs/t28_l02g20.png,keywords/28_keywords/t28_l02g20.md,0,
Ha-09_0221,typoglyphs/28_glyphs/t28_l02g21.png,keywords/28_keywords/t28_l02g21.md,0,
Ha-09_0222,typoglyphs/28_glyphs/t28_l02g22.png,keywords/28_keywords/t28_l02g22.md,0,
Ha-09_0223,typoglyphs/28_glyphs/t28_l02g23.png,keywords/28_keywords/t28_l02g23.md,0,
Ha-09_0224,typoglyphs/28_glyphs/t28_l02g24.png,keywords/28_keywords/t28_l02g24.md,0,
Ha-09_0225,typoglyphs/28_glyphs/t28_l02g25.png,keywords/28_keywords/t28_l02g25.md,0,
Ha-09_0226,typoglyphs/28_glyphs/t28_l02g26.png,keywords/28_keywords/t28_l02g26.md,0,
Ha-09_0227,typoglyphs/28_glyphs/t28_l02g27.png,keywords/28_keywords/t28_l02g27.md,0,
Ha-09_0228,typoglyphs/28_glyphs/t28_l02g28.png,keywords/28_keywords/t28_l02g28.md,0,
Ha-09_0229,typoglyphs/28_glyphs/t28_l02g29.png,keywords/28_keywords/t28_l02g29.md,0,
Ha-09_0230,typoglyphs/28_glyphs/t28_l02g30.png,keywords/28_keywords/t28_l02g30.md,0,
Ha-09_0231,typoglyphs/28_glyphs/t28_l02g31.png,keywords/28_keywords/t28_l02g31.md,0,
Ha-09_0232,typoglyphs/28_glyphs/t28_l02g32.png,keywords/28_keywords/t28_l02g32.md,0,
Ha-09_0233,typoglyphs/28_glyphs/t28_l02g33.png,keywords/28_keywords/t28_l02g33.md,0,
Ha-09_0234,typoglyphs/28_glyphs/t28_l02g34.png,keywords/28_keywords/t28_l02g34.md,0,
Ha-09_0235,typoglyphs/28_glyphs/t28_l02g35.png,keywords/28_keywords/t28_l02g35.md,0,
Ha-09_0236,typoglyphs/28_glyphs/t28_l02g36.png,keywords/28_keywords/t28_l02g36.md,0,
Ha-09_0237,typoglyphs/28_glyphs/t28_l02g37.png,keywords/28_keywords/t28_l02g37.md,0,
Ha-09_0238,typoglyphs/28_glyphs/t28_l02g38.png,keywords/28_keywords/t28_l02g38.md,0,
Ha-09_0239,typoglyphs/28_glyphs/t28_l02g39.png,keywords/28_keywords/t28_l02g39.md,0,
Ha-09_0240,typoglyphs/28_glyphs/t28_l02g40.png,keywords/28_keywords/t28_l02g40.md,0,
Ha-09_0301,typoglyphs/28_glyphs/t28_l03g01.png,keywords/28_keywords/t28_l03g01.md,0,
Ha-09_0302,typoglyphs/28_glyphs/t28_l03g02.png,keywords/28_keywords/t28_l03g02.md,0,
Ha-09_0303,typoglyphs/28_glyphs/t28_l03g03.png,keywords/28_keywords/t28_l03g03.md,0,
Ha-09_0304,typoglyphs/28_glyphs/t28_l03g04.png,keywords/28_keywords/t28_l03g04.md,0,
Ha-09_0305,typoglyphs/28_glyphs/t28_l03g05.png,keywords/28_keywords/t28_l03g05.md,0,
Ha-09_0306,typoglyphs/28_glyphs/t28_l03g06.png,keywords/28_keywords/t28_l03g06.md,0,
Ha-09_0307,typoglyphs/28_glyphs/t28_l03g07.png,keywords/28_keywords/t28_l03g07.md,0,
Ha-09_0308,typoglyphs/28_glyphs/t28_l03g08.png,keywords/28_keywords/t28_l03g08.md,0,
Ha-09_0309,typoglyphs/28_glyphs/t28_l03g09.png,keywords/28_keywords/t28_l03g09.md,0,
Ha-09_0310,typoglyphs/28_glyphs/t28_l03g10.png,keywords/28_keywords/t28_l03g10.md,0,
Ha-09_0311,typoglyphs/28_glyphs/t28_l03g11.png,keywords/28_keywords/t28_l03g11.md,0,
Ha-09_0312,typoglyphs/28_glyphs/t28_l03g12.png,keywords/28_keywords/t28_l03g12.md,0,
Ha-09_0313,typoglyphs/28_glyphs/t28_l03g13.png,keywords/28_keywords/t28_l03g13.md,0,
Ha-09_0314,typoglyphs/28_glyphs/t28_l03g14.png,keywords/28_keywords/t28_l03g14.md,0,
Ha-09_0315,typoglyphs/28_glyphs/t28_l03g15.png,keywords/28_keywords/t28_l03g15.md,0,
Ha-09_0316,typoglyphs/28_glyphs/t28_l03g16.png,keywords/28_keywords/t28_l03g16.md,0,
Ha-09_0317,typoglyphs/28_glyphs/t28_l03g17.png,keywords/28_keywords/t28_l03g17.md,0,
Ha-09_0318,typoglyphs/28_glyphs/t28_l03g18.png,keywords/28_keywords/t28_l03g18.md,0,
Ha-09_0319,typoglyphs/28_glyphs/t28_l03g19.png,keywords/28_keywords/t28_l03g19.md,0,
Ha-09_0320,typoglyphs/28_glyphs/t28_l03g20.png,keywords/28_keywords/t28_l03g20.md,0,
Ha-09_0321,typoglyphs/28_glyphs/t28_l03g21.png,keywords/28_keywords/t28_l03g21.md,0,
Ha-09_0322,typoglyphs/28_glyphs/t28_l03g22.png,keywords/28_keywords/t28_l03g22.md,0,
Ha-09_0323,typoglyphs/28_glyphs/t28_l03g23.png,keywords/28_keywords/t28_l03g23.md,0,
Ha-09_0324,typoglyphs/28_glyphs/t28_l03g24.png,keywords/28_keywords/t28_l03g24.md,0,
Ha-09_0325,typoglyphs/28_glyphs/t28_l03g25.png,keywords/28_keywords/t28_l03g25.md,0,
Ha-09_0326,typoglyphs/28_glyphs/t28_l03g26.png,keywords/28_keywords/t28_l03g26.md,0,
Ha-09_0327,typoglyphs/28_glyphs/t28_l03g27.png,keywords/28_keywords/t28_l03g27.md,0,
Ha-09_0328,typoglyphs/28_glyphs/t28_l03g28.png,keywords/28_keywords/t28_l03g28.md,0,
Ha-09_0329,typoglyphs/28_glyphs/t28_l03g29.png,keywords/28_keywords/t28_l03g29.md,0,
Ha-09_0330,typoglyphs/28_glyphs/t28_l03g30.png,keywords/28_keywords/t28_l03g30.md,0,
Ha-09_0331,typoglyphs/28_glyphs/t28_l03g31.png,keywords/28_keywords/t28_l03g31.md,0,
Ha-09_0332,typoglyphs/28_glyphs/t28_l03g32.png,keywords/28_keywords/t28_l03g32.md,0,
Ha-09_0333,typoglyphs/28_glyphs/t28_l03g33.png,keywords/28_keywords/t28_l03g33.md,0,
Ha-09_0334,typoglyphs/28_glyphs/t28_l03g34.png,keywords/28_keywords/t28_l03g34.md,0,
Ha-09_0335,typoglyphs/28_glyphs/t28_l03g35.png,keywords/28_keywords/t28_l03g35.md,0,
Ha-09_0336,typoglyphs/28_glyphs/t28_l03g36.png,keywords/28_keywords/t28_l03g36.md,0,
Ha-09_0401,typoglyphs/28_glyphs/t28_l04g01.png,keywords/28_keywords/t28_l04g01.md,0,
Ha-09_0402,typoglyphs/28_glyphs/t28_l04g02.png,keywords/28_keywords/t28_l04g02.md,0,
Ha-09_0403,typoglyphs/28_glyphs/t28_l04g03.png,keywords/28_keywords/t28_l04g03.md,0,
Ha-09_0404,typoglyphs/28_glyphs/t28_l04g04.png,keywords/28_keywords/t28_l04g04.md,0,
Ha-09_0405,typoglyphs/28_glyphs/t28_l04g05.png,keywords/28_keywords/t28_l04g05.md,0,
Ha-09_0406,typoglyphs/28_glyphs/t28_l04g06.png,keywords/28_keywords/t28_l04g06.md,0,
Ha-09_0407,typoglyphs/28_glyphs/t28_l04g07.png,keywords/28_keywords/t28_l04g07.md,0,
Ha-09_0408,typoglyphs/28_glyphs/t28_l04g08.png,keywords/28_keywords/t28_l04g08.md,0,
Ha-09_0409,typoglyphs/28_glyphs/t28_l04g09.png,keywords/28_keywords/t28_l04g09.md,0,
Ha-09_0410,typoglyphs/28_glyphs/t28_l04g10.png,keywords/28_keywords/t28_l04g10.md,0,
Ha-09_0411,typoglyphs/28_glyphs/t28_l04g11.png,keywords/28_keywords/t28_l04g11.md,0,
Ha-09_0412,typoglyphs/28_glyphs/t28_l04g12.png,keywords/28_keywords/t28_l04g12.md,0,
Ha-09_0413,typoglyphs/28_glyphs/t28_l04g13.png,keywords/28_keywords/t28_l04g13.md,0,
Ha-09_0414,typoglyphs/28_glyphs/t28_l04g14.png,keywords/28_keywords/t28_l04g14.md,0,
Ha-09_0415,typoglyphs/28_glyphs/t28_l04g15.png,keywords/28_keywords/t28_l04g15.md,0,
Ha-09_0416,typoglyphs/28_glyphs/t28_l04g16.png,keywords/28_keywords/t28_l04g16.md,0,
Ha-09_0417,typoglyphs/28_glyphs/t28_l04g17.png,keywords/28_keywords/t28_l04g17.md,0,
Ha-09_0418,typoglyphs/28_glyphs/t28_l04g18.png,keywords/28_keywords/t28_l04g18.md,0,
Ha-09_0419,typoglyphs/28_glyphs/t28_l04g19.png,keywords/28_keywords/t28_l04g19.md,0,
Ha-09_0420,typoglyphs/28_glyphs/t28_l04g20.png,keywords/28_keywords/t28_l04g20.md,0,
Ha-10_0101,typoglyphs/29_glyphs/t29_l01g01.png,keywords/29_keywords/t29_l01g01.md,0,
Ha-10_0102,typoglyphs/29_glyphs/t29_l01g02.png,keywords/29_keywords/t29_l01g02.md,0,
Ha-10_0103,typoglyphs/29_glyphs/t29_l01g03.png,keywords/29_keywords/t29_l01g03.md,0,
Ha-10_0104,typoglyphs/29_glyphs/t29_l01g04.png,keywords/29_keywords/t29_l01g04.md,0,
Ha-10_0105,typoglyphs/29_glyphs/t29_l01g05.png,keywords/29_keywords/t29_l01g05.md,0,
Ha-10_0106,typoglyphs/29_glyphs/t29_l01g06.png,keywords/29_keywords/t29_l01g06.md,0,
Ha-10_0107,typoglyphs/29_glyphs/t29_l01g07.png,keywords/29_keywords/t29_l01g07.md,0,
Ha-10_0108,typoglyphs/29_glyphs/t29_l01g08.png,keywords/29_keywords/t29_l01g08.md,0,
Ha-10_0109,typoglyphs/29_glyphs/t29_l01g09.png,keywords/29_keywords/t29_l01g09.md,0,
Ha-10_0110,typoglyphs/29_glyphs/t29_l01g10.png,keywords/29_keywords/t29_l01g10.md,0,
Ha-10_0111,typoglyphs/29_glyphs/t29_l01g11.png,keywords/29_keywords/t29_l01g11.md,0,
Ha-10_0112,typoglyphs/29_glyphs/t29_l01g12.png,keywords/29_keywords/t29_l01g12.md,0,
Ha-10_0113,typoglyphs/29_glyphs/t29_l01g13.png,keywords/29_keywords/t29_l01g13.md,0,
Ha-10_0114,typoglyphs/29_glyphs/t29_l01g14.png,keywords/29_keywords/t29_l01g14.md,0,
Ha-10_0115,typoglyphs/29_glyphs/t29_l01g15.png,keywords/29_keywords/t29_l01g15.md,0,
Ha-10_0116,typoglyphs/29_glyphs/t29_l01g16.png,keywords/29_keywords/t29_l01g16.md,0,
Ha-10_0117,typoglyphs/29_glyphs/t29_l01g17.png,keywords/29_keywords/t29_l01g17.md,0,
Ha-10_0118,typoglyphs/29_glyphs/t29_l01g18.png,keywords/29_keywords/t29_l01g18.md,0,
Ha-10_0119,typoglyphs/29_glyphs/t29_l01g19.png,keywords/29_keywords/t29_l01g19.md,0,
Ha-10_0120,typoglyphs/29_glyphs/t29_l01g20.png,keywords/29_keywords/t29_l01g20.md,0,
Ha-10_0121,typoglyphs/29_glyphs/t29_l01g21.png,keywords/29_keywords/t29_l01g21.md,0,
Ha-10_0122,typoglyphs/29_glyphs/t29_l01g22.png,keywords/29_keywords/t29_l01g22.md,0,
Ha-10_0201,typoglyphs/29_glyphs/t29_l02g01.png,keywords/29_keywords/t29_l02g01.md,0,
Ha-10_0202,typoglyphs/29_glyphs/t29_l02g02.png,keywords/29_keywords/t29_l02g02.md,0,
Ha-10_0203,typoglyphs/29_glyphs/t29_l02g03.png,keywords/29_keywords/t29_l02g03.md,0,
Ha-10_0204,typoglyphs/29_glyphs/t29_l02g04.png,keywords/29_keywords/t29_l02g04.md,0,
Ha-10_0205,typoglyphs/29_glyphs/t29_l02g05.png,keywords/29_keywords/t29_l02g05.md,0,
Ha-10_0206,typoglyphs/29_glyphs/t29_l02g06.png,keywords/29_keywords/t29_l02g06.md,0,
Ha-10_0207,typoglyphs/29_glyphs/t29_l02g07.png,keywords/29_keywords/t29_l02g07.md,0,
Ha-10_0208,typoglyphs/29_glyphs/t29_l02g08.png,keywords/29_keywords/t29_l02g08.md,0,
Ha-10_0209,typoglyphs/29_glyphs/t29_l02g09.png,keywords/29_keywords/t29_l02g09.md,0,
Ha-10_0210,typoglyphs/29_glyphs/t29_l02g10.png,keywords/29_keywords/t29_l02g10.md,0,
Ha-10_0211,typoglyphs/29_glyphs/t29_l02g11.png,keywords/29_keywords/t29_l02g11.md,0,
Ha-10_0212,typoglyphs/29_glyphs/t29_l02g12.png,keywords/29_keywords/t29_l02g12.md,0,
Ha-10_0213,typoglyphs/29_glyphs/t29_l02g13.png,keywords/29_keywords/t29_l02g13.md,0,
Ha-10_0214,typoglyphs/29_glyphs/t29_l02g14.png,keywords/29_keywords/t29_l02g14.md,0,
Ha-10_0215,typoglyphs/29_glyphs/t29_l02g15.png,keywords/29_keywords/t29_l02g15.md,0,
Ha-10_0216,typoglyphs/29_glyphs/t29_l02g16.png,keywords/29_keywords/t29_l02g16.md,0,
Ha-10_0217,typoglyphs/29_glyphs/t29_l02g17.png,keywords/29_keywords/t29_l02g17.md,0,
Ha-10_0218,typoglyphs/29_glyphs/t29_l02g18.png,keywords/29_keywords/t29_l02g18.md,0,
Ha-10_0219,typoglyphs/29_glyphs/t29_l02g19.png,keywords/29_keywords/t29_l02g19.md,0,
Ha-10_0220,typoglyphs/29_glyphs/t29_l02g20.png,keywords/29_keywords/t29_l02g20.md,0,
Ha-10_0221,typoglyphs/29_glyphs/t29_l02g21.png,keywords/29_keywords/t29_l02g21.md,0,
Ha-10_0222,typoglyphs/29_glyphs/t29_l02g22.png,keywords/29_keywords/t29_l02g22.md,0,
Ha-10_0223,typoglyphs/29_glyphs/t29_l02g23.png,keywords/29_keywords/t29_l02g23.md,0,
Ha-10_0224,typoglyphs/29_glyphs/t29_l02g24.png,keywords/29_keywords/t29_l02g24.md,0,
Ha-10_0225,typoglyphs/29_glyphs/t29_l02g25.png,keywords/29_keywords/t29_l02g25.md,0,
Ha-10_0226,typoglyphs/29_glyphs/t29_l02g26.png,keywords/29_keywords/t29_l02g26.md,0,
Ha-10_0227,typoglyphs/29_glyphs/t29_l02g27.png,keywords/29_keywords/t29_l02g27.md,0,
Ha-10_0228,typoglyphs/29_glyphs/t29_l02g28.png,keywords/29_keywords/t29_l02g28.md,0,
Ha-10_0229,typoglyphs/29_glyphs/t29_l02g29.png,keywords/29_keywords/t29_l02g29.md,0,
Ha-10_0230,typoglyphs/29_glyphs/t29_l02g30.png,keywords/29_keywords/t29_l02g30.md,0,
Ha-10_0231,typoglyphs/29_glyphs/t29_l02g31.png,keywords/29_keywords/t29_l02g31.md,0,
Ha-10_0232,typoglyphs/29_glyphs/t29_l02g32.png,keywords/29_keywords/t29_l02g32.md,0,
Ha-10_0233,typoglyphs/29_glyphs/t29_l02g33.png,keywords/29_keywords/t29_l02g33.md,0,
Ha-10_0234,typoglyphs/29_glyphs/t29_l02g34.png,keywords/29_keywords/t29_l02g34.md,0,
Ha-10_0235,typoglyphs/29_glyphs/t29_l02g35.png,keywords/29_keywords/t29_l02g35.md,0,
Ha-10_0236,typoglyphs/29_glyphs/t29_l02g36.png,keywords/29_keywords/t29_l02g36.md,0,
Ha-10_0237,typoglyphs/29_glyphs/t29_l02g37.png,keywords/29_keywords/t29_l02g37.md,0,
Ha-10_0238,typoglyphs/29_glyphs/t29_l02g38.png,keywords/29_keywords/t29_l02g38.md,0,
Ha-10_0239,typoglyphs/29_glyphs/t29_l02g39.png,keywords/29_keywords/t29_l02g39.md,0,
Ha-10_0240,typoglyphs/29_glyphs/t29_l02g40.png,keywords/29_keywords/t29_l02g40.md,0,
Ha-10_0301,typoglyphs/29_glyphs/t29_l03g01.png,keywords/29_keywords/t29_l03g01.md,0,
Ha-10_0302,typoglyphs/29_glyphs/t29_l03g02.png,keywords/29_keywords/t29_l03g02.md,0,
Ha-10_0303,typoglyphs/29_glyphs/t29_l03g03.png,keywords/29_keywords/t29_l03g03.md,0,
Ha-10_0304,typoglyphs/29_glyphs/t29_l03g04.png,keywords/29_keywords/t29_l03g04.md,0,
Ha-10_0305,typoglyphs/29_glyphs/t29_l03g05.png,keywords/29_keywords/t29_l03g05.md,0,
Ha-10_0306,typoglyphs/29_glyphs/t29_l03g06.png,keywords/29_keywords/t29_l03g06.md,0,
Ha-10_0307,typoglyphs/29_glyphs/t29_l03g07.png,keywords/29_keywords/t29_l03g07.md,0,
Ha-10_0308,typoglyphs/29_glyphs/t29_l03g08.png,keywords/29_keywords/t29_l03g08.md,0,
Ha-10_0309,typoglyphs/29_glyphs/t29_l03g09.png,keywords/29_keywords/t29_l03g09.md,0,
Ha-10_0310,typoglyphs/29_glyphs/t29_l03g10.png,keywords/29_keywords/t29_l03g10.md,0,
Ha-10_0311,typoglyphs/29_glyphs/t29_l03g11.png,keywords/29_keywords/t29_l03g11.md,0,
Ha-10_0312,typoglyphs/29_glyphs/t29_l03g12.png,keywords/29_keywords/t29_l03g12.md,0,
Ha-10_0313,typoglyphs/29_glyphs/t29_l03g13.png,keywords/29_keywords/t29_l03g13.md,0,
Ha-10_0314,typoglyphs/29_glyphs/t29_l03g14.png,keywords/29_keywords/t29_l03g14.md,0,
Ha-10_0315,typoglyphs/29_glyphs/t29_l03g15.png,keywords/29_keywords/t29_l03g15.md,0,
Ha-10_0316,typoglyphs/29_glyphs/t29_l03g16.png,keywords/29_keywords/t29_l03g16.md,0,
Ha-10_0317,typoglyphs/29_glyphs/t29_l03g17.png,keywords/29_keywords/t29_l03g17.md,0,
Ha-10_0318,typoglyphs/29_glyphs/t29_l03g18.png,keywords/29_keywords/t29_l03g18.md,0,
Ha-10_0319,typoglyphs/29_glyphs/t29_l03g19.png,keywords/29_keywords/t29_l03g19.md,0,
Ha-10_0320,typoglyphs/29_glyphs/t29_l03g20.png,keywords/29_keywords/t29_l03g20.md,0,
Ha-10_0321,typoglyphs/29_glyphs/t29_l03g21.png,keywords/29_keywords/t29_l03g21.md,0,
Ha-10_0322,typoglyphs/29_glyphs/t29_l03g22.png,keywords/29_keywords/t29_l03g22.md,0,
Ha-10_0323,typoglyphs/29_glyphs/t29_l03g23.png,keywords/29_keywords/t29_l03g23.md,0,
Ha-10_0324,typoglyphs/29_glyphs/t29_l03g24.png,keywords/29_keywords/t29_l03g24.md,0,
Ha-10_0325,typoglyphs/29_glyphs/t29_l03g25.png,keywords/29_keywords/t29_l03g25.md,0,
Ha-10_0326,typoglyphs/29_glyphs/t29_l03g26.png,keywords/29_keywords/t29_l03g26.md,0,
Ha-10_0327,typoglyphs/29_glyphs/t29_l03g27.png,keywords/29_keywords/t29_l03g27.md,0,
Ha-10_0328,typoglyphs/29_glyphs/t29_l03g28.png,keywords/29_keywords/t29_l03g28.md,0,
Ha-10_0329,typoglyphs/29_glyphs/t29_l03g29.png,keywords/29_keywords/t29_l03g29.md,0,
Ha-10_0330,typoglyphs/29_glyphs/t29_l03g30.png,keywords/29_keywords/t29_l03g30.md,0,
Ha-10_0331,typoglyphs/29_glyphs/t29_l03g31.png,keywords/29_keywords/t29_l03g31.md,0,
Ha-10_0332,typoglyphs/29_glyphs/t29_l03g32.png,keywords/29_keywords/t29_l03g32.md,0,
Ha-10_0333,typoglyphs/29_glyphs/t29_l03g33.png,keywords/29_keywords/t29_l03g33.md,0,
Ha-10_0334,typoglyphs/29_glyphs/t29_l03g34.png,keywords/29_keywords/t29_l03g34.md,0,
Ha-10_0335,typoglyphs/29_glyphs/t29_l03g35.png,keywords/29_keywords/t29_l03g35.md,0,
Ha-10_0336,typoglyphs/29_glyphs/t29_l03g36.png,keywords/29_keywords/t29_l03g36.md,0,
Ha-10_0337,typoglyphs/29_glyphs/t29_l03g37.png,keywords/29_keywords/t29_l03g37.md,0,
Ha-10_0338,typoglyphs/29_glyphs/t29_l03g38.png,keywords/29_keywords/t29_l03g38.md,0,
Ha-10_0339,typoglyphs/29_glyphs/t29_l03g39.png,keywords/29_keywords/t29_l03g39.md,0,
Ha-10_0340,typoglyphs/29_glyphs/t29_l03g40.png,keywords/29_keywords/t29_l03g40.md,0,
Ha-11_0101,typoglyphs/30_glyphs/t30_l01g01.png,keywords/30_keywords/t30_l01g01.md,0,
Ha-11_0102,typoglyphs/30_glyphs/t30_l01g02.png,keywords/30_keywords/t30_l01g02.md,0,
Ha-11_0103,typoglyphs/30_glyphs/t30_l01g03.png,keywords/30_keywords/t30_l01g03.md,0,
Ha-11_0104,typoglyphs/30_glyphs/t30_l01g04.png,keywords/30_keywords/t30_l01g04.md,0,
Ha-11_0105,typoglyphs/30_glyphs/t30_l01g05.png,keywords/30_keywords/t30_l01g05.md,0,
Ha-11_0106,typoglyphs/30_glyphs/t30_l01g06.png,keywords/30_keywords/t30_l01g06.md,0,
Ha-11_0107,typoglyphs/30_glyphs/t30_l01g07.png,keywords/30_keywords/t30_l01g07.md,0,
Ha-11_0108,typoglyphs/30_glyphs/t30_l01g08.png,keywords/30_keywords/t30_l01g08.md,0,
Ha-11_0109,typoglyphs/30_glyphs/t30_l01g09.png,keywords/30_keywords/t30_l01g09.md,0,
Ha-11_0110,typoglyphs/30_glyphs/t30_l01g10.png,keywords/30_keywords/t30_l01g10.md,0,
Ha-11_0111,typoglyphs/30_glyphs/t30_l01g11.png,keywords/30_keywords/t30_l01g11.md,0,
Ha-11_0112,typoglyphs/30_glyphs/t30_l01g12.png,keywords/30_keywords/t30_l01g12.md,0,
Ha-11_0113,typoglyphs/30_glyphs/t30_l01g13.png,keywords/30_keywords/t30_l01g13.md,0,
Ha-11_0114,typoglyphs/30_glyphs/t30_l01g14.png,keywords/30_keywords/t30_l01g14.md,0,
Ha-11_0115,typoglyphs/30_glyphs/t30_l01g15.png,keywords/30_keywords/t30_l01g15.md,0,
Ha-11_0116,typoglyphs/30_glyphs/t30_l01g16.png,keywords/30_keywords/t30_l01g16.md,0,
Ha-11_0117,typoglyphs/30_glyphs/t30_l01g17.png,keywords/30_keywords/t30_l01g17.md,0,
Ha-11_0118,typoglyphs/30_glyphs/t30_l01g18.png,keywords/30_keywords/t30_l01g18.md,0,
Ha-11_0119,typoglyphs/30_glyphs/t30_l01g19.png,keywords/30_keywords/t30_l01g19.md,0,
Ha-11_0120,typoglyphs/30_glyphs/t30_l01g20.png,keywords/30_keywords/t30_l01g20.md,0,
Ha-11_0121,typoglyphs/30_glyphs/t30_l01g21.png,keywords/30_keywords/t30_l01g21.md,0,
Ha-11_0122,typoglyphs/30_glyphs/t30_l01g22.png,keywords/30_keywords/t30_l01g22.md,0,
Ha-11_0123,typoglyphs/30_glyphs/t30_l01g23.png,keywords/30_keywords/t30_l01g23.md,0,
Ha-11_0124,typoglyphs/30_glyphs/t30_l01g24.png,keywords/30_keywords/t30_l01g24.md,0,
Ha-11_0125,typoglyphs/30_glyphs/t30_l01g25.png,keywords/30_keywords/t30_l01g25.md,0,
Ha-11_0201,typoglyphs/30_glyphs/t30_l02g01.png,keywords/30_keywords/t30_l02g01.md,0,
Ha-11_0202,typoglyphs/30_glyphs/t30_l02g02.png,keywords/30_keywords/t30_l02g02.md,0,
Ha-11_0203,typoglyphs/30_glyphs/t30_l02g03.png,keywords/30_keywords/t30_l02g03.md,0,
Ha-11_0204,typoglyphs/30_glyphs/t30_l02g04.png,keywords/30_keywords/t30_l02g04.md,0,
Ha-11_0205,typoglyphs/30_glyphs/t30_l02g05.png,keywords/30_keywords/t30_l02g05.md,0,
Ha-11_0206,typoglyphs/30_glyphs/t30_l02g06.png,keywords/30_keywords/t30_l02g06.md,0,
Ha-11_0207,typoglyphs/30_glyphs/t30_l02g07.png,keywords/30_keywords/t30_l02g07.md,0,
Ha-11_0208,typoglyphs/30_glyphs/t30_l02g08.png,keywords/30_keywords/t30_l02g08.md,0,
Ha-11_0209,typoglyphs/30_glyphs/t30_l02g09.png,keywords/30_keywords/t30_l02g09.md,0,
Ha-11_0210,typoglyphs/30_glyphs/t30_l02g10.png,keywords/30_keywords/t30_l02g10.md,0,
Ha-11_0211,typoglyphs/30_glyphs/t30_l02g11.png,keywords/30_keywords/t30_l02g11.md,0,
Ha-11_0212,typoglyphs/30_glyphs/t30_l02g12.png,keywords/30_keywords/t30_l02g12.md,0,
Ha-11_0213,typoglyphs/30_glyphs/t30_l02g13.png,keywords/30_keywords/t30_l02g13.md,0,
Ha-11_0214,typoglyphs/30_glyphs/t30_l02g14.png,keywords/30_keywords/t30_l02g14.md,0,
Ha-11_0215,typoglyphs/30_glyphs/t30_l02g15.png,keywords/30_keywords/t30_l02g15.md,0,
Ha-11_0216,typoglyphs/30_glyphs/t30_l02g16.png,keywords/30_keywords/t30_l02g16.md,0,
Ha-11_0217,typoglyphs/30_glyphs/t30_l02g17.png,keywords/30_keywords/t30_l02g17.md,0,
Ha-11_0218,typoglyphs/30_glyphs/t30_l02g18.png,keywords/30_keywords/t30_l02g18.md,0,
Ha-11_0219,typoglyphs/30_glyphs/t30_l02g19.png,keywords/30_keywords/t30_l02g19.md,0,
Ha-11_0220,typoglyphs/30_glyphs/t30_l02g20.png,keywords/30_keywords/t30_l02g20.md,0,
Ha-11_0221,typoglyphs/30_glyphs/t30_l02g21.png,keywords/30_keywords/t30_l02g21.md,0,
Ha-11_0222,typoglyphs/30_glyphs/t30_l02g22.png,keywords/30_keywords/t30_l02g22.md,0,
Ha-11_0223,typoglyphs/30_glyphs/t30_l02g23.png,keywords/30_keywords/t30_l02g23.md,0,
Ha-11_0224,typoglyphs/30_glyphs/t30_l02g24.png,keywords/30_keywords/t30_l02g24.md,0,
Ha-11_0225,typoglyphs/30_glyphs/t30_l02g25.png,keywords/30_keywords/t30_l02g25.md,0,
Ha-11_0226,typoglyphs/30_glyphs/t30_l02g26.png,keywords/30_keywords/t30_l02g26.md,0,
Ha-11_0227,typoglyphs/30_glyphs/t30_l02g27.png,keywords/30_keywords/t30_l02g27.md,0,
Ha-11_0228,typoglyphs/30_glyphs/t30_l02g28.png,keywords/30_keywords/t30_l02g28.md,0,
Ha-11_0229,typoglyphs/30_glyphs/t30_l02g29.png,keywords/30_keywords/t30_l02g29.md,0,
Ha-11_0230,typoglyphs/30_glyphs/t30_l02g30.png,keywords/30_keywords/t30_l02g30.md,0,
Ha-11_0231,typoglyphs/30_glyphs/t30_l02g31.png,keywords/30_keywords/t30_l02g31.md,0,
Ha-11_0232,typoglyphs/30_glyphs/t30_l02g32.png,keywords/30_keywords/t30_l02g32.md,0,
Ha-11_0233,typoglyphs/30_glyphs/t30_l02g33.png,keywords/30_keywords/t30_l02g33.md,0,
Ha-11_0234,typoglyphs/30_glyphs/t30_l02g34.png,keywords/30_keywords/t30_l02g34.md,0,
Ha-11_0235,typoglyphs/30_glyphs/t30_l02g35.png,keywords/30_keywords/t30_l02g35.md,0,
Ha-11_0236,typoglyphs/30_glyphs/t30_l02g36.png,keywords/30_keywords/t30_l02g36.md,0,
Ha-11_0237,typoglyphs/30_glyphs/t30_l02g37.png,keywords/30_keywords/t30_l02g37.md,0,
Ha-11_0238,typoglyphs/30_glyphs/t30_l02g38.png,keywords/30_keywords/t30_l02g38.md,0,
Ha-11_0239,typoglyphs/30_glyphs/t30_l02g39.png,keywords/30_keywords/t30_l02g39.md,0,
Ha-11_0240,typoglyphs/30_glyphs/t30_l02g40.png,keywords/30_keywords/t30_l02g40.md,0,
Ha-11_0301,typoglyphs/30_glyphs/t30_l03g01.png,keywords/30_keywords/t30_l03g01.md,0,
Ha-11_0302,typoglyphs/30_glyphs/t30_l03g02.png,keywords/30_keywords/t30_l03g02.md,0,
Ha-11_0303,typoglyphs/30_glyphs/t30_l03g03.png,keywords/30_keywords/t30_l03g03.md,0,
Ha-11_0304,typoglyphs/30_glyphs/t30_l03g04.png,keywords/30_keywords/t30_l03g04.md,0,
Ha-11_0305,typoglyphs/30_glyphs/t30_l03g05.png,keywords/30_keywords/t30_l03g05.md,0,
Ha-11_0306,typoglyphs/30_glyphs/t30_l03g06.png,keywords/30_keywords/t30_l03g06.md,0,
Ha-11_0307,typoglyphs/30_glyphs/t30_l03g07.png,keywords/30_keywords/t30_l03g07.md,0,
Ha-11_0308,typoglyphs/30_glyphs/t30_l03g08.png,keywords/30_keywords/t30_l03g08.md,0,
Ha-11_0309,typoglyphs/30_glyphs/t30_l03g09.png,keywords/30_keywords/t30_l03g09.md,0,
Ha-11_0310,typoglyphs/30_glyphs/t30_l03g10.png,keywords/30_keywords/t30_l03g10.md,0,
Ha-11_0311,typoglyphs/30_glyphs/t30_l03g11.png,keywords/30_keywords/t30_l03g11.md,0,
Ha-11_0312,typoglyphs/30_glyphs/t30_l03g12.png,keywords/30_keywords/t30_l03g12.md,0,
Ha-11_0313,typoglyphs/30_glyphs/t30_l03g13.png,keywords/30_keywords/t30_l03g13.md,0,
Ha-11_0314,typoglyphs/30_glyphs/t30_l03g14.png,keywords/30_keywords/t30_l03g14.md,0,
Ha-11_0315,typoglyphs/30_glyphs/t30_l03g15.png,keywords/30_keywords/t30_l03g15.md,0,
Ha-11_0316,typoglyphs/30_glyphs/t30_l03g16.png,keywords/30_keywords/t30_l03g16.md,0,
Ha-11_0317,typoglyphs/30_glyphs/t30_l03g17.png,keywords/30_keywords/t30_l03g17.md,0,
Ha-11_0318,typoglyphs/30_glyphs/t30_l03g18.png,keywords/30_keywords/t30_l03g18.md,0,
Ha-11_0319,typoglyphs/30_glyphs/t30_l03g19.png,keywords/30_keywords/t30_l03g19.md,0,
Ha-11_0320,typoglyphs/30_glyphs/t30_l03g20.png,keywords/30_keywords/t30_l03g20.md,0,
Ha-11_0321,typoglyphs/30_glyphs/t30_l03g21.png,keywords/30_keywords/t30_l03g21.md,0,
Ha-11_0322,typoglyphs/30_glyphs/t30_l03g22.png,keywords/30_keywords/t30_l03g22.md,0,
Ha-11_0323,typoglyphs/30_glyphs/t30_l03g23.png,keywords/30_keywords/t30_l03g23.md,0,
Ha-11_0324,typoglyphs/30_glyphs/t30_l03g24.png,keywords/30_keywords/t30_l03g24.md,0,
Ha-11_0325,typoglyphs/30_glyphs/t30_l03g25.png,keywords/30_keywords/t30_l03g25.md,0,
Ha-11_0326,typoglyphs/30_glyphs/t30_l03g26.png,keywords/30_keywords/t30_l03g26.md,0,
Ha-11_0327,typoglyphs/30_glyphs/t30_l03g27.png,keywords/30_keywords/t30_l03g27.md,0,
Ha-11_0328,typoglyphs/30_glyphs/t30_l03g28.png,keywords/30_keywords/t30_l03g28.md,0,
Ha-11_0329,typoglyphs/30_glyphs/t30_l03g29.png,keywords/30_keywords/t30_l03g29.md,0,
Ha-11_0330,typoglyphs/30_glyphs/t30_l03g30.png,keywords/30_keywords/t30_l03g30.md,0,
Ha-11_0331,typoglyphs/30_glyphs/t30_l03g31.png,keywords/30_keywords/t30_l03g31.md,0,
Ha-11_0332,typoglyphs/30_glyphs/t30_l03g32.png,keywords/30_keywords/t30_l03g32.md,0,
Ha-11_0333,typoglyphs/30_glyphs/t30_l03g33.png,keywords/30_keywords/t30_l03g33.md,0,
Ha-11_0334,typoglyphs/30_glyphs/t30_l03g34.png,keywords/30_keywords/t30_l03g34.md,0,
Ha-11_0335,typoglyphs/30_glyphs/t30_l03g35.png,keywords/30_keywords/t30_l03g35.md,0,
Ha-11_0336,typoglyphs/30_glyphs/t30_l03g36.png,keywords/30_keywords/t30_l03g36.md,0,
Ha-11_0401,typoglyphs/30_glyphs/t30_l04g01.png,keywords/30_keywords/t30_l04g01.md,0,
Ha-11_0402,typoglyphs/30_glyphs/t30_l04g02.png,keywords/30_keywords/t30_l04g02.md,0,
Ha-11_0403,typoglyphs/30_glyphs/t30_l04g03.png,keywords/30_keywords/t30_l04g03.md,0,
Ha-11_0404,typoglyphs/30_glyphs/t30_l04g04.png,keywords/30_keywords/t30_l04g04.md,0,
Ha-11_0405,typoglyphs/30_glyphs/t30_l04g05.png,keywords/30_keywords/t30_l04g05.md,0,
Ha-11_0406,typoglyphs/30_glyphs/t30_l04g06.png,keywords/30_keywords/t30_l04g06.md,0,
Ha-11_0407,typoglyphs/30_glyphs/t30_l04g07.png,keywords/30_keywords/t30_l04g07.md,0,
Ha-11_0408,typoglyphs/30_glyphs/t30_l04g08.png,keywords/30_keywords/t30_l04g08.md,0,
Ha-11_0409,typoglyphs/30_glyphs/t30_l04g09.png,keywords/30_keywords/t30_l04g09.md,0,
Ha-11_0410,typoglyphs/30_glyphs/t30_l04g10.png,keywords/30_keywords/t30_l04g10.md,0,
Ha-11_0501,typoglyphs/30_glyphs/t30_l05g01.png,keywords/30_keywords/t30_l05g01.md,0,
Ha-12_0101,typoglyphs/31_glyphs/t31_l01g01.png,keywords/31_keywords/t31_l01g01.md,0,
Ha-12_0102,typoglyphs/31_glyphs/t31_l01g02.png,keywords/31_keywords/t31_l01g02.md,0,
Ha-12_0103,typoglyphs/31_glyphs/t31_l01g03.png,keywords/31_keywords/t31_l01g03.md,0,
Ha-12_0104,typoglyphs/31_glyphs/t31_l01g04.png,keywords/31_keywords/t31_l01g04.md,0,
Ha-12_0105,typoglyphs/31_glyphs/t31_l01g05.png,keywords/31_keywords/t31_l01g05.md,0,
Ha-12_0106,typoglyphs/31_glyphs/t31_l01g06.png,keywords/31_keywords/t31_l01g06.md,0,
Ha-12_0107,typoglyphs/31_glyphs/t31_l01g07.png,keywords/31_keywords/t31_l01g07.md,0,
Ha-12_0108,typoglyphs/31_glyphs/t31_l01g08.png,keywords/31_keywords/t31_l01g08.md,0,
Ha-12_0109,typoglyphs/31_glyphs/t31_l01g09.png,keywords/31_keywords/t31_l01g09.md,0,
Ha-12_0110,typoglyphs/31_glyphs/t31_l01g10.png,keywords/31_keywords/t31_l01g10.md,0,
Ha-12_0111,typoglyphs/31_glyphs/t31_l01g11.png,keywords/31_keywords/t31_l01g11.md,0,
Ha-12_0112,typoglyphs/31_glyphs/t31_l01g12.png,keywords/31_keywords/t31_l01g12.md,0,
Ha-12_0113,typoglyphs/31_glyphs/t31_l01g13.png,keywords/31_keywords/t31_l01g13.md,0,
Ha-12_0114,typoglyphs/31_glyphs/t31_l01g14.png,keywords/31_keywords/t31_l01g14.md,0,
Ha-12_0115,typoglyphs/31_glyphs/t31_l01g15.png,keywords/31_keywords/t31_l01g15.md,0,
Ha-12_0116,typoglyphs/31_glyphs/t31_l01g16.png,keywords/31_keywords/t31_l01g16.md,0,
Ha-12_0117,typoglyphs/31_glyphs/t31_l01g17.png,keywords/31_keywords/t31_l01g17.md,0,
Ha-12_0118,typoglyphs/31_glyphs/t31_l01g18.png,keywords/31_keywords/t31_l01g18.md,0,
Ha-12_0119,typoglyphs/31_glyphs/t31_l01g19.png,keywords/31_keywords/t31_l01g19.md,0,
Ha-12_0120,typoglyphs/31_glyphs/t31_l01g20.png,keywords/31_keywords/t31_l01g20.md,0,
Ha-12_0121,typoglyphs/31_glyphs/t31_l01g21.png,keywords/31_keywords/t31_l01g21.md,0,
Ha-12_0122,typoglyphs/31_glyphs/t31_l01g22.png,keywords/31_keywords/t31_l01g22.md,0,
Ha-12_0201,typoglyphs/31_glyphs/t31_l02g01.png,keywords/31_keywords/t31_l02g01.md,0,
Ha-12_0202,typoglyphs/31_glyphs/t31_l02g02.png,keywords/31_keywords/t31_l02g02.md,0,
Ha-12_0203,typoglyphs/31_glyphs/t31_l02g03.png,keywords/31_keywords/t31_l02g03.md,0,
Ha-12_0204,typoglyphs/31_glyphs/t31_l02g04.png,keywords/31_keywords/t31_l02g04.md,0,
Ha-12_0205,typoglyphs/31_glyphs/t31_l02g05.png,keywords/31_keywords/t31_l02g05.md,0,
Ha-12_0206,typoglyphs/31_glyphs/t31_l02g06.png,keywords/31_keywords/t31_l02g06.md,0,
Ha-12_0207,typoglyphs/31_glyphs/t31_l02g07.png,keywords/31_keywords/t31_l02g07.md,0,
Ha-12_0208,typoglyphs/31_glyphs/t31_l02g08.png,keywords/31_keywords/t31_l02g08.md,0,
Ha-12_0209,typoglyphs/31_glyphs/t31_l02g09.png,keywords/31_keywords/t31_l02g09.md,0,
Ha-12_0210,typoglyphs/31_glyphs/t31_l02g10.png,keywords/31_keywords/t31_l02g10.md,0,
Ha-12_0211,typoglyphs/31_glyphs/t31_l02g11.png,keywords/31_keywords/t31_l02g11.md,0,
Ha-12_0212,typoglyphs/31_glyphs/t31_l02g12.png,keywords/31_keywords/t31_l02g12.md,0,
Ha-12_0213,typoglyphs/31_glyphs/t31_l02g13.png,keywords/31_keywords/t31_l02g13.md,0,
Ha-12_0214,typoglyphs/31_glyphs/t31_l02g14.png,keywords/31_keywords/t31_l02g14.md,0,
Ha-12_0215,typoglyphs/31_glyphs/t31_l02g15.png,keywords/31_keywords/t31_l02g15.md,0,
Ha-12_0216,typoglyphs/31_glyphs/t31_l02g16.png,keywords/31_keywords/t31_l02g16.md,0,
Ha-12_0217,typoglyphs/31_glyphs/t31_l02g17.png,keywords/31_keywords/t31_l02g17.md,0,
Ha-12_0218,typoglyphs/31_glyphs/t31_l02g18.png,keywords/31_keywords/t31_l02g18.md,0,
Ha-12_0219,typoglyphs/31_glyphs/t31_l02g19.png,keywords/31_keywords/t31_l02g19.md,0,
Ha-12_0220,typoglyphs/31_glyphs/t31_l02g20.png,keywords/31_keywords/t31_l02g20.md,0,
Ha-12_0221,typoglyphs/31_glyphs/t31_l02g21.png,keywords/31_keywords/t31_l02g21.md,0,
Ha-12_0222,typoglyphs/31_glyphs/t31_l02g22.png,keywords/31_keywords/t31_l02g22.md,0,
Ha-12_0223,typoglyphs/31_glyphs/t31_l02g23.png,keywords/31_keywords/t31_l02g23.md,0,
Ha-12_0224,typoglyphs/31_glyphs/t31_l02g24.png,keywords/31_keywords/t31_l02g24.md,0,
Ha-12_0225,typoglyphs/31_glyphs/t31_l02g25.png,keywords/31_keywords/t31_l02g25.md,0,
Ha-12_0226,typoglyphs/31_glyphs/t31_l02g26.png,keywords/31_keywords/t31_l02g26.md,0,
Ha-12_0227,typoglyphs/31_glyphs/t31_l02g27.png,keywords/31_keywords/t31_l02g27.md,0,
Ha-12_0228,typoglyphs/31_glyphs/t31_l02g28.png,keywords/31_keywords/t31_l02g28.md,0,
Ha-12_0229,typoglyphs/31_glyphs/t31_l02g29.png,keywords/31_keywords/t31_l02g29.md,0,
Ha-12_0230,typoglyphs/31_glyphs/t31_l02g30.png,keywords/31_keywords/t31_l02g30.md,0,
Ha-12_0231,typoglyphs/31_glyphs/t31_l02g31.png,keywords/31_keywords/t31_l02g31.md,0,
Ha-12_0232,typoglyphs/31_glyphs/t31_l02g32.png,keywords/31_keywords/t31_l02g32.md,0,
Ha-12_0233,typoglyphs/31_glyphs/t31_l02g33.png,keywords/31_keywords/t31_l02g33.md,0,
Ha-12_0234,typoglyphs/31_glyphs/t31_l02g34.png,keywords/31_keywords/t31_l02g34.md,0,
Ha-12_0235,typoglyphs/31_glyphs/t31_l02g35.png,keywords/31_keywords/t31_l02g35.md,0,
Ha-12_0236,typoglyphs/31_glyphs/t31_l02g36.png,keywords/31_keywords/t31_l02g36.md,0,
Ha-12_0237,typoglyphs/31_glyphs/t31_l02g37.png,keywords/31_keywords/t31_l02g37.md,0,
Ha-12_0301,typoglyphs/31_glyphs/t31_l03g01.png,keywords/31_keywords/t31_l03g01.md,0,
Ha-12_0302,typoglyphs/31_glyphs/t31_l03g02.png,keywords/31_keywords/t31_l03g02.md,0,
Ha-12_0303,typoglyphs/31_glyphs/t31_l03g03.png,keywords/31_keywords/t31_l03g03.md,0,
Ha-12_0304,typoglyphs/31_glyphs/t31_l03g04.png,keywords/31_keywords/t31_l03g04.md,0,
Ha-12_0305,typoglyphs/31_glyphs/t31_l03g05.png,keywords/31_keywords/t31_l03g05.md,0,
Ha-12_0306,typoglyphs/31_glyphs/t31_l03g06.png,keywords/31_keywords/t31_l03g06.md,0,
Ha-12_0307,typoglyphs/31_glyphs/t31_l03g07.png,keywords/31_keywords/t31_l03g07.md,0,
Ha-12_0308,typoglyphs/31_glyphs/t31_l03g08.png,keywords/31_keywords/t31_l03g08.md,0,
Ha-12_0309,typoglyphs/31_glyphs/t31_l03g09.png,keywords/31_keywords/t31_l03g09.md,0,
Ha-12_0310,typoglyphs/31_glyphs/t31_l03g10.png,keywords/31_keywords/t31_l03g10.md,0,
Ha-12_0311,typoglyphs/31_glyphs/t31_l03g11.png,keywords/31_keywords/t31_l03g11.md,0,
Ha-12_0312,typoglyphs/31_glyphs/t31_l03g12.png,keywords/31_keywords/t31_l03g12.md,0,
Ha-12_0313,typoglyphs/31_glyphs/t31_l03g13.png,keywords/31_keywords/t31_l03g13.md,0,
Ha-12_0314,typoglyphs/31_glyphs/t31_l03g14.png,keywords/31_keywords/t31_l03g14.md,0,
Ha-12_0315,typoglyphs/31_glyphs/t31_l03g15.png,keywords/31_keywords/t31_l03g15.md,0,
Ha-12_0316,typoglyphs/31_glyphs/t31_l03g16.png,keywords/31_keywords/t31_l03g16.md,0,
Ha-12_0317,typoglyphs/31_glyphs/t31_l03g17.png,keywords/31_keywords/t31_l03g17.md,0,
Ha-12_0318,typoglyphs/31_glyphs/t31_l03g18.png,keywords/31_keywords/t31_l03g18.md,0,
Ha-12_0319,typoglyphs/31_glyphs/t31_l03g19.png,keywords/31_keywords/t31_l03g19.md,0,
Ha-12_0320,typoglyphs/31_glyphs/t31_l03g20.png,keywords/31_keywords/t31_l03g20.md,0,
Ha-12_0321,typoglyphs/31_glyphs/t31_l03g21.png,keywords/31_keywords/t31_l03g21.md,0,
Ha-12_0322,typoglyphs/31_glyphs/t31_l03g22.png,keywords/31_keywords/t31_l03g22.md,0,
Ha-12_0323,typoglyphs/31_glyphs/t31_l03g23.png,keywords/31_keywords/t31_l03g23.md,0,
Ha-12_0324,typoglyphs/31_glyphs/t31_l03g24.png,keywords/31_keywords/t31_l03g24.md,0,
Ha-12_0325,typoglyphs/31_glyphs/t31_l03g25.png,keywords/31_keywords/t31_l03g25.md,0,
Ha-12_0326,typoglyphs/31_glyphs/t31_l03g26.png,keywords/31_keywords/t31_l03g26.md,0,
Ha-12_0327,typoglyphs/31_glyphs/t31_l03g27.png,keywords/31_keywords/t31_l03g27.md,0,
Ha-12_0328,typoglyphs/31_glyphs/t31_l03g28.png,keywords/31_keywords/t31_l03g28.md,0,
Ha-12_0329,typoglyphs/31_glyphs/t31_l03g29.png,keywords/31_keywords/t31_l03g29.md,0,
Ha-12_0330,typoglyphs/31_glyphs/t31_l03g30.png,keywords/31_keywords/t31_l03g30.md,0,
Ha-12_0331,typoglyphs/31_glyphs/t31_l03g31.png,keywords/31_keywords/t31_l03g31.md,0,
Ha-12_0332,typoglyphs/31_glyphs/t31_l03g32.png,keywords/31_keywords/t31_l03g32.md,0,
Ha-12_0333,typoglyphs/31_glyphs/t31_l03g33.png,keywords/31_keywords/t31_l03g33.md,0,
Ha-12_0334,typoglyphs/31_glyphs/t31_l03g34.png,keywords/31_keywords/t31_l03g34.md,0,
Ha-12_0335,typoglyphs/31_glyphs/t31_l03g35.png,keywords/31_keywords/t31_l03g35.md,0,
Ha-12_0336,typoglyphs/31_glyphs/t31_l03g36.png,keywords/31_keywords/t31_l03g36.md,0,
Ha-12_0337,typoglyphs/31_glyphs/t31_l03g37.png,keywords/31_keywords/t31_l03g37.md,0,
Ha-12_0338,typoglyphs/31_glyphs/t31_l03g38.png,keywords/31_keywords/t31_l03g38.md,0,
Ha-12_0401,typoglyphs/31_glyphs/t31_l04g01.png,keywords/31_keywords/t31_l04g01.md,0,
Ha-12_0402,typoglyphs/31_glyphs/t31_l04g02.png,keywords/31_keywords/t31_l04g02.md,0,
Ha-12_0403,typoglyphs/31_glyphs/t31_l04g03.png,keywords/31_keywords/t31_l04g03.md,0,
Ha-12_0404,typoglyphs/31_glyphs/t31_l04g04.png,keywords/31_keywords/t31_l04g04.md,0,
Ha-13_0101,typoglyphs/32_glyphs/t32_l01g01.png,keywords/32_keywords/t32_l01g01.md,0,
Ha-13_0102,typoglyphs/32_glyphs/t32_l01g02.png,keywords/32_keywords/t32_l01g02.md,0,
Ha-13_0103,typoglyphs/32_glyphs/t32_l01g03.png,keywords/32_keywords/t32_l01g03.md,0,
Ha-13_0104,typoglyphs/32_glyphs/t32_l01g04.png,keywords/32_keywords/t32_l01g04.md,0,
Ha-13_0105,typoglyphs/32_glyphs/t32_l01g05.png,keywords/32_keywords/t32_l01g05.md,0,
Ha-13_0106,typoglyphs/32_glyphs/t32_l01g06.png,keywords/32_keywords/t32_l01g06.md,0,
Ha-13_0107,typoglyphs/32_glyphs/t32_l01g07.png,keywords/32_keywords/t32_l01g07.md,0,
Ha-13_0108,typoglyphs/32_glyphs/t32_l01g08.png,keywords/32_keywords/t32_l01g08.md,0,
Ha-13_0109,typoglyphs/32_glyphs/t32_l01g09.png,keywords/32_keywords/t32_l01g09.md,0,
Ha-13_0110,typoglyphs/32_glyphs/t32_l01g10.png,keywords/32_keywords/t32_l01g10.md,0,
Ha-13_0111,typoglyphs/32_glyphs/t32_l01g11.png,keywords/32_keywords/t32_l01g11.md,0,
Ha-13_0112,typoglyphs/32_glyphs/t32_l01g12.png,keywords/32_keywords/t32_l01g12.md,0,
Ha-13_0113,typoglyphs/32_glyphs/t32_l01g13.png,keywords/32_keywords/t32_l01g13.md,0,
Ha-13_0114,typoglyphs/32_glyphs/t32_l01g14.png,keywords/32_keywords/t32_l01g14.md,0,
Ha-13_0115,typoglyphs/32_glyphs/t32_l01g15.png,keywords/32_keywords/t32_l01g15.md,0,
Ha-13_0116,typoglyphs/32_glyphs/t32_l01g16.png,keywords/32_keywords/t32_l01g16.md,0,
Ha-13_0117,typoglyphs/32_glyphs/t32_l01g17.png,keywords/32_keywords/t32_l01g17.md,0,
Ha-13_0118,typoglyphs/32_glyphs/t32_l01g18.png,keywords/32_keywords/t32_l01g18.md,0,
Ha-13_0119,typoglyphs/32_glyphs/t32_l01g19.png,keywords/32_keywords/t32_l01g19.md,0,
Ha-13_0120,typoglyphs/32_glyphs/t32_l01g20.png,keywords/32_keywords/t32_l01g20.md,0,
Ha-13_0121,typoglyphs/32_glyphs/t32_l01g21.png,keywords/32_keywords/t32_l01g21.md,0,
Ha-13_0122,typoglyphs/32_glyphs/t32_l01g22.png,keywords/32_keywords/t32_l01g22.md,0,
Ha-13_0201,typoglyphs/32_glyphs/t32_l02g01.png,keywords/32_keywords/t32_l02g01.md,0,
Ha-13_0202,typoglyphs/32_glyphs/t32_l02g02.png,keywords/32_keywords/t32_l02g02.md,0,
Ha-13_0203,typoglyphs/32_glyphs/t32_l02g03.png,keywords/32_keywords/t32_l02g03.md,0,
Ha-13_0204,typoglyphs/32_glyphs/t32_l02g04.png,keywords/32_keywords/t32_l02g04.md,0,
Ha-13_0205,typoglyphs/32_glyphs/t32_l02g05.png,keywords/32_keywords/t32_l02g05.md,0,
Ha-13_0206,typoglyphs/32_glyphs/t32_l02g06.png,keywords/32_keywords/t32_l02g06.md,0,
Ha-13_0207,typoglyphs/32_glyphs/t32_l02g07.png,keywords/32_keywords/t32_l02g07.md,0,
Ha-13_0208,typoglyphs/32_glyphs/t32_l02g08.png,keywords/32_keywords/t32_l02g08.md,0,
Ha-13_0209,typoglyphs/32_glyphs/t32_l02g09.png,keywords/32_keywords/t32_l02g09.md,0,
Ha-13_0210,typoglyphs/32_glyphs/t32_l02g10.png,keywords/32_keywords/t32_l02g10.md,0,
Ha-13_0211,typoglyphs/32_glyphs/t32_l02g11.png,keywords/32_keywords/t32_l02g11.md,0,
Ha-13_0212,typoglyphs/32_glyphs/t32_l02g12.png,keywords/32_keywords/t32_l02g12.md,0,
Ha-13_0213,typoglyphs/32_glyphs/t32_l02g13.png,keywords/32_keywords/t32_l02g13.md,0,
Ha-13_0214,typoglyphs/32_glyphs/t32_l02g14.png,keywords/32_keywords/t32_l02g14.md,0,
Ha-13_0215,typoglyphs/32_glyphs/t32_l02g15.png,keywords/32_keywords/t32_l02g15.md,0,
Ha-13_0216,typoglyphs/32_glyphs/t32_l02g16.png,keywords/32_keywords/t32_l02g16.md,0,
Ha-13_0217,typoglyphs/32_glyphs/t32_l02g17.png,keywords/32_keywords/t32_l02g17.md,0,
Ha-13_0218,typoglyphs/32_glyphs/t32_l02g18.png,keywords/32_keywords/t32_l02g18.md,0,
Ha-13_0219,typoglyphs/32_glyphs/t32_l02g19.png,keywords/32_keywords/t32_l02g19.md,0,
Ha-13_0220,typoglyphs/32_glyphs/t32_l02g20.png,keywords/32_keywords/t32_l02g20.md,0,
Ha-13_0221,typoglyphs/32_glyphs/t32_l02g21.png,keywords/32_keywords/t32_l02g21.md,0,
Ha-13_0222,typoglyphs/32_glyphs/t32_l02g22.png,keywords/32_keywords/t32_l02g22.md,0,
Ha-13_0223,typoglyphs/32_glyphs/t32_l02g23.png,keywords/32_keywords/t32_l02g23.md,0,
Ha-13_0224,typoglyphs/32_glyphs/t32_l02g24.png,keywords/32_keywords/t32_l02g24.md,0,
Ha-13_0225,typoglyphs/32_glyphs/t32_l02g25.png,keywords/32_keywords/t32_l02g25.md,0,
Ha-13_0226,typoglyphs/32_glyphs/t32_l02g26.png,keywords/32_keywords/t32_l02g26.md,0,
Ha-13_0227,typoglyphs/32_glyphs/t32_l02g27.png,keywords/32_keywords/t32_l02g27.md,0,
Ha-13_0228,typoglyphs/32_glyphs/t32_l02g28.png,keywords/32_keywords/t32_l02g28.md,0,
Ha-13_0229,typoglyphs/32_glyphs/t32_l02g29.png,keywords/32_keywords/t32_l02g29.md,0,
Ha-13_0230,typoglyphs/32_glyphs/t32_l02g30.png,keywords/32_keywords/t32_l02g30.md,0,
Ha-13_0231,typoglyphs/32_glyphs/t32_l02g31.png,keywords/32_keywords/t32_l02g31.md,0,
Ha-13_0232,typoglyphs/32_glyphs/t32_l02g32.png,keywords/32_keywords/t32_l02g32.md,0,
Ha-13_0233,typoglyphs/32_glyphs/t32_l02g33.png,keywords/32_keywords/t32_l02g33.md,0,
Ha-13_0234,typoglyphs/32_glyphs/t32_l02g34.png,keywords/32_keywords/t32_l02g34.md,0,
Ha-13_0235,typoglyphs/32_glyphs/t32_l02g35.png,keywords/32_keywords/t32_l02g35.md,0,
Ha-13_0236,typoglyphs/32_glyphs/t32_l02g36.png,keywords/32_keywords/t32_l02g36.md,0,
Ha-13_0301,typoglyphs/32_glyphs/t32_l03g01.png,keywords/32_keywords/t32_l03g01.md,0,
Ha-13_0302,typoglyphs/32_glyphs/t32_l03g02.png,keywords/32_keywords/t32_l03g02.md,0,
Ha-13_0303,typoglyphs/32_glyphs/t32_l03g03.png,keywords/32_keywords/t32_l03g03.md,0,
Ha-13_0304,typoglyphs/32_glyphs/t32_l03g04.png,keywords/32_keywords/t32_l03g04.md,0,
Ha-13_0305,typoglyphs/32_glyphs/t32_l03g05.png,keywords/32_keywords/t32_l03g05.md,0,
Ha-13_0306,typoglyphs/32_glyphs/t32_l03g06.png,keywords/32_keywords/t32_l03g06.md,0,
Ha-13_0307,typoglyphs/32_glyphs/t32_l03g07.png,keywords/32_keywords/t32_l03g07.md,0,
Ha-13_0308,typoglyphs/32_glyphs/t32_l03g08.png,keywords/32_keywords/t32_l03g08.md,0,
Ha-13_0309,typoglyphs/32_glyphs/t32_l03g09.png,keywords/32_keywords/t32_l03g09.md,0,
Ha-13_0310,typoglyphs/32_glyphs/t32_l03g10.png,keywords/32_keywords/t32_l03g10.md,0,
Ha-13_0311,typoglyphs/32_glyphs/t32_l03g11.png,keywords/32_keywords/t32_l03g11.md,0,
Ha-13_0312,typoglyphs/32_glyphs/t32_l03g12.png,keywords/32_keywords/t32_l03g12.md,0,
Ha-13_0313,typoglyphs/32_glyphs/t32_l03g13.png,keywords/32_keywords/t32_l03g13.md,0,
Ha-13_0314,typoglyphs/32_glyphs/t32_l03g14.png,keywords/32_keywords/t32_l03g14.md,0,
Ha-13_0315,typoglyphs/32_glyphs/t32_l03g15.png,keywords/32_keywords/t32_l03g15.md,0,
Ha-13_0316,typoglyphs/32_glyphs/t32_l03g16.png,keywords/32_keywords/t32_l03g16.md,0,
Ha-13_0317,typoglyphs/32_glyphs/t32_l03g17.png,keywords/32_keywords/t32_l03g17.md,0,
Ha-13_0318,typoglyphs/32_glyphs/t32_l03g18.png,keywords/32_keywords/t32_l03g18.md,0,
Ha-13_0319,typoglyphs/32_glyphs/t32_l03g19.png,keywords/32_keywords/t32_l03g19.md,0,
Ha-13_0320,typoglyphs/32_glyphs/t32_l03g20.png,keywords/32_keywords/t32_l03g20.md,0,
Ha-13_0321,typoglyphs/32_glyphs/t32_l03g21.png,keywords/32_keywords/t32_l03g21.md,0,
Ha-13_0322,typoglyphs/32_glyphs/t32_l03g22.png,keywords/32_keywords/t32_l03g22.md,0,
Ha-13_0323,typoglyphs/32_glyphs/t32_l03g23.png,keywords/32_keywords/t32_l03g23.md,0,
Ha-13_0324,typoglyphs/32_glyphs/t32_l03g24.png,keywords/32_keywords/t32_l03g24.md,0,
Ha-13_0325,typoglyphs/32_glyphs/t32_l03g25.png,keywords/32_keywords/t32_l03g25.md,0,
Ha-13_0326,typoglyphs/32_glyphs/t32_l03g26.png,keywords/32_keywords/t32_l03g26.md,0,
Ha-13_0327,typoglyphs/32_glyphs/t32_l03g27.png,keywords/32_keywords/t32_l03g27.md,0,
Ha-13_0328,typoglyphs/32_glyphs/t32_l03g28.png,keywords/32_keywords/t32_l03g28.md,0,
Ha-13_0329,typoglyphs/32_glyphs/t32_l03g29.png,keywords/32_keywords/t32_l03g29.md,0,
Ha-13_0330,typoglyphs/32_glyphs/t32_l03g30.png,keywords/32_keywords/t32_l03g30.md,0,
Ha-13_0331,typoglyphs/32_glyphs/t32_l03g31.png,keywords/32_keywords/t32_l03g31.md,0,
Ha-13_0332,typoglyphs/32_glyphs/t32_l03g32.png,keywords/32_keywords/t32_l03g32.md,0,
Ha-13_0333,typoglyphs/32_glyphs/t32_l03g33.png,keywords/32_keywords/t32_l03g33.md,0,
Ha-13_0334,typoglyphs/32_glyphs/t32_l03g34.png,keywords/32_keywords/t32_l03g34.md,0,
Ha-13_0335,typoglyphs/32_glyphs/t32_l03g35.png,keywords/32_keywords/t32_l03g35.md,0,
Ha-13_0336,typoglyphs/32_glyphs/t32_l03g36.png,keywords/32_keywords/t32_l03g36.md,0,
Ha-13_0337,typoglyphs/32_glyphs/t32_l03g37.png,keywords/32_keywords/t32_l03g37.md,0,
Ha-13_0401,typoglyphs/32_glyphs/t32_l04g01.png,keywords/32_keywords/t32_l04g01.md,0,
Ha-13_0402,typoglyphs/32_glyphs/t32_l04g02.png,keywords/32_keywords/t32_l04g02.md,0,
Ha-13_0403,typoglyphs/32_glyphs/t32_l04g03.png,keywords/32_keywords/t32_l04g03.md,0,
Ha-13_0404,typoglyphs/32_glyphs/t32_l04g04.png,keywords/32_keywords/t32_l04g04.md,0,
Ha-13_0405,typoglyphs/32_glyphs/t32_l04g05.png,keywords/32_keywords/t32_l04g05.md,0,
Ha-13_0406,typoglyphs/32_glyphs/t32_l04g06.png,keywords/32_keywords/t32_l04g06.md,0,
Ha-13_0407,typoglyphs/32_glyphs/t32_l04g07.png,keywords/32_keywords/t32_l04g07.md,0,
Ha-13_0408,typoglyphs/32_glyphs/t32_l04g08.png,keywords/32_keywords/t32_l04g08.md,0,
Ha-13_0409,typoglyphs/32_glyphs/t32_l04g09.png,keywords/32_keywords/t32_l04g09.md,0,
Ha-13_0410,typoglyphs/32_glyphs/t32_l04g10.png,keywords/32_keywords/t32_l04g10.md,0,
Ho-02_0101,typoglyphs/33_glyphs/t33_l01g01.png,keywords/33_keywords/t33_l01g01.md,0,
Ho-02_0102,typoglyphs/33_glyphs/t33_l01g02.png,keywords/33_keywords/t33_l01g02.md,0,
Ho-02_0103,typoglyphs/33_glyphs/t33_l01g03.png,keywords/33_keywords/t33_l01g03.md,0,
Ho-02_0104,typoglyphs/33_glyphs/t33_l01g04.png,keywords/33_keywords/t33_l01g04.md,0,
Ho-02_0105,typoglyphs/33_glyphs/t33_l01g05.png,keywords/33_keywords/t33_l01g05.md,0,
Ho-02_0106,typoglyphs/33_glyphs/t33_l01g06.png,keywords/33_keywords/t33_l01g06.md,0,
Ho-02_0107,typoglyphs/33_glyphs/t33_l01g07.png,keywords/33_keywords/t33_l01g07.md,0,
Ho-02_0108,typoglyphs/33_glyphs/t33_l01g08.png,keywords/33_keywords/t33_l01g08.md,0,
Ho-02_0109,typoglyphs/33_glyphs/t33_l01g09.png,keywords/33_keywords/t33_l01g09.md,0,
Ho-02_0110,typoglyphs/33_glyphs/t33_l01g10.png,keywords/33_keywords/t33_l01g10.md,0,
Ho-02_0111,typoglyphs/33_glyphs/t33_l01g11.png,keywords/33_keywords/t33_l01g11.md,0,
Ho-02_0112,typoglyphs/33_glyphs/t33_l01g12.png,keywords/33_keywords/t33_l01g12.md,0,
Ho-02_0113,typoglyphs/33_glyphs/t33_l01g13.png,keywords/33_keywords/t33_l01g13.md,0,
Ho-02_0114,typoglyphs/33_glyphs/t33_l01g14.png,keywords/33_keywords/t33_l01g14.md,0,
Ho-02_0115,typoglyphs/33_glyphs/t33_l01g15.png,keywords/33_keywords/t33_l01g15.md,0,
Ho-02_0116,typoglyphs/33_glyphs/t33_l01g16.png,keywords/33_keywords/t33_l01g16.md,0,
Ho-02_0117,typoglyphs/33_glyphs/t33_l01g17.png,keywords/33_keywords/t33_l01g17.md,0,
Ho-02_0118,typoglyphs/33_glyphs/t33_l01g18.png,keywords/33_keywords/t33_l01g18.md,0,
Ho-02_0119,typoglyphs/33_glyphs/t33_l01g19.png,keywords/33_keywords/t33_l01g19.md,0,
Ho-02_0120,typoglyphs/33_glyphs/t33_l01g20.png,keywords/33_keywords/t33_l01g20.md,0,
Ho-02_0121,typoglyphs/33_glyphs/t33_l01g21.png,keywords/33_keywords/t33_l01g21.md,0,
Ho-02_0122,typoglyphs/33_glyphs/t33_l01g22.png,keywords/33_keywords/t33_l01g22.md,0,
Ho-02_0123,typoglyphs/33_glyphs/t33_l01g23.png,keywords/33_keywords/t33_l01g23.md,0,
Ho-02_0201,typoglyphs/33_glyphs/t33_l02g01.png,keywords/33_keywords/t33_l02g01.md,0,
Ho-02_0202,typoglyphs/33_glyphs/t33_l02g02.png,keywords/33_keywords/t33_l02g02.md,0,
Ho-02_0203,typoglyphs/33_glyphs/t33_l02g03.png,keywords/33_keywords/t33_l02g03.md,0,
Ho-02_0204,typoglyphs/33_glyphs/t33_l02g04.png,keywords/33_keywords/t33_l02g04.md,0,
Ho-02_0205,typoglyphs/33_glyphs/t33_l02g05.png,keywords/33_keywords/t33_l02g05.md,0,
Ho-02_0206,typoglyphs/33_glyphs/t33_l02g06.png,keywords/33_keywords/t33_l02g06.md,0,
Ho-02_0207,typoglyphs/33_glyphs/t33_l02g07.png,keywords/33_keywords/t33_l02g07.md,0,
Ho-02_0208,typoglyphs/33_glyphs/t33_l02g08.png,keywords/33_keywords/t33_l02g08.md,0,
Ho-02_0209,typoglyphs/33_glyphs/t33_l02g09.png,keywords/33_keywords/t33_l02g09.md,0,
Ho-02_0210,typoglyphs/33_glyphs/t33_l02g10.png,keywords/33_keywords/t33_l02g10.md,0,
Ho-02_0211,typoglyphs/33_glyphs/t33_l02g11.png,keywords/33_keywords/t33_l02g11.md,0,
Ho-02_0212,typoglyphs/33_glyphs/t33_l02g12.png,keywords/33_keywords/t33_l02g12.md,0,
Ho-02_0213,typoglyphs/33_glyphs/t33_l02g13.png,keywords/33_keywords/t33_l02g13.md,0,
Ho-02_0214,typoglyphs/33_glyphs/t33_l02g14.png,keywords/33_keywords/t33_l02g14.md,0,
Ho-02_0215,typoglyphs/33_glyphs/t33_l02g15.png,keywords/33_keywords/t33_l02g15.md,0,
Ho-02_0216,typoglyphs/33_glyphs/t33_l02g16.png,keywords/33_keywords/t33_l02g16.md,0,
Ho-02_0217,typoglyphs/33_glyphs/t33_l02g17.png,keywords/33_keywords/t33_l02g17.md,0,
Ho-02_0218,typoglyphs/33_glyphs/t33_l02g18.png,keywords/33_keywords/t33_l02g18.md,0,
Ho-02_0219,typoglyphs/33_glyphs/t33_l02g19.png,keywords/33_keywords/t33_l02g19.md,0,
Ho-02_0220,typoglyphs/33_glyphs/t33_l02g20.png,keywords/33_keywords/t33_l02g20.md,0,
Ho-02_0221,typoglyphs/33_glyphs/t33_l02g21.png,keywords/33_keywords/t33_l02g21.md,0,
Ho-02_0222,typoglyphs/33_glyphs/t33_l02g22.png,keywords/33_keywords/t33_l02g22.md,0,
Ho-02_0223,typoglyphs/33_glyphs/t33_l02g23.png,keywords/33_keywords/t33_l02g23.md,0,
Ho-02_0224,typoglyphs/33_glyphs/t33_l02g24.png,keywords/33_keywords/t33_l02g24.md,0,
Ho-02_0225,typoglyphs/33_glyphs/t33_l02g25.png,keywords/33_keywords/t33_l02g25.md,0,
Ho-02_0226,typoglyphs/33_glyphs/t33_l02g26.png,keywords/33_keywords/t33_l02g26.md,0,
Ho-02_0227,typoglyphs/33_glyphs/t33_l02g27.png,keywords/33_keywords/t33_l02g27.md,0,
Ho-02_0228,typoglyphs/33_glyphs/t33_l02g28.png,keywords/33_keywords/t33_l02g28.md,0,
Ho-02_0229,typoglyphs/33_glyphs/t33_l02g29.png,keywords/33_keywords/t33_l02g29.md,0,
Ho-02_0230,typoglyphs/33_glyphs/t33_l02g30.png,keywords/33_keywords/t33_l02g30.md,0,
Ho-02_0231,typoglyphs/33_glyphs/t33_l02g31.png,keywords/33_keywords/t33_l02g31.md,0,
Ho-02_0232,typoglyphs/33_glyphs/t33_l02g32.png,keywords/33_keywords/t33_l02g32.md,0,
Ho-02_0233,typoglyphs/33_glyphs/t33_l02g33.png,keywords/33_keywords/t33_l02g33.md,0,
Ho-02_0234,typoglyphs/33_glyphs/t33_l02g34.png,keywords/33_keywords/t33_l02g34.md,0,
Ho-02_0235,typoglyphs/33_glyphs/t33_l02g35.png,keywords/33_keywords/t33_l02g35.md,0,
Ho-02_0236,typoglyphs/33_glyphs/t33_l02g36.png,keywords/33_keywords/t33_l02g36.md,0,
Ho-02_0237,typoglyphs/33_glyphs/t33_l02g37.png,keywords/33_keywords/t33_l02g37.md,0,
Ho-02_0238,typoglyphs/33_glyphs/t33_l02g38.png,keywords/33_keywords/t33_l02g38.md,0,
Ho-02_0239,typoglyphs/33_glyphs/t33_l02g39.png,keywords/33_keywords/t33_l02g39.md,0,
Ho-02_0301,typoglyphs/33_glyphs/t33_l03g01.png,keywords/33_keywords/t33_l03g01.md,0,
Ho-02_0302,typoglyphs/33_glyphs/t33_l03g02.png,keywords/33_keywords/t33_l03g02.md,0,
Ho-02_0303,typoglyphs/33_glyphs/t33_l03g03.png,keywords/33_keywords/t33_l03g03.md,0,
Ho-02_0304,typoglyphs/33_glyphs/t33_l03g04.png,keywords/33_keywords/t33_l03g04.md,0,
Ho-02_0305,typoglyphs/33_glyphs/t33_l03g05.png,keywords/33_keywords/t33_l03g05.md,0,
Ho-02_0306,typoglyphs/33_glyphs/t33_l03g06.png,keywords/33_keywords/t33_l03g06.md,0,
Ho-02_0307,typoglyphs/33_glyphs/t33_l03g07.png,keywords/33_keywords/t33_l03g07.md,0,
Ho-02_0308,typoglyphs/33_glyphs/t33_l03g08.png,keywords/33_keywords/t33_l03g08.md,0,
Ho-02_0309,typoglyphs/33_glyphs/t33_l03g09.png,keywords/33_keywords/t33_l03g09.md,0,
Ho-02_0310,typoglyphs/33_glyphs/t33_l03g10.png,keywords/33_keywords/t33_l03g10.md,0,
Ho-02_0311,typoglyphs/33_glyphs/t33_l03g11.png,keywords/33_keywords/t33_l03g11.md,0,
Ho-02_0312,typoglyphs/33_glyphs/t33_l03g12.png,keywords/33_keywords/t33_l03g12.md,0,
Ho-02_0313,typoglyphs/33_glyphs/t33_l03g13.png,keywords/33_keywords/t33_l03g13.md,0,
Ho-02_0314,typoglyphs/33_glyphs/t33_l03g14.png,keywords/33_keywords/t33_l03g14.md,0,
Ho-02_0315,typoglyphs/33_glyphs/t33_l03g15.png,keywords/33_keywords/t33_l03g15.md,0,
Ho-02_0316,typoglyphs/33_glyphs/t33_l03g16.png,keywords/33_keywords/t33_l03g16.md,0,
Ho-02_0317,typoglyphs/33_glyphs/t33_l03g17.png,keywords/33_keywords/t33_l03g17.md,0,
Ho-02_0318,typoglyphs/33_glyphs/t33_l03g18.png,keywords/33_keywords/t33_l03g18.md,0,
Ho-02_0319,typoglyphs/33_glyphs/t33_l03g19.png,keywords/33_keywords/t33_l03g19.md,0,
Ho-02_0320,typoglyphs/33_glyphs/t33_l03g20.png,keywords/33_keywords/t33_l03g20.md,0,
Ho-02_0321,typoglyphs/33_glyphs/t33_l03g21.png,keywords/33_keywords/t33_l03g21.md,0,
Ho-02_0322,typoglyphs/33_glyphs/t33_l03g22.png,keywords/33_keywords/t33_l03g22.md,0,
Ho-02_0323,typoglyphs/33_glyphs/t33_l03g23.png,keywords/33_keywords/t33_l03g23.md,0,
Ho-02_0324,typoglyphs/33_glyphs/t33_l03g24.png,keywords/33_keywords/t33_l03g24.md,0,
Ho-02_0325,typoglyphs/33_glyphs/t33_l03g25.png,keywords/33_keywords/t33_l03g25.md,0,
Ho-02_0326,typoglyphs/33_glyphs/t33_l03g26.png,keywords/33_keywords/t33_l03g26.md,0,
Ho-02_0327,typoglyphs/33_glyphs/t33_l03g27.png,keywords/33_keywords/t33_l03g27.md,0,
Ho-02_0328,typoglyphs/33_glyphs/t33_l03g28.png,keywords/33_keywords/t33_l03g28.md,0,
Ho-02_0329,typoglyphs/33_glyphs/t33_l03g29.png,keywords/33_keywords/t33_l03g29.md,0,
Ho-02_0330,typoglyphs/33_glyphs/t33_l03g30.png,keywords/33_keywords/t33_l03g30.md,0,
Ho-02_0331,typoglyphs/33_glyphs/t33_l03g31.png,keywords/33_keywords/t33_l03g31.md,0,
Ho-02_0332,typoglyphs/33_glyphs/t33_l03g32.png,keywords/33_keywords/t33_l03g32.md,0,
Ho-02_0333,typoglyphs/33_glyphs/t33_l03g33.png,keywords/33_keywords/t33_l03g33.md,0,
Ho-02_0334,typoglyphs/33_glyphs/t33_l03g34.png,keywords/33_keywords/t33_l03g34.md,0,
Ho-02_0335,typoglyphs/33_glyphs/t33_l03g35.png,keywords/33_keywords/t33_l03g35.md,0,
Ho-02_0336,typoglyphs/33_glyphs/t33_l03g36.png,keywords/33_keywords/t33_l03g36.md,0,
Ho-02_0337,typoglyphs/33_glyphs/t33_l03g37.png,keywords/33_keywords/t33_l03g37.md,0,
Ho-02_0401,typoglyphs/33_glyphs/t33_l04g01.png,keywords/33_keywords/t33_l04g01.md,0,
Ho-02_0402,typoglyphs/33_glyphs/t33_l04g02.png,keywords/33_keywords/t33_l04g02.md,0,
Ho-02_0403,typoglyphs/33_glyphs/t33_l04g03.png,keywords/33_keywords/t33_l04g03.md,0,
Ho-02_0404,typoglyphs/33_glyphs/t33_l04g04.png,keywords/33_keywords/t33_l04g04.md,0,
Ho-02_0405,typoglyphs/33_glyphs/t33_l04g05.png,keywords/33_keywords/t33_l04g05.md,0,
Ho-02_0406,typoglyphs/33_glyphs/t33_l04g06.png,keywords/33_keywords/t33_l04g06.md,0,
Ho-02_0407,typoglyphs/33_glyphs/t33_l04g07.png,keywords/33_keywords/t33_l04g07.md,0,
Ho-02_0408,typoglyphs/33_glyphs/t33_l04g08.png,keywords/33_keywords/t33_l04g08.md,0,
Ho-02_0409,typoglyphs/33_glyphs/t33_l04g09.png,keywords/33_keywords/t33_l04g09.md,0,
Ho-02_0410,typoglyphs/33_glyphs/t33_l04g10.png,keywords/33_keywords/t33_l04g10.md,0,
Ho-02_0411,typoglyphs/33_glyphs/t33_l04g11.png,keywords/33_keywords/t33_l04g11.md,0,
Ho-02_0412,typoglyphs/33_glyphs/t33_l04g12.png,keywords/33_keywords/t33_l04g12.md,0,
Ho-02_0413,typoglyphs/33_glyphs/t33_l04g13.png,keywords/33_keywords/t33_l04g13.md,0,
Ho-03_0101,typoglyphs/34_glyphs/t34_l01g01.png,keywords/34_keywords/t34_l01g01.md,0,
Ho-03_0102,typoglyphs/34_glyphs/t34_l01g02.png,keywords/34_keywords/t34_l01g02.md,0,
Ho-03_0103,typoglyphs/34_glyphs/t34_l01g03.png,keywords/34_keywords/t34_l01g03.md,0,
Ho-03_0104,typoglyphs/34_glyphs/t34_l01g04.png,keywords/34_keywords/t34_l01g04.md,0,
Ho-03_0105,typoglyphs/34_glyphs/t34_l01g05.png,keywords/34_keywords/t34_l01g05.md,0,
Ho-03_0106,typoglyphs/34_glyphs/t34_l01g06.png,keywords/34_keywords/t34_l01g06.md,0,
Ho-03_0107,typoglyphs/34_glyphs/t34_l01g07.png,keywords/34_keywords/t34_l01g07.md,0,
Ho-03_0108,typoglyphs/34_glyphs/t34_l01g08.png,keywords/34_keywords/t34_l01g08.md,0,
Ho-03_0109,typoglyphs/34_glyphs/t34_l01g09.png,keywords/34_keywords/t34_l01g09.md,0,
Ho-03_0110,typoglyphs/34_glyphs/t34_l01g10.png,keywords/34_keywords/t34_l01g10.md,0,
Ho-03_0111,typoglyphs/34_glyphs/t34_l01g11.png,keywords/34_keywords/t34_l01g11.md,0,
Ho-03_0112,typoglyphs/34_glyphs/t34_l01g12.png,keywords/34_keywords/t34_l01g12.md,0,
Ho-03_0113,typoglyphs/34_glyphs/t34_l01g13.png,keywords/34_keywords/t34_l01g13.md,0,
Ho-03_0114,typoglyphs/34_glyphs/t34_l01g14.png,keywords/34_keywords/t34_l01g14.md,0,
Ho-03_0115,typoglyphs/34_glyphs/t34_l01g15.png,keywords/34_keywords/t34_l01g15.md,0,
Ho-03_0116,typoglyphs/34_glyphs/t34_l01g16.png,keywords/34_keywords/t34_l01g16.md,0,
Ho-03_0117,typoglyphs/34_glyphs/t34_l01g17.png,keywords/34_keywords/t34_l01g17.md,0,
Ho-03_0118,typoglyphs/34_glyphs/t34_l01g18.png,keywords/34_keywords/t34_l01g18.md,0,
Ho-03_0119,typoglyphs/34_glyphs/t34_l01g19.png,keywords/34_keywords/t34_l01g19.md,0,
Ho-03_0120,typoglyphs/34_glyphs/t34_l01g20.png,keywords/34_keywords/t34_l01g20.md,0,
Ho-03_0121,typoglyphs/34_glyphs/t34_l01g21.png,keywords/34_keywords/t34_l01g21.md,0,
Ho-03_0122,typoglyphs/34_glyphs/t34_l01g22.png,keywords/34_keywords/t34_l01g22.md,0,
Ho-03_0201,typoglyphs/34_glyphs/t34_l02g01.png,keywords/34_keywords/t34_l02g01.md,0,
Ho-03_0202,typoglyphs/34_glyphs/t34_l02g02.png,keywords/34_keywords/t34_l02g02.md,0,
Ho-03_0203,typoglyphs/34_glyphs/t34_l02g03.png,keywords/34_keywords/t34_l02g03.md,0,
Ho-03_0204,typoglyphs/34_glyphs/t34_l02g04.png,keywords/34_keywords/t34_l02g04.md,0,
Ho-03_0205,typoglyphs/34_glyphs/t34_l02g05.png,keywords/34_keywords/t34_l02g05.md,0,
Ho-03_0206,typoglyphs/34_glyphs/t34_l02g06.png,keywords/34_keywords/t34_l02g06.md,0,
Ho-03_0207,typoglyphs/34_glyphs/t34_l02g07.png,keywords/34_keywords/t34_l02g07.md,0,
Ho-03_0208,typoglyphs/34_glyphs/t34_l02g08.png,keywords/34_keywords/t34_l02g08.md,0,
Ho-03_0209,typoglyphs/34_glyphs/t34_l02g09.png,keywords/34_keywords/t34_l02g09.md,0,
Ho-03_0210,typoglyphs/34_glyphs/t34_l02g10.png,keywords/34_keywords/t34_l02g10.md,0,
Ho-03_0211,typoglyphs/34_glyphs/t34_l02g11.png,keywords/34_keywords/t34_l02g11.md,0,
Ho-03_0212,typoglyphs/34_glyphs/t34_l02g12.png,keywords/34_keywords/t34_l02g12.md,0,
Ho-03_0213,typoglyphs/34_glyphs/t34_l02g13.png,keywords/34_keywords/t34_l02g13.md,0,
Ho-03_0214,typoglyphs/34_glyphs/t34_l02g14.png,keywords/34_keywords/t34_l02g14.md,0,
Ho-03_0215,typoglyphs/34_glyphs/t34_l02g15.png,keywords/34_keywords/t34_l02g15.md,0,
Ho-03_0216,typoglyphs/34_glyphs/t34_l02g16.png,keywords/34_keywords/t34_l02g16.md,0,
Ho-03_0217,typoglyphs/34_glyphs/t34_l02g17.png,keywords/34_keywords/t34_l02g17.md,0,
Ho-03_0218,typoglyphs/34_glyphs/t34_l02g18.png,keywords/34_keywords/t34_l02g18.md,0,
Ho-03_0219,typoglyphs/34_glyphs/t34_l02g19.png,keywords/34_keywords/t34_l02g19.md,0,
Ho-03_0220,typoglyphs/34_glyphs/t34_l02g20.png,keywords/34_keywords/t34_l02g20.md,0,
Ho-03_0221,typoglyphs/34_glyphs/t34_l02g21.png,keywords/34_keywords/t34_l02g21.md,0,
Ho-03_0222,typoglyphs/34_glyphs/t34_l02g22.png,keywords/34_keywords/t34_l02g22.md,0,
Ho-03_0223,typoglyphs/34_glyphs/t34_l02g23.png,keywords/34_keywords/t34_l02g23.md,0,
Ho-03_0224,typoglyphs/34_glyphs/t34_l02g24.png,keywords/34_keywords/t34_l02g24.md,0,
Ho-03_0225,typoglyphs/34_glyphs/t34_l02g25.png,keywords/34_keywords/t34_l02g25.md,0,
Ho-03_0226,typoglyphs/34_glyphs/t34_l02g26.png,keywords/34_keywords/t34_l02g26.md,0,
Ho-03_0227,typoglyphs/34_glyphs/t34_l02g27.png,keywords/34_keywords/t34_l02g27.md,0,
Ho-03_0228,typoglyphs/34_glyphs/t34_l02g28.png,keywords/34_keywords/t34_l02g28.md,0,
Ho-03_0229,typoglyphs/34_glyphs/t34_l02g29.png,keywords/34_keywords/t34_l02g29.md,0,
Ho-03_0230,typoglyphs/34_glyphs/t34_l02g30.png,keywords/34_keywords/t34_l02g30.md,0,
Ho-03_0231,typoglyphs/34_glyphs/t34_l02g31.png,keywords/34_keywords/t34_l02g31.md,0,
Ho-03_0232,typoglyphs/34_glyphs/t34_l02g32.png,keywords/34_keywords/t34_l02g32.md,0,
Ho-03_0233,typoglyphs/34_glyphs/t34_l02g33.png,keywords/34_keywords/t34_l02g33.md,0,
Ho-03_0234,typoglyphs/34_glyphs/t34_l02g34.png,keywords/34_keywords/t34_l02g34.md,0,
Ho-03_0235,typoglyphs/34_glyphs/t34_l02g35.png,keywords/34_keywords/t34_l02g35.md,0,
Ho-03_0236,typoglyphs/34_glyphs/t34_l02g36.png,keywords/34_keywords/t34_l02g36.md,0,
Ho-03_0301,typoglyphs/34_glyphs/t34_l03g01.png,keywords/34_keywords/t34_l03g01.md,0,
Ho-03_0302,typoglyphs/34_glyphs/t34_l03g02.png,keywords/34_keywords/t34_l03g02.md,0,
Ho-03_0303,typoglyphs/34_glyphs/t34_l03g03.png,keywords/34_keywords/t34_l03g03.md,0,
Ho-03_0304,typoglyphs/34_glyphs/t34_l03g04.png,keywords/34_keywords/t34_l03g04.md,0,
Ho-03_0305,typoglyphs/34_glyphs/t34_l03g05.png,keywords/34_keywords/t34_l03g05.md,0,
Ho-03_0306,typoglyphs/34_glyphs/t34_l03g06.png,keywords/34_keywords/t34_l03g06.md,0,
Ho-03_0307,typoglyphs/34_glyphs/t34_l03g07.png,keywords/34_keywords/t34_l03g07.md,0,
Ho-03_0308,typoglyphs/34_glyphs/t34_l03g08.png,keywords/34_keywords/t34_l03g08.md,0,
Ho-03_0309,typoglyphs/34_glyphs/t34_l03g09.png,keywords/34_keywords/t34_l03g09.md,0,
Ho-03_0310,typoglyphs/34_glyphs/t34_l03g10.png,keywords/34_keywords/t34_l03g10.md,0,
Ho-03_0311,typoglyphs/34_glyphs/t34_l03g11.png,keywords/34_keywords/t34_l03g11.md,0,
Ho-03_0312,typoglyphs/34_glyphs/t34_l03g12.png,keywords/34_keywords/t34_l03g12.md,0,
Ho-03_0313,typoglyphs/34_glyphs/t34_l03g13.png,keywords/34_keywords/t34_l03g13.md,0,
Ho-03_0314,typoglyphs/34_glyphs/t34_l03g14.png,keywords/34_keywords/t34_l03g14.md,0,
Ho-03_0315,typoglyphs/34_glyphs/t34_l03g15.png,keywords/34_keywords/t34_l03g15.md,0,
Ho-03_0316,typoglyphs/34_glyphs/t34_l03g16.png,keywords/34_keywords/t34_l03g16.md,0,
Ho-03_0317,typoglyphs/34_glyphs/t34_l03g17.png,keywords/34_keywords/t34_l03g17.md,0,
Ho-03_0318,typoglyphs/34_glyphs/t34_l03g18.png,keywords/34_keywords/t34_l03g18.md,0,
Ho-03_0319,typoglyphs/34_glyphs/t34_l03g19.png,keywords/34_keywords/t34_l03g19.md,0,
Ho-03_0320,typoglyphs/34_glyphs/t34_l03g20.png,keywords/34_keywords/t34_l03g20.md,0,
Ho-03_0321,typoglyphs/34_glyphs/t34_l03g21.png,keywords/34_keywords/t34_l03g21.md,0,
Ho-03_0322,typoglyphs/34_glyphs/t34_l03g22.png,keywords/34_keywords/t34_l03g22.md,0,
Ho-03_0323,typoglyphs/34_glyphs/t34_l03g23.png,keywords/34_keywords/t34_l03g23.md,0,
Ho-03_0324,typoglyphs/34_glyphs/t34_l03g24.png,keywords/34_keywords/t34_l03g24.md,0,
Ho-03_0325,typoglyphs/34_glyphs/t34_l03g25.png,keywords/34_keywords/t34_l03g25.md,0,
Ho-03_0326,typoglyphs/34_glyphs/t34_l03g26.png,keywords/34_keywords/t34_l03g26.md,0,
Ho-03_0327,typoglyphs/34_glyphs/t34_l03g27.png,keywords/34_keywords/t34_l03g27.md,0,
Ho-03_0328,typoglyphs/34_glyphs/t34_l03g28.png,keywords/34_keywords/t34_l03g28.md,0,
Ho-03_0329,typoglyphs/34_glyphs/t34_l03g29.png,keywords/34_keywords/t34_l03g29.md,0,
Ho-03_0330,typoglyphs/34_glyphs/t34_l03g30.png,keywords/34_keywords/t34_l03g30.md,0,
Ho-03_0331,typoglyphs/34_glyphs/t34_l03g31.png,keywords/34_keywords/t34_l03g31.md,0,
Ho-03_0332,typoglyphs/34_glyphs/t34_l03g32.png,keywords/34_keywords/t34_l03g32.md,0,
Ho-03_0333,typoglyphs/34_glyphs/t34_l03g33.png,keywords/34_keywords/t34_l03g33.md,0,
Ho-03_0334,typoglyphs/34_glyphs/t34_l03g34.png,keywords/34_keywords/t34_l03g34.md,0,
Ho-03_0401,typoglyphs/34_glyphs/t34_l04g01.png,keywords/34_keywords/t34_l04g01.md,0,
Ho-03_0402,typoglyphs/34_glyphs/t34_l04g02.png,keywords/34_keywords/t34_l04g02.md,0,
Ho-03_0403,typoglyphs/34_glyphs/t34_l04g03.png,keywords/34_keywords/t34_l04g03.md,0,
Ho-03_0404,typoglyphs/34_glyphs/t34_l04g04.png,keywords/34_keywords/t34_l04g04.md,0,
Ho-03_0405,typoglyphs/34_glyphs/t34_l04g05.png,keywords/34_keywords/t34_l04g05.md,0,
Ho-03_0406,typoglyphs/34_glyphs/t34_l04g06.png,keywords/34_keywords/t34_l04g06.md,0,
Ho-03_0407,typoglyphs/34_glyphs/t34_l04g07.png,keywords/34_keywords/t34_l04g07.md,0,
Ho-03_0408,typoglyphs/34_glyphs/t34_l04g08.png,keywords/34_keywords/t34_l04g08.md,0,
Ho-03_0409,typoglyphs/34_glyphs/t34_l04g09.png,keywords/34_keywords/t34_l04g09.md,0,
Ho-03_0410,typoglyphs/34_glyphs/t34_l04g10.png,keywords/34_keywords/t34_l04g10.md,0,
Ho-03_0411,typoglyphs/34_glyphs/t34_l04g11.png,keywords/34_keywords/t34_l04g11.md,0,
Ho-03_0412,typoglyphs/34_glyphs/t34_l04g12.png,keywords/34_keywords/t34_l04g12.md,0,
Ho-03_0413,typoglyphs/34_glyphs/t34_l04g13.png,keywords/34_keywords/t34_l04g13.md,0,
Ho-03_0414,typoglyphs/34_glyphs/t34_l04g14.png,keywords/34_keywords/t34_l04g14.md,0,
Ho-03_0415,typoglyphs/34_glyphs/t34_l04g15.png,keywords/34_keywords/t34_l04g15.md,0,
Ho-03_0416,typoglyphs/34_glyphs/t34_l04g16.png,keywords/34_keywords/t34_l04g16.md,0,
Ho-03_0417,typoglyphs/34_glyphs/t34_l04g17.png,keywords/34_keywords/t34_l04g17.md,0,
Ho-03_0418,typoglyphs/34_glyphs/t34_l04g18.png,keywords/34_keywords/t34_l04g18.md,0,
Ho-03_0419,typoglyphs/34_glyphs/t34_l04g19.png,keywords/34_keywords/t34_l04g19.md,0,
Ho-03_0420,typoglyphs/34_glyphs/t34_l04g20.png,keywords/34_keywords/t34_l04g20.md,0,
Ho-03_0421,typoglyphs/34_glyphs/t34_l04g21.png,keywords/34_keywords/t34_l04g21.md,0,
Ho-03_0422,typoglyphs/34_glyphs/t34_l04g22.png,keywords/34_keywords/t34_l04g22.md,0,
Ho-03_0423,typoglyphs/34_glyphs/t34_l04g23.png,keywords/34_keywords/t34_l04g23.md,0,
Ho-03_0424,typoglyphs/34_glyphs/t34_l04g24.png,keywords/34_keywords/t34_l04g24.md,0,
Ho-03_0425,typoglyphs/34_glyphs/t34_l04g25.png,keywords/34_keywords/t34_l04g25.md,0,
Ho-03_0426,typoglyphs/34_glyphs/t34_l04g26.png,keywords/34_keywords/t34_l04g26.md,0,
Ho-03_0427,typoglyphs/34_glyphs/t34_l04g27.png,keywords/34_keywords/t34_l04g27.md,0,
Ho-03_0428,typoglyphs/34_glyphs/t34_l04g28.png,keywords/34_keywords/t34_l04g28.md,0,
Ho-03_0429,typoglyphs/34_glyphs/t34_l04g29.png,keywords/34_keywords/t34_l04g29.md,0,
Ho-03_0430,typoglyphs/34_glyphs/t34_l04g30.png,keywords/34_keywords/t34_l04g30.md,0,
Ho-03_0431,typoglyphs/34_glyphs/t34_l04g31.png,keywords/34_keywords/t34_l04g31.md,0,
Ho-03_0501,typoglyphs/34_glyphs/t34_l05g01.png,keywords/34_keywords/t34_l05g01.md,0,
Ho-03_0502,typoglyphs/34_glyphs/t34_l05g02.png,keywords/34_keywords/t34_l05g02.md,0,
Ho-03_0503,typoglyphs/34_glyphs/t34_l05g03.png,keywords/34_keywords/t34_l05g03.md,0,
Ho-04_0101,typoglyphs/35_glyphs/t35_l01g01.png,keywords/35_keywords/t35_l01g01.md,0,
Ho-04_0102,typoglyphs/35_glyphs/t35_l01g02.png,keywords/35_keywords/t35_l01g02.md,0,
Ho-04_0103,typoglyphs/35_glyphs/t35_l01g03.png,keywords/35_keywords/t35_l01g03.md,0,
Ho-04_0104,typoglyphs/35_glyphs/t35_l01g04.png,keywords/35_keywords/t35_l01g04.md,0,
Ho-04_0105,typoglyphs/35_glyphs/t35_l01g05.png,keywords/35_keywords/t35_l01g05.md,0,
Ho-04_0106,typoglyphs/35_glyphs/t35_l01g06.png,keywords/35_keywords/t35_l01g06.md,0,
Ho-04_0107,typoglyphs/35_glyphs/t35_l01g07.png,keywords/35_keywords/t35_l01g07.md,0,
Ho-04_0108,typoglyphs/35_glyphs/t35_l01g08.png,keywords/35_keywords/t35_l01g08.md,0,
Ho-04_0109,typoglyphs/35_glyphs/t35_l01g09.png,keywords/35_keywords/t35_l01g09.md,0,
Ho-04_0110,typoglyphs/35_glyphs/t35_l01g10.png,keywords/35_keywords/t35_l01g10.md,0,
Ho-04_0111,typoglyphs/35_glyphs/t35_l01g11.png,keywords/35_keywords/t35_l01g11.md,0,
Ho-04_0112,typoglyphs/35_glyphs/t35_l01g12.png,keywords/35_keywords/t35_l01g12.md,0,
Ho-04_0113,typoglyphs/35_glyphs/t35_l01g13.png,keywords/35_keywords/t35_l01g13.md,0,
Ho-04_0114,typoglyphs/35_glyphs/t35_l01g14.png,keywords/35_keywords/t35_l01g14.md,0,
Ho-04_0201,typoglyphs/35_glyphs/t35_l02g01.png,keywords/35_keywords/t35_l02g01.md,0,
Ho-04_0202,typoglyphs/35_glyphs/t35_l02g02.png,keywords/35_keywords/t35_l02g02.md,0,
Ho-04_0203,typoglyphs/35_glyphs/t35_l02g03.png,keywords/35_keywords/t35_l02g03.md,0,
Ho-04_0204,typoglyphs/35_glyphs/t35_l02g04.png,keywords/35_keywords/t35_l02g04.md,0,
Ho-04_0205,typoglyphs/35_glyphs/t35_l02g05.png,keywords/35_keywords/t35_l02g05.md,0,
Ho-04_0206,typoglyphs/35_glyphs/t35_l02g06.png,keywords/35_keywords/t35_l02g06.md,0,
Ho-04_0207,typoglyphs/35_glyphs/t35_l02g07.png,keywords/35_keywords/t35_l02g07.md,0,
Ho-04_0208,typoglyphs/35_glyphs/t35_l02g08.png,keywords/35_keywords/t35_l02g08.md,0,
Ho-04_0209,typoglyphs/35_glyphs/t35_l02g09.png,keywords/35_keywords/t35_l02g09.md,0,
Ho-04_0210,typoglyphs/35_glyphs/t35_l02g10.png,keywords/35_keywords/t35_l02g10.md,0,
Ho-04_0211,typoglyphs/35_glyphs/t35_l02g11.png,keywords/35_keywords/t35_l02g11.md,0,
Ho-04_0212,typoglyphs/35_glyphs/t35_l02g12.png,keywords/35_keywords/t35_l02g12.md,0,
Ho-04_0213,typoglyphs/35_glyphs/t35_l02g13.png,keywords/35_keywords/t35_l02g13.md,0,
Ho-04_0214,typoglyphs/35_glyphs/t35_l02g14.png,keywords/35_keywords/t35_l02g14.md,0,
Ho-04_0215,typoglyphs/35_glyphs/t35_l02g15.png,keywords/35_keywords/t35_l02g15.md,0,
Ho-04_0216,typoglyphs/35_glyphs/t35_l02g16.png,keywords/35_keywords/t35_l02g16.md,0,
Ho-04_0217,typoglyphs/35_glyphs/t35_l02g17.png,keywords/35_keywords/t35_l02g17.md,0,
Ho-04_0218,typoglyphs/35_glyphs/t35_l02g18.png,keywords/35_keywords/t35_l02g18.md,0,
Ho-04_0219,typoglyphs/35_glyphs/t35_l02g19.png,keywords/35_keywords/t35_l02g19.md,0,
Ho-04_0220,typoglyphs/35_glyphs/t35_l02g20.png,keywords/35_keywords/t35_l02g20.md,0,
Ho-04_0221,typoglyphs/35_glyphs/t35_l02g21.png,keywords/35_keywords/t35_l02g21.md,0,
Ho-04_0222,typoglyphs/35_glyphs/t35_l02g22.png,keywords/35_keywords/t35_l02g22.md,0,
Ho-04_0223,typoglyphs/35_glyphs/t35_l02g23.png,keywords/35_keywords/t35_l02g23.md,0,
Ho-04_0301,typoglyphs/35_glyphs/t35_l03g01.png,keywords/35_keywords/t35_l03g01.md,0,
Ho-04_0302,typoglyphs/35_glyphs/t35_l03g02.png,keywords/35_keywords/t35_l03g02.md,0,
Ho-04_0303,typoglyphs/35_glyphs/t35_l03g03.png,keywords/35_keywords/t35_l03g03.md,0,
Ho-04_0304,typoglyphs/35_glyphs/t35_l03g04.png,keywords/35_keywords/t35_l03g04.md,0,
Ho-04_0305,typoglyphs/35_glyphs/t35_l03g05.png,keywords/35_keywords/t35_l03g05.md,0,
Ho-04_0306,typoglyphs/35_glyphs/t35_l03g06.png,keywords/35_keywords/t35_l03g06.md,0,
Ho-04_0307,typoglyphs/35_glyphs/t35_l03g07.png,keywords/35_keywords/t35_l03g07.md,0,
Ho-04_0308,typoglyphs/35_glyphs/t35_l03g08.png,keywords/35_keywords/t35_l03g08.md,0,
Ho-04_0309,typoglyphs/35_glyphs/t35_l03g09.png,keywords/35_keywords/t35_l03g09.md,0,
Ho-04_0310,typoglyphs/35_glyphs/t35_l03g10.png,keywords/35_keywords/t35_l03g10.md,0,
Ho-04_0311,typoglyphs/35_glyphs/t35_l03g11.png,keywords/35_keywords/t35_l03g11.md,0,
Ho-04_0312,typoglyphs/35_glyphs/t35_l03g12.png,keywords/35_keywords/t35_l03g12.md,0,
Ho-04_0313,typoglyphs/35_glyphs/t35_l03g13.png,keywords/35_keywords/t35_l03g13.md,0,
Ho-04_0314,typoglyphs/35_glyphs/t35_l03g14.png,keywords/35_keywords/t35_l03g14.md,0,
Ho-04_0315,typoglyphs/35_glyphs/t35_l03g15.png,keywords/35_keywords/t35_l03g15.md,0,
Ho-04_0316,typoglyphs/35_glyphs/t35_l03g16.png,keywords/35_keywords/t35_l03g16.md,0,
Ho-04_0317,typoglyphs/35_glyphs/t35_l03g17.png,keywords/35_keywords/t35_l03g17.md,0,
Ho-04_0318,typoglyphs/35_glyphs/t35_l03g18.png,keywords/35_keywords/t35_l03g18.md,0,
Ho-04_0319,typoglyphs/35_glyphs/t35_l03g19.png,keywords/35_keywords/t35_l03g19.md,0,
Ho-04_0320,typoglyphs/35_glyphs/t35_l03g20.png,keywords/35_keywords/t35_l03g20.md,0,
Ho-04_0321,typoglyphs/35_glyphs/t35_l03g21.png,keywords/35_keywords/t35_l03g21.md,0,
Ho-04_0401,typoglyphs/35_glyphs/t35_l04g01.png,keywords/35_keywords/t35_l04g01.md,0,
Ho-04_0402,typoglyphs/35_glyphs/t35_l04g02.png,keywords/35_keywords/t35_l04g02.md,0,
Ho-04_0403,typoglyphs/35_glyphs/t35_l04g03.png,keywords/35_keywords/t35_l04g03.md,0,
Ho-04_0404,typoglyphs/35_glyphs/t35_l04g04.png,keywords/35_keywords/t35_l04g04.md,0,
Ho-04_0405,typoglyphs/35_glyphs/t35_l04g05.png,keywords/35_keywords/t35_l04g05.md,0,
Ho-04_0406,typoglyphs/35_glyphs/t35_l04g06.png,keywords/35_keywords/t35_l04g06.md,0,
Ho-04_0407,typoglyphs/35_glyphs/t35_l04g07.png,keywords/35_keywords/t35_l04g07.md,1,descriptions/35_descriptions/t35_l04g07.md
Ho-04_0408,typoglyphs/35_glyphs/t35_l04g08.png,keywords/35_keywords/t35_l04g08.md,0,
Ho-04_0409,typoglyphs/35_glyphs/t35_l04g09.png,keywords/35_keywords/t35_l04g09.md,0,
Ho-04_0410,typoglyphs/35_glyphs/t35_l04g10.png,keywords/35_keywords/t35_l04g10.md,0,
Ho-04_0411,typoglyphs/35_glyphs/t35_l04g11.png,keywords/35_keywords/t35_l04g11.md,0,
Ho-04_0412,typoglyphs/35_glyphs/t35_l04g12.png,keywords/35_keywords/t35_l04g12.md,0,
Ho-04_0413,typoglyphs/35_glyphs/t35_l04g13.png,keywords/35_keywords/t35_l04g13.md,0,
Ho-04_0414,typoglyphs/35_glyphs/t35_l04g14.png,keywords/35_keywords/t35_l04g14.md,0,
Ho-04_0415,typoglyphs/35_glyphs/t35_l04g15.png,keywords/35_keywords/t35_l04g15.md,0,
Ho-04_0416,typoglyphs/35_glyphs/t35_l04g16.png,keywords/35_keywords/t35_l04g16.md,0,
Ho-04_0417,typoglyphs/35_glyphs/t35_l04g17.png,keywords/35_keywords/t35_l04g17.md,0,
Ho-05_0101,typoglyphs/36_glyphs/t36_l01g01.png,keywords/36_keywords/t36_l01g01.md,0,
Ho-05_0102,typoglyphs/36_glyphs/t36_l01g02.png,keywords/36_keywords/t36_l01g02.md,0,
Ho-05_0103,typoglyphs/36_glyphs/t36_l01g03.png,keywords/36_keywords/t36_l01g03.md,0,
Ho-05_0104,typoglyphs/36_glyphs/t36_l01g04.png,keywords/36_keywords/t36_l01g04.md,0,
Ho-05_0105,typoglyphs/36_glyphs/t36_l01g05.png,keywords/36_keywords/t36_l01g05.md,0,
Ho-05_0106,typoglyphs/36_glyphs/t36_l01g06.png,keywords/36_keywords/t36_l01g06.md,0,
Ho-05_0107,typoglyphs/36_glyphs/t36_l01g07.png,keywords/36_keywords/t36_l01g07.md,0,
Ho-05_0108,typoglyphs/36_glyphs/t36_l01g08.png,keywords/36_keywords/t36_l01g08.md,0,
Ho-05_0109,typoglyphs/36_glyphs/t36_l01g09.png,keywords/36_keywords/t36_l01g09.md,0,
Ho-05_0110,typoglyphs/36_glyphs/t36_l01g10.png,keywords/36_keywords/t36_l01g10.md,0,
Ho-05_0111,typoglyphs/36_glyphs/t36_l01g11.png,keywords/36_keywords/t36_l01g11.md,0,
Ho-05_0112,typoglyphs/36_glyphs/t36_l01g12.png,keywords/36_keywords/t36_l01g12.md,0,
Ho-05_0113,typoglyphs/36_glyphs/t36_l01g13.png,keywords/36_keywords/t36_l01g13.md,0,
Ho-05_0114,typoglyphs/36_glyphs/t36_l01g14.png,keywords/36_keywords/t36_l01g14.md,0,
Ho-05_0115,typoglyphs/36_glyphs/t36_l01g15.png,keywords/36_keywords/t36_l01g15.md,0,
Ho-05_0116,typoglyphs/36_glyphs/t36_l01g16.png,keywords/36_keywords/t36_l01g16.md,0,
Ho-05_0117,typoglyphs/36_glyphs/t36_l01g17.png,keywords/36_keywords/t36_l01g17.md,0,
Ho-05_0118,typoglyphs/36_glyphs/t36_l01g18.png,keywords/36_keywords/t36_l01g18.md,0,
Ho-05_0119,typoglyphs/36_glyphs/t36_l01g19.png,keywords/36_keywords/t36_l01g19.md,0,
Ho-05_0120,typoglyphs/36_glyphs/t36_l01g20.png,keywords/36_keywords/t36_l01g20.md,0,
Ho-05_0121,typoglyphs/36_glyphs/t36_l01g21.png,keywords/36_keywords/t36_l01g21.md,0,
Ho-05_0201,typoglyphs/36_glyphs/t36_l02g01.png,keywords/36_keywords/t36_l02g01.md,0,
Ho-05_0202,typoglyphs/36_glyphs/t36_l02g02.png,keywords/36_keywords/t36_l02g02.md,0,
Ho-05_0203,typoglyphs/36_glyphs/t36_l02g03.png,keywords/36_keywords/t36_l02g03.md,0,
Ho-05_0204,typoglyphs/36_glyphs/t36_l02g04.png,keywords/36_keywords/t36_l02g04.md,0,
Ho-05_0205,typoglyphs/36_glyphs/t36_l02g05.png,keywords/36_keywords/t36_l02g05.md,0,
Ho-05_0206,typoglyphs/36_glyphs/t36_l02g06.png,keywords/36_keywords/t36_l02g06.md,0,
Ho-05_0207,typoglyphs/36_glyphs/t36_l02g07.png,keywords/36_keywords/t36_l02g07.md,0,
Ho-05_0208,typoglyphs/36_glyphs/t36_l02g08.png,keywords/36_keywords/t36_l02g08.md,0,
Ho-05_0209,typoglyphs/36_glyphs/t36_l02g09.png,keywords/36_keywords/t36_l02g09.md,0,
Ho-05_0210,typoglyphs/36_glyphs/t36_l02g10.png,keywords/36_keywords/t36_l02g10.md,0,
Ho-05_0211,typoglyphs/36_glyphs/t36_l02g11.png,keywords/36_keywords/t36_l02g11.md,0,
Ho-05_0212,typoglyphs/36_glyphs/t36_l02g12.png,keywords/36_keywords/t36_l02g12.md,0,
Ho-05_0213,typoglyphs/36_glyphs/t36_l02g13.png,keywords/36_keywords/t36_l02g13.md,0,
Ho-05_0214,typoglyphs/36_glyphs/t36_l02g14.png,keywords/36_keywords/t36_l02g14.md,0,
Ho-05_0215,typoglyphs/36_glyphs/t36_l02g15.png,keywords/36_keywords/t36_l02g15.md,0,
Ho-05_0216,typoglyphs/36_glyphs/t36_l02g16.png,keywords/36_keywords/t36_l02g16.md,0,
Ho-05_0217,typoglyphs/36_glyphs/t36_l02g17.png,keywords/36_keywords/t36_l02g17.md,0,
Ho-05_0218,typoglyphs/36_glyphs/t36_l02g18.png,keywords/36_keywords/t36_l02g18.md,0,
Ho-05_0219,typoglyphs/36_glyphs/t36_l02g19.png,keywords/36_keywords/t36_l02g19.md,0,
Ho-05_0220,typoglyphs/36_glyphs/t36_l02g20.png,keywords/36_keywords/t36_l02g20.md,0,
Ho-05_0221,typoglyphs/36_glyphs/t36_l02g21.png,keywords/36_keywords/t36_l02g21.md,0,
Ho-05_0222,typoglyphs/36_glyphs/t36_l02g22.png,keywords/36_keywords/t36_l02g22.md,0,
Ho-05_0223,typoglyphs/36_glyphs/t36_l02g23.png,keywords/36_keywords/t36_l02g23.md,0,
Ho-05_0224,typoglyphs/36_glyphs/t36_l02g24.png,keywords/36_keywords/t36_l02g24.md,0,
Ho-05_0225,typoglyphs/36_glyphs/t36_l02g25.png,keywords/36_keywords/t36_l02g25.md,0,
Ho-05_0226,typoglyphs/36_glyphs/t36_l02g26.png,keywords/36_keywords/t36_l02g26.md,0,
Ho-05_0227,typoglyphs/36_glyphs/t36_l02g27.png,keywords/36_keywords/t36_l02g27.md,0,
Ho-05_0228,typoglyphs/36_glyphs/t36_l02g28.png,keywords/36_keywords/t36_l02g28.md,0,
Ho-05_0229,typoglyphs/36_glyphs/t36_l02g29.png,keywords/36_keywords/t36_l02g29.md,0,
Ho-05_0230,typoglyphs/36_glyphs/t36_l02g30.png,keywords/36_keywords/t36_l02g30.md,0,
Ho-05_0231,typoglyphs/36_glyphs/t36_l02g31.png,keywords/36_keywords/t36_l02g31.md,0,
Ho-05_0232,typoglyphs/36_glyphs/t36_l02g32.png,keywords/36_keywords/t36_l02g32.md,0,
Ho-05_0233,typoglyphs/36_glyphs/t36_l02g33.png,keywords/36_keywords/t36_l02g33.md,0,
Ho-05_0234,typoglyphs/36_glyphs/t36_l02g34.png,keywords/36_keywords/t36_l02g34.md,0,
Ho-05_0235,typoglyphs/36_glyphs/t36_l02g35.png,keywords/36_keywords/t36_l02g35.md,0,
Ho-05_0236,typoglyphs/36_glyphs/t36_l02g36.png,keywords/36_keywords/t36_l02g36.md,0,
Ho-05_0237,typoglyphs/36_glyphs/t36_l02g37.png,keywords/36_keywords/t36_l02g37.md,0,
Ho-05_0238,typoglyphs/36_glyphs/t36_l02g38.png,keywords/36_keywords/t36_l02g38.md,0,
Ho-05_0239,typoglyphs/36_glyphs/t36_l02g39.png,keywords/36_keywords/t36_l02g39.md,0,
Ho-05_0301,typoglyphs/36_glyphs/t36_l03g01.png,keywords/36_keywords/t36_l03g01.md,0,
Ho-05_0302,typoglyphs/36_glyphs/t36_l03g02.png,keywords/36_keywords/t36_l03g02.md,0,
Ho-05_0303,typoglyphs/36_glyphs/t36_l03g03.png,keywords/36_keywords/t36_l03g03.md,0,
Ho-05_0304,typoglyphs/36_glyphs/t36_l03g04.png,keywords/36_keywords/t36_l03g04.md,0,
Ho-05_0305,typoglyphs/36_glyphs/t36_l03g05.png,keywords/36_keywords/t36_l03g05.md,0,
Ho-05_0306,typoglyphs/36_glyphs/t36_l03g06.png,keywords/36_keywords/t36_l03g06.md,0,
Ho-05_0307,typoglyphs/36_glyphs/t36_l03g07.png,keywords/36_keywords/t36_l03g07.md,0,
Ho-05_0308,typoglyphs/36_glyphs/t36_l03g08.png,keywords/36_keywords/t36_l03g08.md,0,
Ho-05_0309,typoglyphs/36_glyphs/t36_l03g09.png,keywords/36_keywords/t36_l03g09.md,0,
Ho-05_0310,typoglyphs/36_glyphs/t36_l03g10.png,keywords/36_keywords/t36_l03g10.md,0,
Ho-05_0311,typoglyphs/36_glyphs/t36_l03g11.png,keywords/36_keywords/t36_l03g11.md,0,
Ho-05_0312,typoglyphs/36_glyphs/t36_l03g12.png,keywords/36_keywords/t36_l03g12.md,0,
Ho-05_0313,typoglyphs/36_glyphs/t36_l03g13.png,keywords/36_keywords/t36_l03g13.md,0,
Ho-05_0314,typoglyphs/36_glyphs/t36_l03g14.png,keywords/36_keywords/t36_l03g14.md,0,
Ho-05_0315,typoglyphs/36_glyphs/t36_l03g15.png,keywords/36_keywords/t36_l03g15.md,0,
Ho-05_0316,typoglyphs/36_glyphs/t36_l03g16.png,keywords/36_keywords/t36_l03g16.md,0,
Ho-05_0317,typoglyphs/36_glyphs/t36_l03g17.png,keywords/36_keywords/t36_l03g17.md,0,
Ho-05_0318,typoglyphs/36_glyphs/t36_l03g18.png,keywords/36_keywords/t36_l03g18.md,0,
Ho-05_0319,typoglyphs/36_glyphs/t36_l03g19.png,keywords/36_keywords/t36_l03g19.md,0,
Ho-05_0320,typoglyphs/36_glyphs/t36_l03g20.png,keywords/36_keywords/t36_l03g20.md,0,
Ho-05_0321,typoglyphs/36_glyphs/t36_l03g21.png,keywords/36_keywords/t36_l03g21.md,0,
Ho-05_0322,typoglyphs/36_glyphs/t36_l03g22.png,keywords/36_keywords/t36_l03g22.md,0,
Ho-05_0323,typoglyphs/36_glyphs/t36_l03g23.png,keywords/36_keywords/t36_l03g23.md,0,
Ho-05_0324,typoglyphs/36_glyphs/t36_l03g24.png,keywords/36_keywords/t36_l03g24.md,0,
Ho-05_0325,typoglyphs/36_glyphs/t36_l03g25.png,keywords/36_keywords/t36_l03g25.md,0,
Ho-05_0326,typoglyphs/36_glyphs/t36_l03g26.png,keywords/36_keywords/t36_l03g26.md,0,
Ho-05_0327,typoglyphs/36_glyphs/t36_l03g27.png,keywords/36_keywords/t36_l03g27.md,0,
Ho-05_0328,typoglyphs/36_glyphs/t36_l03g28.png,keywords/36_keywords/t36_l03g28.md,0,
Ho-05_0329,typoglyphs/36_glyphs/t36_l03g29.png,keywords/36_keywords/t36_l03g29.md,0,
Ho-05_0330,typoglyphs/36_glyphs/t36_l03g30.png,keywords/36_keywords/t36_l03g30.md,0,
Ho-05_0331,typoglyphs/36_glyphs/t36_l03g31.png,keywords/36_keywords/t36_l03g31.md,0,
Ho-05_0332,typoglyphs/36_glyphs/t36_l03g32.png,keywords/36_keywords/t36_l03g32.md,1,descriptions/36_descriptions/t36_l03g32.md
Ho-05_0333,typoglyphs/36_glyphs/t36_l03g33.png,keywords/36_keywords/t36_l03g33.md,0,
Ho-05_0334,typoglyphs/36_glyphs/t36_l03g34.png,keywords/36_keywords/t36_l03g34.md,0,
Ho-05_0335,typoglyphs/36_glyphs/t36_l03g35.png,keywords/36_keywords/t36_l03g35.md,0,
Ho-05_0336,typoglyphs/36_glyphs/t36_l03g36.png,keywords/36_keywords/t36_l03g36.md,0,
Ho-05_0401,typoglyphs/36_glyphs/t36_l04g01.png,keywords/36_keywords/t36_l04g01.md,0,
Ho-05_0402,typoglyphs/36_glyphs/t36_l04g02.png,keywords/36_keywords/t36_l04g02.md,0,
Ho-05_0403,typoglyphs/36_glyphs/t36_l04g03.png,keywords/36_keywords/t36_l04g03.md,0,
Ho-05_0404,typoglyphs/36_glyphs/t36_l04g04.png,keywords/36_keywords/t36_l04g04.md,0,
Ho-05_0405,typoglyphs/36_glyphs/t36_l04g05.png,keywords/36_keywords/t36_l04g05.md,0,
Ho-05_0406,typoglyphs/36_glyphs/t36_l04g06.png,keywords/36_keywords/t36_l04g06.md,0,
Ho-05_0407,typoglyphs/36_glyphs/t36_l04g07.png,keywords/36_keywords/t36_l04g07.md,0,
Ho-05_0408,typoglyphs/36_glyphs/t36_l04g08.png,keywords/36_keywords/t36_l04g08.md,0,
Ho-05_0409,typoglyphs/36_glyphs/t36_l04g09.png,keywords/36_keywords/t36_l04g09.md,0,
Ho-05_0410,typoglyphs/36_glyphs/t36_l04g10.png,keywords/36_keywords/t36_l04g10.md,0,
Ho-05_0411,typoglyphs/36_glyphs/t36_l04g11.png,keywords/36_keywords/t36_l04g11.md,0,
Ho-06_0101,typoglyphs/37_glyphs/t37_l01g01.png,keywords/37_keywords/t37_l01g01.md,0,
Ho-06_0102,typoglyphs/37_glyphs/t37_l01g02.png,keywords/37_keywords/t37_l01g02.md,0,
Ho-06_0103,typoglyphs/37_glyphs/t37_l01g03.png,keywords/37_keywords/t37_l01g03.md,0,
Ho-06_0104,typoglyphs/37_glyphs/t37_l01g04.png,keywords/37_keywords/t37_l01g04.md,0,
Ho-06_0105,typoglyphs/37_glyphs/t37_l01g05.png,keywords/37_keywords/t37_l01g05.md,0,
Ho-06_0106,typoglyphs/37_glyphs/t37_l01g06.png,keywords/37_keywords/t37_l01g06.md,0,
Ho-06_0107,typoglyphs/37_glyphs/t37_l01g07.png,keywords/37_keywords/t37_l01g07.md,0,
Ho-06_0108,typoglyphs/37_glyphs/t37_l01g08.png,keywords/37_keywords/t37_l01g08.md,0,
Ho-06_0109,typoglyphs/37_glyphs/t37_l01g09.png,keywords/37_keywords/t37_l01g09.md,0,
Ho-06_0110,typoglyphs/37_glyphs/t37_l01g10.png,keywords/37_keywords/t37_l01g10.md,0,
Ho-06_0111,typoglyphs/37_glyphs/t37_l01g11.png,keywords/37_keywords/t37_l01g11.md,0,
Ho-06_0112,typoglyphs/37_glyphs/t37_l01g12.png,keywords/37_keywords/t37_l01g12.md,0,
Ho-06_0113,typoglyphs/37_glyphs/t37_l01g13.png,keywords/37_keywords/t37_l01g13.md,0,
Ho-06_0114,typoglyphs/37_glyphs/t37_l01g14.png,keywords/37_keywords/t37_l01g14.md,0,
Ho-06_0115,typoglyphs/37_glyphs/t37_l01g15.png,keywords/37_keywords/t37_l01g15.md,0,
Ho-06_0116,typoglyphs/37_glyphs/t37_l01g16.png,keywords/37_keywords/t37_l01g16.md,0,
Ho-06_0117,typoglyphs/37_glyphs/t37_l01g17.png,keywords/37_keywords/t37_l01g17.md,0,
Ho-06_0118,typoglyphs/37_glyphs/t37_l01g18.png,keywords/37_keywords/t37_l01g18.md,0,
Ho-06_0119,typoglyphs/37_glyphs/t37_l01g19.png,keywords/37_keywords/t37_l01g19.md,0,
Ho-06_0120,typoglyphs/37_glyphs/t37_l01g20.png,keywords/37_keywords/t37_l01g20.md,0,
Ho-06_0121,typoglyphs/37_glyphs/t37_l01g21.png,keywords/37_keywords/t37_l01g21.md,0,
Ho-06_0122,typoglyphs/37_glyphs/t37_l01g22.png,keywords/37_keywords/t37_l01g22.md,0,
Ho-06_0123,typoglyphs/37_glyphs/t37_l01g23.png,keywords/37_keywords/t37_l01g23.md,0,
Ho-06_0124,typoglyphs/37_glyphs/t37_l01g24.png,keywords/37_keywords/t37_l01g24.md,0,
Ho-06_0125,typoglyphs/37_glyphs/t37_l01g25.png,keywords/37_keywords/t37_l01g25.md,0,
Ho-06_0201,typoglyphs/37_glyphs/t37_l02g01.png,keywords/37_keywords/t37_l02g01.md,0,
Ho-06_0202,typoglyphs/37_glyphs/t37_l02g02.png,keywords/37_keywords/t37_l02g02.md,0,
Ho-06_0203,typoglyphs/37_glyphs/t37_l02g03.png,keywords/37_keywords/t37_l02g03.md,0,
Ho-06_0204,typoglyphs/37_glyphs/t37_l02g04.png,keywords/37_keywords/t37_l02g04.md,0,
Ho-06_0205,typoglyphs/37_glyphs/t37_l02g05.png,keywords/37_keywords/t37_l02g05.md,0,
Ho-06_0206,typoglyphs/37_glyphs/t37_l02g06.png,keywords/37_keywords/t37_l02g06.md,0,
Ho-06_0207,typoglyphs/37_glyphs/t37_l02g07.png,keywords/37_keywords/t37_l02g07.md,0,
Ho-06_0208,typoglyphs/37_glyphs/t37_l02g08.png,keywords/37_keywords/t37_l02g08.md,0,
Ho-06_0209,typoglyphs/37_glyphs/t37_l02g09.png,keywords/37_keywords/t37_l02g09.md,0,
Ho-06_0210,typoglyphs/37_glyphs/t37_l02g10.png,keywords/37_keywords/t37_l02g10.md,0,
Ho-06_0211,typoglyphs/37_glyphs/t37_l02g11.png,keywords/37_keywords/t37_l02g11.md,0,
Ho-06_0212,typoglyphs/37_glyphs/t37_l02g12.png,keywords/37_keywords/t37_l02g12.md,0,
Ho-06_0213,typoglyphs/37_glyphs/t37_l02g13.png,keywords/37_keywords/t37_l02g13.md,0,
Ho-06_0214,typoglyphs/37_glyphs/t37_l02g14.png,keywords/37_keywords/t37_l02g14.md,0,
Ho-06_0215,typoglyphs/37_glyphs/t37_l02g15.png,keywords/37_keywords/t37_l02g15.md,0,
Ho-06_0216,typoglyphs/37_glyphs/t37_l02g16.png,keywords/37_keywords/t37_l02g16.md,0,
Ho-06_0217,typoglyphs/37_glyphs/t37_l02g17.png,keywords/37_keywords/t37_l02g17.md,0,
Ho-06_0218,typoglyphs/37_glyphs/t37_l02g18.png,keywords/37_keywords/t37_l02g18.md,0,
Ho-06_0219,typoglyphs/37_glyphs/t37_l02g19.png,keywords/37_keywords/t37_l02g19.md,0,
Ho-06_0220,typoglyphs/37_glyphs/t37_l02g20.png,keywords/37_keywords/t37_l02g20.md,0,
Ho-06_0221,typoglyphs/37_glyphs/t37_l02g21.png,keywords/37_keywords/t37_l02g21.md,0,
Ho-06_0222,typoglyphs/37_glyphs/t37_l02g22.png,keywords/37_keywords/t37_l02g22.md,0,
Ho-06_0223,typoglyphs/37_glyphs/t37_l02g23.png,keywords/37_keywords/t37_l02g23.md,0,
Ho-06_0224,typoglyphs/37_glyphs/t37_l02g24.png,keywords/37_keywords/t37_l02g24.md,0,
Ho-06_0225,typoglyphs/37_glyphs/t37_l02g25.png,keywords/37_keywords/t37_l02g25.md,0,
Ho-06_0226,typoglyphs/37_glyphs/t37_l02g26.png,keywords/37_keywords/t37_l02g26.md,0,
Ho-06_0227,typoglyphs/37_glyphs/t37_l02g27.png,keywords/37_keywords/t37_l02g27.md,0,
Ho-06_0228,typoglyphs/37_glyphs/t37_l02g28.png,keywords/37_keywords/t37_l02g28.md,0,
Ho-06_0229,typoglyphs/37_glyphs/t37_l02g29.png,keywords/37_keywords/t37_l02g29.md,0,
Ho-06_0230,typoglyphs/37_glyphs/t37_l02g30.png,keywords/37_keywords/t37_l02g30.md,0,
Ho-06_0231,typoglyphs/37_glyphs/t37_l02g31.png,keywords/37_keywords/t37_l02g31.md,0,
Ho-06_0232,typoglyphs/37_glyphs/t37_l02g32.png,keywords/37_keywords/t37_l02g32.md,0,
Ho-06_0233,typoglyphs/37_glyphs/t37_l02g33.png,keywords/37_keywords/t37_l02g33.md,0,
Ho-06_0234,typoglyphs/37_glyphs/t37_l02g34.png,keywords/37_keywords/t37_l02g34.md,0,
Ho-06_0235,typoglyphs/37_glyphs/t37_l02g35.png,keywords/37_keywords/t37_l02g35.md,0,
Ho-06_0236,typoglyphs/37_glyphs/t37_l02g36.png,keywords/37_keywords/t37_l02g36.md,0,
Ho-06_0237,typoglyphs/37_glyphs/t37_l02g37.png,keywords/37_keywords/t37_l02g37.md,0,
Ho-06_0238,typoglyphs/37_glyphs/t37_l02g38.png,keywords/37_keywords/t37_l02g38.md,0,
Ho-06_0239,typoglyphs/37_glyphs/t37_l02g39.png,keywords/37_keywords/t37_l02g39.md,0,
Ho-06_0301,typoglyphs/37_glyphs/t37_l03g01.png,keywords/37_keywords/t37_l03g01.md,0,
Ho-06_0302,typoglyphs/37_glyphs/t37_l03g02.png,keywords/37_keywords/t37_l03g02.md,0,
Ho-06_0303,typoglyphs/37_glyphs/t37_l03g03.png,keywords/37_keywords/t37_l03g03.md,0,
Ho-06_0304,typoglyphs/37_glyphs/t37_l03g04.png,keywords/37_keywords/t37_l03g04.md,0,
Ho-06_0305,typoglyphs/37_glyphs/t37_l03g05.png,keywords/37_keywords/t37_l03g05.md,0,
Ho-06_0306,typoglyphs/37_glyphs/t37_l03g06.png,keywords/37_keywords/t37_l03g06.md,0,
Ho-06_0307,typoglyphs/37_glyphs/t37_l03g07.png,keywords/37_keywords/t37_l03g07.md,0,
Ho-06_0308,typoglyphs/37_glyphs/t37_l03g08.png,keywords/37_keywords/t37_l03g08.md,0,
Ho-06_0309,typoglyphs/37_glyphs/t37_l03g09.png,keywords/37_keywords/t37_l03g09.md,0,
Ho-06_0310,typoglyphs/37_glyphs/t37_l03g10.png,keywords/37_keywords/t37_l03g10.md,0,
Ho-06_0311,typoglyphs/37_glyphs/t37_l03g11.png,keywords/37_keywords/t37_l03g11.md,0,
Ho-06_0312,typoglyphs/37_glyphs/t37_l03g12.png,keywords/37_keywords/t37_l03g12.md,0,
Ho-06_0313,typoglyphs/37_glyphs/t37_l03g13.png,keywords/37_keywords/t37_l03g13.md,0,
Ho-06_0314,typoglyphs/37_glyphs/t37_l03g14.png,keywords/37_keywords/t37_l03g14.md,0,
Ho-06_0315,typoglyphs/37_glyphs/t37_l03g15.png,keywords/37_keywords/t37_l03g15.md,0,
Ho-06_0316,typoglyphs/37_glyphs/t37_l03g16.png,keywords/37_keywords/t37_l03g16.md,0,
Ho-06_0317,typoglyphs/37_glyphs/t37_l03g17.png,keywords/37_keywords/t37_l03g17.md,0,
Ho-06_0318,typoglyphs/37_glyphs/t37_l03g18.png,keywords/37_keywords/t37_l03g18.md,0,
Ho-06_0319,typoglyphs/37_glyphs/t37_l03g19.png,keywords/37_keywords/t37_l03g19.md,0,
Ho-06_0320,typoglyphs/37_glyphs/t37_l03g20.png,keywords/37_keywords/t37_l03g20.md,0,
Ho-06_0321,typoglyphs/37_glyphs/t37_l03g21.png,keywords/37_keywords/t37_l03g21.md,0,
Ho-06_0322,typoglyphs/37_glyphs/t37_l03g22.png,keywords/37_keywords/t37_l03g22.md,0,
Ho-06_0323,typoglyphs/37_glyphs/t37_l03g23.png,keywords/37_keywords/t37_l03g23.md,0,
Ho-06_0324,typoglyphs/37_glyphs/t37_l03g24.png,keywords/37_keywords/t37_l03g24.md,0,
Ho-06_0325,typoglyphs/37_glyphs/t37_l03g25.png,keywords/37_keywords/t37_l03g25.md,0,
Ho-06_0326,typoglyphs/37_glyphs/t37_l03g26.png,keywords/37_keywords/t37_l03g26.md,0,
Ho-06_0327,typoglyphs/37_glyphs/t37_l03g27.png,keywords/37_keywords/t37_l03g27.md,0,
Ho-06_0328,typoglyphs/37_glyphs/t37_l03g28.png,keywords/37_keywords/t37_l03g28.md,0,
Ho-06_0329,typoglyphs/37_glyphs/t37_l03g29.png,keywords/37_keywords/t37_l03g29.md,0,
Ho-06_0330,typoglyphs/37_glyphs/t37_l03g30.png,keywords/37_keywords/t37_l03g30.md,0,
Ho-06_0331,typoglyphs/37_glyphs/t37_l03g31.png,keywords/37_keywords/t37_l03g31.md,0,
Ho-06_0332,typoglyphs/37_glyphs/t37_l03g32.png,keywords/37_keywords/t37_l03g32.md,0,
Ho-06_0333,typoglyphs/37_glyphs/t37_l03g33.png,keywords/37_keywords/t37_l03g33.md,1,descriptions/37_descriptions/t37_l03g33.md
Ho-06_0334,typoglyphs/37_glyphs/t37_l03g34.png,keywords/37_keywords/t37_l03g34.md,0,
Ho-06_0335,typoglyphs/37_glyphs/t37_l03g35.png,keywords/37_keywords/t37_l03g35.md,0,
Ho-06_0336,typoglyphs/37_glyphs/t37_l03g36.png,keywords/37_keywords/t37_l03g36.md,0,
Ho-06_0337,typoglyphs/37_glyphs/t37_l03g37.png,keywords/37_keywords/t37_l03g37.md,0,
Ho-06_0401,typoglyphs/37_glyphs/t37_l04g01.png,keywords/37_keywords/t37_l04g01.md,0,
Ho-06_0402,typoglyphs/37_glyphs/t37_l04g02.png,keywords/37_keywords/t37_l04g02.md,0,
Ho-06_0403,typoglyphs/37_glyphs/t37_l04g03.png,keywords/37_keywords/t37_l04g03.md,0,
Ho-06_0404,typoglyphs/37_glyphs/t37_l04g04.png,keywords/37_keywords/t37_l04g04.md,0,
Ho-06_0405,typoglyphs/37_glyphs/t37_l04g05.png,keywords/37_keywords/t37_l04g05.md,0,
Ho-06_0406,typoglyphs/37_glyphs/t37_l04g06.png,keywords/37_keywords/t37_l04g06.md,0,
Ho-06_0407,typoglyphs/37_glyphs/t37_l04g07.png,keywords/37_keywords/t37_l04g07.md,0,
Ho-06_0408,typoglyphs/37_glyphs/t37_l04g08.png,keywords/37_keywords/t37_l04g08.md,0,
Ho-06_0409,typoglyphs/37_glyphs/t37_l04g09.png,keywords/37_keywords/t37_l04g09.md,0,
Ho-06_0410,typoglyphs/37_glyphs/t37_l04g10.png,keywords/37_keywords/t37_l04g10.md,0,
Ho-06_0411,typoglyphs/37_glyphs/t37_l04g11.png,keywords/37_keywords/t37_l04g11.md,0,
Ho-06_0412,typoglyphs/37_glyphs/t37_l04g12.png,keywords/37_keywords/t37_l04g12.md,0,
Ho-07_0101,typoglyphs/38_glyphs/t38_l01g01.png,keywords/38_keywords/t38_l01g01.md,0,
Ho-07_0102,typoglyphs/38_glyphs/t38_l01g02.png,keywords/38_keywords/t38_l01g02.md,0,
Ho-07_0103,typoglyphs/38_glyphs/t38_l01g03.png,keywords/38_keywords/t38_l01g03.md,0,
Ho-07_0104,typoglyphs/38_glyphs/t38_l01g04.png,keywords/38_keywords/t38_l01g04.md,0,
Ho-07_0105,typoglyphs/38_glyphs/t38_l01g05.png,keywords/38_keywords/t38_l01g05.md,0,
Ho-07_0106,typoglyphs/38_glyphs/t38_l01g06.png,keywords/38_keywords/t38_l01g06.md,0,
Ho-07_0107,typoglyphs/38_glyphs/t38_l01g07.png,keywords/38_keywords/t38_l01g07.md,0,
Ho-07_0108,typoglyphs/38_glyphs/t38_l01g08.png,keywords/38_keywords/t38_l01g08.md,0,
Ho-07_0109,typoglyphs/38_glyphs/t38_l01g09.png,keywords/38_keywords/t38_l01g09.md,0,
Ho-07_0110,typoglyphs/38_glyphs/t38_l01g10.png,keywords/38_keywords/t38_l01g10.md,0,
Ho-07_0111,typoglyphs/38_glyphs/t38_l01g11.png,keywords/38_keywords/t38_l01g11.md,0,
Ho-07_0112,typoglyphs/38_glyphs/t38_l01g12.png,keywords/38_keywords/t38_l01g12.md,0,
Ho-07_0113,typoglyphs/38_glyphs/t38_l01g13.png,keywords/38_keywords/t38_l01g13.md,0,
Ho-07_0114,typoglyphs/38_glyphs/t38_l01g14.png,keywords/38_keywords/t38_l01g14.md,0,
Ho-07_0115,typoglyphs/38_glyphs/t38_l01g15.png,keywords/38_keywords/t38_l01g15.md,0,
Ho-07_0116,typoglyphs/38_glyphs/t38_l01g16.png,keywords/38_keywords/t38_l01g16.md,0,
Ho-07_0117,typoglyphs/38_glyphs/t38_l01g17.png,keywords/38_keywords/t38_l01g17.md,0,
Ho-07_0118,typoglyphs/38_glyphs/t38_l01g18.png,keywords/38_keywords/t38_l01g18.md,0,
Ho-07_0119,typoglyphs/38_glyphs/t38_l01g19.png,keywords/38_keywords/t38_l01g19.md,0,
Ho-07_0120,typoglyphs/38_glyphs/t38_l01g20.png,keywords/38_keywords/t38_l01g20.md,0,
Ho-07_0121,typoglyphs/38_glyphs/t38_l01g21.png,keywords/38_keywords/t38_l01g21.md,0,
Ho-07_0122,typoglyphs/38_glyphs/t38_l01g22.png,keywords/38_keywords/t38_l01g22.md,0,
Ho-07_0123,typoglyphs/38_glyphs/t38_l01g23.png,keywords/38_keywords/t38_l01g23.md,0,
Ho-07_0124,typoglyphs/38_glyphs/t38_l01g24.png,keywords/38_keywords/t38_l01g24.md,0,
Ho-07_0125,typoglyphs/38_glyphs/t38_l01g25.png,keywords/38_keywords/t38_l01g25.md,0,
Ho-07_0201,typoglyphs/38_glyphs/t38_l02g01.png,keywords/38_keywords/t38_l02g01.md,0,
Ho-07_0202,typoglyphs/38_glyphs/t38_l02g02.png,keywords/38_keywords/t38_l02g02.md,0,
Ho-07_0203,typoglyphs/38_glyphs/t38_l02g03.png,keywords/38_keywords/t38_l02g03.md,0,
Ho-07_0204,typoglyphs/38_glyphs/t38_l02g04.png,keywords/38_keywords/t38_l02g04.md,0,
Ho-07_0205,typoglyphs/38_glyphs/t38_l02g05.png,keywords/38_keywords/t38_l02g05.md,0,
Ho-07_0206,typoglyphs/38_glyphs/t38_l02g06.png,keywords/38_keywords/t38_l02g06.md,0,
Ho-07_0207,typoglyphs/38_glyphs/t38_l02g07.png,keywords/38_keywords/t38_l02g07.md,0,
Ho-07_0208,typoglyphs/38_glyphs/t38_l02g08.png,keywords/38_keywords/t38_l02g08.md,0,
Ho-07_0209,typoglyphs/38_glyphs/t38_l02g09.png,keywords/38_keywords/t38_l02g09.md,0,
Ho-07_0210,typoglyphs/38_glyphs/t38_l02g10.png,keywords/38_keywords/t38_l02g10.md,0,
Ho-07_0211,typoglyphs/38_glyphs/t38_l02g11.png,keywords/38_keywords/t38_l02g11.md,0,
Ho-07_0212,typoglyphs/38_glyphs/t38_l02g12.png,keywords/38_keywords/t38_l02g12.md,0,
Ho-07_0213,typoglyphs/38_glyphs/t38_l02g13.png,keywords/38_keywords/t38_l02g13.md,0,
Ho-07_0214,typoglyphs/38_glyphs/t38_l02g14.png,keywords/38_keywords/t38_l02g14.md,0,
Ho-07_0215,typoglyphs/38_glyphs/t38_l02g15.png,keywords/38_keywords/t38_l02g15.md,0,
Ho-07_0216,typoglyphs/38_glyphs/t38_l02g16.png,keywords/38_keywords/t38_l02g16.md,0,
Ho-07_0217,typoglyphs/38_glyphs/t38_l02g17.png,keywords/38_keywords/t38_l02g17.md,0,
Ho-07_0218,typoglyphs/38_glyphs/t38_l02g18.png,keywords/38_keywords/t38_l02g18.md,0,
Ho-07_0219,typoglyphs/38_glyphs/t38_l02g19.png,keywords/38_keywords/t38_l02g19.md,0,
Ho-07_0220,typoglyphs/38_glyphs/t38_l02g20.png,keywords/38_keywords/t38_l02g20.md,0,
Ho-07_0221,typoglyphs/38_glyphs/t38_l02g21.png,keywords/38_keywords/t38_l02g21.md,0,
Ho-07_0222,typoglyphs/38_glyphs/t38_l02g22.png,keywords/38_keywords/t38_l02g22.md,0,
Ho-07_0223,typoglyphs/38_glyphs/t38_l02g23.png,keywords/38_keywords/t38_l02g23.md,0,
Ho-07_0224,typoglyphs/38_glyphs/t38_l02g24.png,keywords/38_keywords/t38_l02g24.md,0,
Ho-07_0225,typoglyphs/38_glyphs/t38_l02g25.png,keywords/38_keywords/t38_l02g25.md,0,
Ho-07_0226,typoglyphs/38_glyphs/t38_l02g26.png,keywords/38_keywords/t38_l02g26.md,0,
Ho-07_0227,typoglyphs/38_glyphs/t38_l02g27.png,keywords/38_keywords/t38_l02g27.md,0,
Ho-07_0228,typoglyphs/38_glyphs/t38_l02g28.png,keywords/38_keywords/t38_l02g28.md,0,
Ho-07_0229,typoglyphs/38_glyphs/t38_l02g29.png,keywords/38_keywords/t38_l02g29.md,0,
Ho-07_0230,typoglyphs/38_glyphs/t38_l02g30.png,keywords/38_keywords/t38_l02g30.md,0,
Ho-07_0231,typoglyphs/38_glyphs/t38_l02g31.png,keywords/38_keywords/t38_l02g31.md,0,
Ho-07_0232,typoglyphs/38_glyphs/t38_l02g32.png,keywords/38_keywords/t38_l02g32.md,0,
Ho-07_0233,typoglyphs/38_glyphs/t38_l02g33.png,keywords/38_keywords/t38_l02g33.md,0,
Ho-07_0234,typoglyphs/38_glyphs/t38_l02g34.png,keywords/38_keywords/t38_l02g34.md,0,
Ho-07_0235,typoglyphs/38_glyphs/t38_l02g35.png,keywords/38_keywords/t38_l02g35.md,0,
Ho-07_0236,typoglyphs/38_glyphs/t38_l02g36.png,keywords/38_keywords/t38_l02g36.md,0,
Ho-07_0237,typoglyphs/38_glyphs/t38_l02g37.png,keywords/38_keywords/t38_l02g37.md,0,
Ho-07_0238,typoglyphs/38_glyphs/t38_l02g38.png,keywords/38_keywords/t38_l02g38.md,0,
Ho-07_0239,typoglyphs/38_glyphs/t38_l02g39.png,keywords/38_keywords/t38_l02g39.md,0,
Ho-07_0240,typoglyphs/38_glyphs/t38_l02g40.png,keywords/38_keywords/t38_l02g40.md,0,
Ho-07_0241,typoglyphs/38_glyphs/t38_l02g41.png,keywords/38_keywords/t38_l02g41.md,0,
Ho-07_0242,typoglyphs/38_glyphs/t38_l02g42.png,keywords/38_keywords/t38_l02g42.md,0,
Ho-07_0243,typoglyphs/38_glyphs/t38_l02g43.png,keywords/38_keywords/t38_l02g43.md,0,
Ho-07_0244,typoglyphs/38_glyphs/t38_l02g44.png,keywords/38_keywords/t38_l02g44.md,0,
Ho-07_0301,typoglyphs/38_glyphs/t38_l03g01.png,keywords/38_keywords/t38_l03g01.md,0,
Ho-07_0302,typoglyphs/38_glyphs/t38_l03g02.png,keywords/38_keywords/t38_l03g02.md,0,
Ho-07_0303,typoglyphs/38_glyphs/t38_l03g03.png,keywords/38_keywords/t38_l03g03.md,0,
Ho-07_0304,typoglyphs/38_glyphs/t38_l03g04.png,keywords/38_keywords/t38_l03g04.md,0,
Ho-07_0305,typoglyphs/38_glyphs/t38_l03g05.png,keywords/38_keywords/t38_l03g05.md,0,
Ho-07_0306,typoglyphs/38_glyphs/t38_l03g06.png,keywords/38_keywords/t38_l03g06.md,0,
Ho-07_0307,typoglyphs/38_glyphs/t38_l03g07.png,keywords/38_keywords/t38_l03g07.md,0,
Ho-07_0308,typoglyphs/38_glyphs/t38_l03g08.png,keywords/38_keywords/t38_l03g08.md,0,
Ho-07_0309,typoglyphs/38_glyphs/t38_l03g09.png,keywords/38_keywords/t38_l03g09.md,0,
Ho-07_0310,typoglyphs/38_glyphs/t38_l03g10.png,keywords/38_keywords/t38_l03g10.md,0,
Ho-07_0311,typoglyphs/38_glyphs/t38_l03g11.png,keywords/38_keywords/t38_l03g11.md,0,
Ho-07_0312,typoglyphs/38_glyphs/t38_l03g12.png,keywords/38_keywords/t38_l03g12.md,0,
Ho-07_0313,typoglyphs/38_glyphs/t38_l03g13.png,keywords/38_keywords/t38_l03g13.md,0,
Ho-07_0314,typoglyphs/38_glyphs/t38_l03g14.png,keywords/38_keywords/t38_l03g14.md,0,
Ho-07_0315,typoglyphs/38_glyphs/t38_l03g15.png,keywords/38_keywords/t38_l03g15.md,0,
Ho-07_0316,typoglyphs/38_glyphs/t38_l03g16.png,keywords/38_keywords/t38_l03g16.md,0,
Ho-07_0317,typoglyphs/38_glyphs/t38_l03g17.png,keywords/38_keywords/t38_l03g17.md,0,
Ho-07_0318,typoglyphs/38_glyphs/t38_l03g18.png,keywords/38_keywords/t38_l03g18.md,0,
Ho-07_0319,typoglyphs/38_glyphs/t38_l03g19.png,keywords/38_keywords/t38_l03g19.md,0,
Ho-07_0320,typoglyphs/38_glyphs/t38_l03g20.png,keywords/38_keywords/t38_l03g20.md,0,
Ho-07_0321,typoglyphs/38_glyphs/t38_l03g21.png,keywords/38_keywords/t38_l03g21.md,0,
Ho-07_0322,typoglyphs/38_glyphs/t38_l03g22.png,keywords/38_keywords/t38_l03g22.md,0,
Ho-07_0323,typoglyphs/38_glyphs/t38_l03g23.png,keywords/38_keywords/t38_l03g23.md,0,
Ho-07_0324,typoglyphs/38_glyphs/t38_l03g24.png,keywords/38_keywords/t38_l03g24.md,0,
Ho-07_0325,typoglyphs/38_glyphs/t38_l03g25.png,keywords/38_keywords/t38_l03g25.md,0,
Ho-07_0326,typoglyphs/38_glyphs/t38_l03g26.png,keywords/38_keywords/t38_l03g26.md,0,
Ho-07_0327,typoglyphs/38_glyphs/t38_l03g27.png,keywords/38_keywords/t38_l03g27.md,0,
Ho-07_0328,typoglyphs/38_glyphs/t38_l03g28.png,keywords/38_keywords/t38_l03g28.md,0,
Ho-07_0329,typoglyphs/38_glyphs/t38_l03g29.png,keywords/38_keywords/t38_l03g29.md,0,
Ho-07_0330,typoglyphs/38_glyphs/t38_l03g30.png,keywords/38_keywords/t38_l03g30.md,0,
Ho-07_0331,typoglyphs/38_glyphs/t38_l03g31.png,keywords/38_keywords/t38_l03g31.md,0,
Ho-07_0332,typoglyphs/38_glyphs/t38_l03g32.png,keywords/38_keywords/t38_l03g32.md,0,
Ho-07_0333,typoglyphs/38_glyphs/t38_l03g33.png,keywords/38_keywords/t38_l03g33.md,0,
Ho-07_0334,typoglyphs/38_glyphs/t38_l03g34.png,keywords/38_keywords/t38_l03g34.md,0,
Ho-07_0335,typoglyphs/38_glyphs/t38_l03g35.png,keywords/38_keywords/t38_l03g35.md,0,
Ho-07_0336,typoglyphs/38_glyphs/t38_l03g36.png,keywords/38_keywords/t38_l03g36.md,0,
Ho-07_0337,typoglyphs/38_glyphs/t38_l03g37.png,keywords/38_keywords/t38_l03g37.md,0,
Ho-07_0338,typoglyphs/38_glyphs/t38_l03g38.png,keywords/38_keywords/t38_l03g38.md,0,
Ho-07_0339,typoglyphs/38_glyphs/t38_l03g39.png,keywords/38_keywords/t38_l03g39.md,0,
Ho-07_0340,typoglyphs/38_glyphs/t38_l03g40.png,keywords/38_keywords/t38_l03g40.md,0,
Ho-09_0101,typoglyphs/39_glyphs/t39_l01g01.png,keywords/39_keywords/t39_l01g01.md,0,
Ho-09_0102,typoglyphs/39_glyphs/t39_l01g02.png,keywords/39_keywords/t39_l01g02.md,0,
Ho-09_0103,typoglyphs/39_glyphs/t39_l01g03.png,keywords/39_keywords/t39_l01g03.md,0,
Ho-09_0104,typoglyphs/39_glyphs/t39_l01g04.png,keywords/39_keywords/t39_l01g04.md,0,
Ho-09_0105,typoglyphs/39_glyphs/t39_l01g05.png,keywords/39_keywords/t39_l01g05.md,0,
Ho-09_0106,typoglyphs/39_glyphs/t39_l01g06.png,keywords/39_keywords/t39_l01g06.md,0,
Ho-09_0107,typoglyphs/39_glyphs/t39_l01g07.png,keywords/39_keywords/t39_l01g07.md,0,
Ho-09_0108,typoglyphs/39_glyphs/t39_l01g08.png,keywords/39_keywords/t39_l01g08.md,0,
Ho-09_0109,typoglyphs/39_glyphs/t39_l01g09.png,keywords/39_keywords/t39_l01g09.md,0,
Ho-09_0110,typoglyphs/39_glyphs/t39_l01g10.png,keywords/39_keywords/t39_l01g10.md,0,
Ho-09_0111,typoglyphs/39_glyphs/t39_l01g11.png,keywords/39_keywords/t39_l01g11.md,0,
Ho-09_0112,typoglyphs/39_glyphs/t39_l01g12.png,keywords/39_keywords/t39_l01g12.md,0,
Ho-09_0113,typoglyphs/39_glyphs/t39_l01g13.png,keywords/39_keywords/t39_l01g13.md,0,
Ho-09_0114,typoglyphs/39_glyphs/t39_l01g14.png,keywords/39_keywords/t39_l01g14.md,0,
Ho-09_0115,typoglyphs/39_glyphs/t39_l01g15.png,keywords/39_keywords/t39_l01g15.md,0,
Ho-09_0116,typoglyphs/39_glyphs/t39_l01g16.png,keywords/39_keywords/t39_l01g16.md,0,
Ho-09_0117,typoglyphs/39_glyphs/t39_l01g17.png,keywords/39_keywords/t39_l01g17.md,0,
Ho-09_0118,typoglyphs/39_glyphs/t39_l01g18.png,keywords/39_keywords/t39_l01g18.md,0,
Ho-09_0119,typoglyphs/39_glyphs/t39_l01g19.png,keywords/39_keywords/t39_l01g19.md,0,
Ho-09_0120,typoglyphs/39_glyphs/t39_l01g20.png,keywords/39_keywords/t39_l01g20.md,0,
Ho-09_0121,typoglyphs/39_glyphs/t39_l01g21.png,keywords/39_keywords/t39_l01g21.md,0,
Ho-09_0201,typoglyphs/39_glyphs/t39_l02g01.png,keywords/39_keywords/t39_l02g01.md,0,
Ho-09_0202,typoglyphs/39_glyphs/t39_l02g02.png,keywords/39_keywords/t39_l02g02.md,0,
Ho-09_0203,typoglyphs/39_glyphs/t39_l02g03.png,keywords/39_keywords/t39_l02g03.md,0,
Ho-09_0204,typoglyphs/39_glyphs/t39_l02g04.png,keywords/39_keywords/t39_l02g04.md,0,
Ho-09_0205,typoglyphs/39_glyphs/t39_l02g05.png,keywords/39_keywords/t39_l02g05.md,0,
Ho-09_0206,typoglyphs/39_glyphs/t39_l02g06.png,keywords/39_keywords/t39_l02g06.md,0,
Ho-09_0207,typoglyphs/39_glyphs/t39_l02g07.png,keywords/39_keywords/t39_l02g07.md,0,
Ho-09_0208,typoglyphs/39_glyphs/t39_l02g08.png,keywords/39_keywords/t39_l02g08.md,0,
Ho-09_0209,typoglyphs/39_glyphs/t39_l02g09.png,keywords/39_keywords/t39_l02g09.md,0,
Ho-09_0210,typoglyphs/39_glyphs/t39_l02g10.png,keywords/39_keywords/t39_l02g10.md,0,
Ho-09_0211,typoglyphs/39_glyphs/t39_l02g11.png,keywords/39_keywords/t39_l02g11.md,0,
Ho-09_0212,typoglyphs/39_glyphs/t39_l02g12.png,keywords/39_keywords/t39_l02g12.md,0,
Ho-09_0213,typoglyphs/39_glyphs/t39_l02g13.png,keywords/39_keywords/t39_l02g13.md,0,
Ho-09_0214,typoglyphs/39_glyphs/t39_l02g14.png,keywords/39_keywords/t39_l02g14.md,0,
Ho-09_0215,typoglyphs/39_glyphs/t39_l02g15.png,keywords/39_keywords/t39_l02g15.md,0,
Ho-09_0216,typoglyphs/39_glyphs/t39_l02g16.png,keywords/39_keywords/t39_l02g16.md,0,
Ho-09_0217,typoglyphs/39_glyphs/t39_l02g17.png,keywords/39_keywords/t39_l02g17.md,0,
Ho-09_0218,typoglyphs/39_glyphs/t39_l02g18.png,keywords/39_keywords/t39_l02g18.md,0,
Ho-09_0219,typoglyphs/39_glyphs/t39_l02g19.png,keywords/39_keywords/t39_l02g19.md,0,
Ho-09_0220,typoglyphs/39_glyphs/t39_l02g20.png,keywords/39_keywords/t39_l02g20.md,0,
Ho-09_0221,typoglyphs/39_glyphs/t39_l02g21.png,keywords/39_keywords/t39_l02g21.md,0,
Ho-09_0222,typoglyphs/39_glyphs/t39_l02g22.png,keywords/39_keywords/t39_l02g22.md,0,
Ho-09_0223,typoglyphs/39_glyphs/t39_l02g23.png,keywords/39_keywords/t39_l02g23.md,0,
Ho-09_0224,typoglyphs/39_glyphs/t39_l02g24.png,keywords/39_keywords/t39_l02g24.md,0,
Ho-09_0225,typoglyphs/39_glyphs/t39_l02g25.png,keywords/39_keywords/t39_l02g25.md,0,
Ho-09_0226,typoglyphs/39_glyphs/t39_l02g26.png,keywords/39_keywords/t39_l02g26.md,0,
Ho-09_0227,typoglyphs/39_glyphs/t39_l02g27.png,keywords/39_keywords/t39_l02g27.md,0,
Ho-09_0228,typoglyphs/39_glyphs/t39_l02g28.png,keywords/39_keywords/t39_l02g28.md,0,
Ho-09_0229,typoglyphs/39_glyphs/t39_l02g29.png,keywords/39_keywords/t39_l02g29.md,0,
Ho-09_0230,typoglyphs/39_glyphs/t39_l02g30.png,keywords/39_keywords/t39_l02g30.md,0,
Ho-09_0231,typoglyphs/39_glyphs/t39_l02g31.png,keywords/39_keywords/t39_l02g31.md,0,
Ho-09_0232,typoglyphs/39_glyphs/t39_l02g32.png,keywords/39_keywords/t39_l02g32.md,0,
Ho-09_0233,typoglyphs/39_glyphs/t39_l02g33.png,keywords/39_keywords/t39_l02g33.md,0,
Ho-09_0301,typoglyphs/39_glyphs/t39_l03g01.png,keywords/39_keywords/t39_l03g01.md,0,
Ho-09_0302,typoglyphs/39_glyphs/t39_l03g02.png,keywords/39_keywords/t39_l03g02.md,0,
Ho-09_0303,typoglyphs/39_glyphs/t39_l03g03.png,keywords/39_keywords/t39_l03g03.md,0,
Ho-09_0304,typoglyphs/39_glyphs/t39_l03g04.png,keywords/39_keywords/t39_l03g04.md,0,
Ho-09_0305,typoglyphs/39_glyphs/t39_l03g05.png,keywords/39_keywords/t39_l03g05.md,0,
Ho-09_0306,typoglyphs/39_glyphs/t39_l03g06.png,keywords/39_keywords/t39_l03g06.md,0,
Ho-09_0307,typoglyphs/39_glyphs/t39_l03g07.png,keywords/39_keywords/t39_l03g07.md,0,
Ho-09_0308,typoglyphs/39_glyphs/t39_l03g08.png,keywords/39_keywords/t39_l03g08.md,0,
Ho-09_0309,typoglyphs/39_glyphs/t39_l03g09.png,keywords/39_keywords/t39_l03g09.md,0,
Ho-09_0310,typoglyphs/39_glyphs/t39_l03g10.png,keywords/39_keywords/t39_l03g10.md,0,
Ho-09_0311,typoglyphs/39_glyphs/t39_l03g11.png,keywords/39_keywords/t39_l03g11.md,0,
Ho-09_0312,typoglyphs/39_glyphs/t39_l03g12.png,keywords/39_keywords/t39_l03g12.md,0,
Ho-09_0313,typoglyphs/39_glyphs/t39_l03g13.png,keywords/39_keywords/t39_l03g13.md,0,
Ho-09_0314,typoglyphs/39_glyphs/t39_l03g14.png,keywords/39_keywords/t39_l03g14.md,0,
Ho-09_0315,typoglyphs/39_glyphs/t39_l03g15.png,keywords/39_keywords/t39_l03g15.md,0,
Ho-09_0316,typoglyphs/39_glyphs/t39_l03g16.png,keywords/39_keywords/t39_l03g16.md,0,
Ho-09_0317,typoglyphs/39_glyphs/t39_l03g17.png,keywords/39_keywords/t39_l03g17.md,0,
Ho-09_0318,typoglyphs/39_glyphs/t39_l03g18.png,keywords/39_keywords/t39_l03g18.md,0,
Ho-09_0319,typoglyphs/39_glyphs/t39_l03g19.png,keywords/39_keywords/t39_l03g19.md,0,
Ho-09_0320,typoglyphs/39_glyphs/t39_l03g20.png,keywords/39_keywords/t39_l03g20.md,0,
Ho-09_0321,typoglyphs/39_glyphs/t39_l03g21.png,keywords/39_keywords/t39_l03g21.md,0,
Ho-09_0322,typoglyphs/39_glyphs/t39_l03g22.png,keywords/39_keywords/t39_l03g22.md,0,
Ho-09_0323,typoglyphs/39_glyphs/t39_l03g23.png,keywords/39_keywords/t39_l03g23.md,0,
Ho-09_0324,typoglyphs/39_glyphs/t39_l03g24.png,keywords/39_keywords/t39_l03g24.md,0,
Ho-09_0325,typoglyphs/39_glyphs/t39_l03g25.png,keywords/39_keywords/t39_l03g25.md,0,
Ho-09_0326,typoglyphs/39_glyphs/t39_l03g26.png,keywords/39_keywords/t39_l03g26.md,0,
Ho-09_0327,typoglyphs/39_glyphs/t39_l03g27.png,keywords/39_keywords/t39_l03g27.md,0,
Ho-09_0328,typoglyphs/39_glyphs/t39_l03g28.png,keywords/39_keywords/t39_l03g28.md,0,
Ho-09_0329,typoglyphs/39_glyphs/t39_l03g29.png,keywords/39_keywords/t39_l03g29.md,0,
Ho-09_0330,typoglyphs/39_glyphs/t39_l03g30.png,keywords/39_keywords/t39_l03g30.md,0,
Ho-09_0401,typoglyphs/39_glyphs/t39_l04g01.png,keywords/39_keywords/t39_l04g01.md,0,
Ho-09_0402,typoglyphs/39_glyphs/t39_l04g02.png,keywords/39_keywords/t39_l04g02.md,0,
Ho-09_0403,typoglyphs/39_glyphs/t39_l04g03.png,keywords/39_keywords/t39_l04g03.md,0,
Ho-09_0404,typoglyphs/39_glyphs/t39_l04g04.png,keywords/39_keywords/t39_l04g04.md,0,
Ho-09_0405,typoglyphs/39_glyphs/t39_l04g05.png,keywords/39_keywords/t39_l04g05.md,0,
Ho-09_0406,typoglyphs/39_glyphs/t39_l04g06.png,keywords/39_keywords/t39_l04g06.md,0,
Ho-09_0407,typoglyphs/39_glyphs/t39_l04g07.png,keywords/39_keywords/t39_l04g07.md,0,
Ho-09_0408,typoglyphs/39_glyphs/t39_l04g08.png,keywords/39_keywords/t39_l04g08.md,0,
Ho-09_0409,typoglyphs/39_glyphs/t39_l04g09.png,keywords/39_keywords/t39_l04g09.md,0,
Ho-09_0410,typoglyphs/39_glyphs/t39_l04g10.png,keywords/39_keywords/t39_l04g10.md,0,
Ho-09_0411,typoglyphs/39_glyphs/t39_l04g11.png,keywords/39_keywords/t39_l04g11.md,0,
Ho-09_0412,typoglyphs/39_glyphs/t39_l04g12.png,keywords/39_keywords/t39_l04g12.md,0,
Ho-09_0413,typoglyphs/39_glyphs/t39_l04g13.png,keywords/39_keywords/t39_l04g13.md,0,
Ho-09_0414,typoglyphs/39_glyphs/t39_l04g14.png,keywords/39_keywords/t39_l04g14.md,0,
Ho-09_0415,typoglyphs/39_glyphs/t39_l04g15.png,keywords/39_keywords/t39_l04g15.md,0,
Ho-09_0416,typoglyphs/39_glyphs/t39_l04g16.png,keywords/39_keywords/t39_l04g16.md,0,
Ho-09_0417,typoglyphs/39_glyphs/t39_l04g17.png,keywords/39_keywords/t39_l04g17.md,0,
Ho-09_0418,typoglyphs/39_glyphs/t39_l04g18.png,keywords/39_keywords/t39_l04g18.md,0,
Ho-09_0419,typoglyphs/39_glyphs/t39_l04g19.png,keywords/39_keywords/t39_l04g19.md,0,
Ho-09_0420,typoglyphs/39_glyphs/t39_l04g20.png,keywords/39_keywords/t39_l04g20.md,0,
Ho-09_0421,typoglyphs/39_glyphs/t39_l04g21.png,keywords/39_keywords/t39_l04g21.md,0,
Ho-09_0422,typoglyphs/39_glyphs/t39_l04g22.png,keywords/39_keywords/t39_l04g22.md,0,
Ho-09_0423,typoglyphs/39_glyphs/t39_l04g23.png,keywords/39_keywords/t39_l04g23.md,0,
Ho-09_0424,typoglyphs/39_glyphs/t39_l04g24.png,keywords/39_keywords/t39_l04g24.md,0,
Ho-09_0425,typoglyphs/39_glyphs/t39_l04g25.png,keywords/39_keywords/t39_l04g25.md,0,
Ho-09_0426,typoglyphs/39_glyphs/t39_l04g26.png,keywords/39_keywords/t39_l04g26.md,0,
Ho-09_0427,typoglyphs/39_glyphs/t39_l04g27.png,keywords/39_keywords/t39_l04g27.md,1,descriptions/39_descriptions/t39_l04g27.md
Ho-10_0101,typoglyphs/40_glyphs/t40_l01g01.png,keywords/40_keywords/t40_l01g01.md,0,
Ho-10_0102,typoglyphs/40_glyphs/t40_l01g02.png,keywords/40_keywords/t40_l01g02.md,0,
Ho-10_0103,typoglyphs/40_glyphs/t40_l01g03.png,keywords/40_keywords/t40_l01g03.md,0,
Ho-10_0104,typoglyphs/40_glyphs/t40_l01g04.png,keywords/40_keywords/t40_l01g04.md,0,
Ho-10_0105,typoglyphs/40_glyphs/t40_l01g05.png,keywords/40_keywords/t40_l01g05.md,0,
Ho-10_0106,typoglyphs/40_glyphs/t40_l01g06.png,keywords/40_keywords/t40_l01g06.md,0,
Ho-10_0107,typoglyphs/40_glyphs/t40_l01g07.png,keywords/40_keywords/t40_l01g07.md,0,
Ho-10_0108,typoglyphs/40_glyphs/t40_l01g08.png,keywords/40_keywords/t40_l01g08.md,0,
Ho-10_0109,typoglyphs/40_glyphs/t40_l01g09.png,keywords/40_keywords/t40_l01g09.md,0,
Ho-10_0110,typoglyphs/40_glyphs/t40_l01g10.png,keywords/40_keywords/t40_l01g10.md,0,
Ho-10_0111,typoglyphs/40_glyphs/t40_l01g11.png,keywords/40_keywords/t40_l01g11.md,0,
Ho-10_0112,typoglyphs/40_glyphs/t40_l01g12.png,keywords/40_keywords/t40_l01g12.md,0,
Ho-10_0113,typoglyphs/40_glyphs/t40_l01g13.png,keywords/40_keywords/t40_l01g13.md,0,
Ho-10_0114,typoglyphs/40_glyphs/t40_l01g14.png,keywords/40_keywords/t40_l01g14.md,0,
Ho-10_0115,typoglyphs/40_glyphs/t40_l01g15.png,keywords/40_keywords/t40_l01g15.md,0,
Ho-10_0116,typoglyphs/40_glyphs/t40_l01g16.png,keywords/40_keywords/t40_l01g16.md,0,
Ho-10_0117,typoglyphs/40_glyphs/t40_l01g17.png,keywords/40_keywords/t40_l01g17.md,0,
Ho-10_0118,typoglyphs/40_glyphs/t40_l01g18.png,keywords/40_keywords/t40_l01g18.md,0,
Ho-10_0119,typoglyphs/40_glyphs/t40_l01g19.png,keywords/40_keywords/t40_l01g19.md,0,
Ho-10_0120,typoglyphs/40_glyphs/t40_l01g20.png,keywords/40_keywords/t40_l01g20.md,0,
Ho-10_0121,typoglyphs/40_glyphs/t40_l01g21.png,keywords/40_keywords/t40_l01g21.md,0,
Ho-10_0122,typoglyphs/40_glyphs/t40_l01g22.png,keywords/40_keywords/t40_l01g22.md,0,
Ho-10_0201,typoglyphs/40_glyphs/t40_l02g01.png,keywords/40_keywords/t40_l02g01.md,0,
Ho-10_0202,typoglyphs/40_glyphs/t40_l02g02.png,keywords/40_keywords/t40_l02g02.md,0,
Ho-10_0203,typoglyphs/40_glyphs/t40_l02g03.png,keywords/40_keywords/t40_l02g03.md,0,
Ho-10_0204,typoglyphs/40_glyphs/t40_l02g04.png,keywords/40_keywords/t40_l02g04.md,0,
Ho-10_0205,typoglyphs/40_glyphs/t40_l02g05.png,keywords/40_keywords/t40_l02g05.md,0,
Ho-10_0206,typoglyphs/40_glyphs/t40_l02g06.png,keywords/40_keywords/t40_l02g06.md,0,
Ho-10_0207,typoglyphs/40_glyphs/t40_l02g07.png,keywords/40_keywords/t40_l02g07.md,0,
Ho-10_0208,typoglyphs/40_glyphs/t40_l02g08.png,keywords/40_keywords/t40_l02g08.md,0,
Ho-10_0209,typoglyphs/40_glyphs/t40_l02g09.png,keywords/40_keywords/t40_l02g09.md,0,
Ho-10_0210,typoglyphs/40_glyphs/t40_l02g10.png,keywords/40_keywords/t40_l02g10.md,0,
Ho-10_0211,typoglyphs/40_glyphs/t40_l02g11.png,keywords/40_keywords/t40_l02g11.md,0,
Ho-10_0212,typoglyphs/40_glyphs/t40_l02g12.png,keywords/40_keywords/t40_l02g12.md,0,
Ho-10_0213,typoglyphs/40_glyphs/t40_l02g13.png,keywords/40_keywords/t40_l02g13.md,0,
Ho-10_0214,typoglyphs/40_glyphs/t40_l02g14.png,keywords/40_keywords/t40_l02g14.md,0,
Ho-10_0215,typoglyphs/40_glyphs/t40_l02g15.png,keywords/40_keywords/t40_l02g15.md,0,
Ho-10_0216,typoglyphs/40_glyphs/t40_l02g16.png,keywords/40_keywords/t40_l02g16.md,0,
Ho-10_0217,typoglyphs/40_glyphs/t40_l02g17.png,keywords/40_keywords/t40_l02g17.md,0,
Ho-10_0218,typoglyphs/40_glyphs/t40_l02g18.png,keywords/40_keywords/t40_l02g18.md,0,
Ho-10_0219,typoglyphs/40_glyphs/t40_l02g19.png,keywords/40_keywords/t40_l02g19.md,0,
Ho-10_0220,typoglyphs/40_glyphs/t40_l02g20.png,keywords/40_keywords/t40_l02g20.md,0,
Ho-10_0221,typoglyphs/40_glyphs/t40_l02g21.png,keywords/40_keywords/t40_l02g21.md,0,
Ho-10_0222,typoglyphs/40_glyphs/t40_l02g22.png,keywords/40_keywords/t40_l02g22.md,0,
Ho-10_0223,typoglyphs/40_glyphs/t40_l02g23.png,keywords/40_keywords/t40_l02g23.md,0,
Ho-10_0224,typoglyphs/40_glyphs/t40_l02g24.png,keywords/40_keywords/t40_l02g24.md,0,
Ho-10_0225,typoglyphs/40_glyphs/t40_l02g25.png,keywords/40_keywords/t40_l02g25.md,0,
Ho-10_0226,typoglyphs/40_glyphs/t40_l02g26.png,keywords/40_keywords/t40_l02g26.md,0,
Ho-10_0227,typoglyphs/40_glyphs/t40_l02g27.png,keywords/40_keywords/t40_l02g27.md,0,
Ho-10_0228,typoglyphs/40_glyphs/t40_l02g28.png,keywords/40_keywords/t40_l02g28.md,0,
Ho-10_0229,typoglyphs/40_glyphs/t40_l02g29.png,keywords/40_keywords/t40_l02g29.md,0,
Ho-10_0230,typoglyphs/40_glyphs/t40_l02g30.png,keywords/40_keywords/t40_l02g30.md,0,
Ho-10_0231,typoglyphs/40_glyphs/t40_l02g31.png,keywords/40_keywords/t40_l02g31.md,0,
Ho-10_0301,typoglyphs/40_glyphs/t40_l03g01.png,keywords/40_keywords/t40_l03g01.md,0,
Ho-10_0302,typoglyphs/40_glyphs/t40_l03g02.png,keywords/40_keywords/t40_l03g02.md,0,
Ho-10_0303,typoglyphs/40_glyphs/t40_l03g03.png,keywords/40_keywords/t40_l03g03.md,0,
Ho-10_0304,typoglyphs/40_glyphs/t40_l03g04.png,keywords/40_keywords/t40_l03g04.md,0,
Ho-10_0305,typoglyphs/40_glyphs/t40_l03g05.png,keywords/40_keywords/t40_l03g05.md,0,
Ho-10_0306,typoglyphs/40_glyphs/t40_l03g06.png,keywords/40_keywords/t40_l03g06.md,0,
Ho-10_0307,typoglyphs/40_glyphs/t40_l03g07.png,keywords/40_keywords/t40_l03g07.md,0,
Ho-10_0308,typoglyphs/40_glyphs/t40_l03g08.png,keywords/40_keywords/t40_l03g08.md,0,
Ho-10_0309,typoglyphs/40_glyphs/t40_l03g09.png,keywords/40_keywords/t40_l03g09.md,0,
Ho-10_0310,typoglyphs/40_glyphs/t40_l03g10.png,keywords/40_keywords/t40_l03g10.md,0,
Ho-10_0311,typoglyphs/40_glyphs/t40_l03g11.png,keywords/40_keywords/t40_l03g11.md,0,
Ho-10_0312,typoglyphs/40_glyphs/t40_l03g12.png,keywords/40_keywords/t40_l03g12.md,0,
Ho-10_0313,typoglyphs/40_glyphs/t40_l03g13.png,keywords/40_keywords/t40_l03g13.md,0,
Ho-10_0314,typoglyphs/40_glyphs/t40_l03g14.png,keywords/40_keywords/t40_l03g14.md,0,
Ho-10_0315,typoglyphs/40_glyphs/t40_l03g15.png,keywords/40_keywords/t40_l03g15.md,0,
Ho-10_0316,typoglyphs/40_glyphs/t40_l03g16.png,keywords/40_keywords/t40_l03g16.md,0,
Ho-10_0317,typoglyphs/40_glyphs/t40_l03g17.png,keywords/40_keywords/t40_l03g17.md,0,
Ho-10_0318,typoglyphs/40_glyphs/t40_l03g18.png,keywords/40_keywords/t40_l03g18.md,0,
Ho-10_0319,typoglyphs/40_glyphs/t40_l03g19.png,keywords/40_keywords/t40_l03g19.md,0,
Ho-10_0320,typoglyphs/40_glyphs/t40_l03g20.png,keywords/40_keywords/t40_l03g20.md,0,
Ho-10_0321,typoglyphs/40_glyphs/t40_l03g21.png,keywords/40_keywords/t40_l03g21.md,0,
Ho-10_0322,typoglyphs/40_glyphs/t40_l03g22.png,keywords/40_keywords/t40_l03g22.md,0,
Ho-10_0323,typoglyphs/40_glyphs/t40_l03g23.png,keywords/40_keywords/t40_l03g23.md,0,
Ho-10_0324,typoglyphs/40_glyphs/t40_l03g24.png,keywords/40_keywords/t40_l03g24.md,0,
Ho-10_0325,typoglyphs/40_glyphs/t40_l03g25.png,keywords/40_keywords/t40_l03g25.md,0,
Ho-10_0326,typoglyphs/40_glyphs/t40_l03g26.png,keywords/40_keywords/t40_l03g26.md,0,
Ho-10_0327,typoglyphs/40_glyphs/t40_l03g27.png,keywords/40_keywords/t40_l03g27.md,0,
Ho-10_0401,typoglyphs/40_glyphs/t40_l04g01.png,keywords/40_keywords/t40_l04g01.md,0,
Ho-10_0402,typoglyphs/40_glyphs/t40_l04g02.png,keywords/40_keywords/t40_l04g02.md,0,
Ho-10_0403,typoglyphs/40_glyphs/t40_l04g03.png,keywords/40_keywords/t40_l04g03.md,0,
Ho-10_0404,typoglyphs/40_glyphs/t40_l04g04.png,keywords/40_keywords/t40_l04g04.md,0,
Ho-10_0405,typoglyphs/40_glyphs/t40_l04g05.png,keywords/40_keywords/t40_l04g05.md,0,
Ho-10_0406,typoglyphs/40_glyphs/t40_l04g06.png,keywords/40_keywords/t40_l04g06.md,0,
Ho-10_0407,typoglyphs/40_glyphs/t40_l04g07.png,keywords/40_keywords/t40_l04g07.md,0,
Ho-10_0408,typoglyphs/40_glyphs/t40_l04g08.png,keywords/40_keywords/t40_l04g08.md,0,
Ho-10_0409,typoglyphs/40_glyphs/t40_l04g09.png,keywords/40_keywords/t40_l04g09.md,0,
Ho-10_0410,typoglyphs/40_glyphs/t40_l04g10.png,keywords/40_keywords/t40_l04g10.md,0,
Ho-10_0411,typoglyphs/40_glyphs/t40_l04g11.png,keywords/40_keywords/t40_l04g11.md,0,
Ho-10_0412,typoglyphs/40_glyphs/t40_l04g12.png,keywords/40_keywords/t40_l04g12.md,0,
Ho-10_0413,typoglyphs/40_glyphs/t40_l04g13.png,keywords/40_keywords/t40_l04g13.md,0,
Ho-10_0414,typoglyphs/40_glyphs/t40_l04g14.png,keywords/40_keywords/t40_l04g14.md,0,
Ho-10_0415,typoglyphs/40_glyphs/t40_l04g15.png,keywords/40_keywords/t40_l04g15.md,0,
Ho-10_0416,typoglyphs/40_glyphs/t40_l04g16.png,keywords/40_keywords/t40_l04g16.md,0,
Ho-10_0417,typoglyphs/40_glyphs/t40_l04g17.png,keywords/40_keywords/t40_l04g17.md,0,
Ho-10_0418,typoglyphs/40_glyphs/t40_l04g18.png,keywords/40_keywords/t40_l04g18.md,0,
Ho-10_0419,typoglyphs/40_glyphs/t40_l04g19.png,keywords/40_keywords/t40_l04g19.md,0,
Ho-10_0420,typoglyphs/40_glyphs/t40_l04g20.png,keywords/40_keywords/t40_l04g20.md,0,
Ho-10_0421,typoglyphs/40_glyphs/t40_l04g21.png,keywords/40_keywords/t40_l04g21.md,0,
Ho-10_0422,typoglyphs/40_glyphs/t40_l04g22.png,keywords/40_keywords/t40_l04g22.md,0,
Ho-10_0423,typoglyphs/40_glyphs/t40_l04g23.png,keywords/40_keywords/t40_l04g23.md,0,
Ho-10_0424,typoglyphs/40_glyphs/t40_l04g24.png,keywords/40_keywords/t40_l04g24.md,0,
Ho-10_0425,typoglyphs/40_glyphs/t40_l04g25.png,keywords/40_keywords/t40_l04g25.md,0,
Ho-10_0426,typoglyphs/40_glyphs/t40_l04g26.png,keywords/40_keywords/t40_l04g26.md,0,
Ho-10_0427,typoglyphs/40_glyphs/t40_l04g27.png,keywords/40_keywords/t40_l04g27.md,0,
Ho-11_0101,typoglyphs/41_glyphs/t41_l01g01.png,keywords/41_keywords/t41_l01g01.md,0,
Ho-11_0102,typoglyphs/41_glyphs/t41_l01g02.png,keywords/41_keywords/t41_l01g02.md,0,
Ho-11_0103,typoglyphs/41_glyphs/t41_l01g03.png,keywords/41_keywords/t41_l01g03.md,0,
Ho-11_0104,typoglyphs/41_glyphs/t41_l01g04.png,keywords/41_keywords/t41_l01g04.md,0,
Ho-11_0105,typoglyphs/41_glyphs/t41_l01g05.png,keywords/41_keywords/t41_l01g05.md,0,
Ho-11_0106,typoglyphs/41_glyphs/t41_l01g06.png,keywords/41_keywords/t41_l01g06.md,0,
Ho-11_0107,typoglyphs/41_glyphs/t41_l01g07.png,keywords/41_keywords/t41_l01g07.md,0,
Ho-11_0108,typoglyphs/41_glyphs/t41_l01g08.png,keywords/41_keywords/t41_l01g08.md,0,
Ho-11_0109,typoglyphs/41_glyphs/t41_l01g09.png,keywords/41_keywords/t41_l01g09.md,0,
Ho-11_0110,typoglyphs/41_glyphs/t41_l01g10.png,keywords/41_keywords/t41_l01g10.md,0,
Ho-11_0111,typoglyphs/41_glyphs/t41_l01g11.png,keywords/41_keywords/t41_l01g11.md,0,
Ho-11_0112,typoglyphs/41_glyphs/t41_l01g12.png,keywords/41_keywords/t41_l01g12.md,0,
Ho-11_0113,typoglyphs/41_glyphs/t41_l01g13.png,keywords/41_keywords/t41_l01g13.md,0,
Ho-11_0114,typoglyphs/41_glyphs/t41_l01g14.png,keywords/41_keywords/t41_l01g14.md,0,
Ho-11_0115,typoglyphs/41_glyphs/t41_l01g15.png,keywords/41_keywords/t41_l01g15.md,0,
Ho-11_0116,typoglyphs/41_glyphs/t41_l01g16.png,keywords/41_keywords/t41_l01g16.md,0,
Ho-11_0117,typoglyphs/41_glyphs/t41_l01g17.png,keywords/41_keywords/t41_l01g17.md,0,
Ho-11_0118,typoglyphs/41_glyphs/t41_l01g18.png,keywords/41_keywords/t41_l01g18.md,0,
Ho-11_0119,typoglyphs/41_glyphs/t41_l01g19.png,keywords/41_keywords/t41_l01g19.md,0,
Ho-11_0120,typoglyphs/41_glyphs/t41_l01g20.png,keywords/41_keywords/t41_l01g20.md,0,
Ho-11_0121,typoglyphs/41_glyphs/t41_l01g21.png,keywords/41_keywords/t41_l01g21.md,0,
Ho-11_0122,typoglyphs/41_glyphs/t41_l01g22.png,keywords/41_keywords/t41_l01g22.md,0,
Ho-11_0123,typoglyphs/41_glyphs/t41_l01g23.png,keywords/41_keywords/t41_l01g23.md,0,
Ho-11_0201,typoglyphs/41_glyphs/t41_l02g01.png,keywords/41_keywords/t41_l02g01.md,0,
Ho-11_0202,typoglyphs/41_glyphs/t41_l02g02.png,keywords/41_keywords/t41_l02g02.md,0,
Ho-11_0203,typoglyphs/41_glyphs/t41_l02g03.png,keywords/41_keywords/t41_l02g03.md,0,
Ho-11_0204,typoglyphs/41_glyphs/t41_l02g04.png,keywords/41_keywords/t41_l02g04.md,0,
Ho-11_0205,typoglyphs/41_glyphs/t41_l02g05.png,keywords/41_keywords/t41_l02g05.md,0,
Ho-11_0206,typoglyphs/41_glyphs/t41_l02g06.png,keywords/41_keywords/t41_l02g06.md,0,
Ho-11_0207,typoglyphs/41_glyphs/t41_l02g07.png,keywords/41_keywords/t41_l02g07.md,0,
Ho-11_0208,typoglyphs/41_glyphs/t41_l02g08.png,keywords/41_keywords/t41_l02g08.md,0,
Ho-11_0209,typoglyphs/41_glyphs/t41_l02g09.png,keywords/41_keywords/t41_l02g09.md,0,
Ho-11_0210,typoglyphs/41_glyphs/t41_l02g10.png,keywords/41_keywords/t41_l02g10.md,0,
Ho-11_0211,typoglyphs/41_glyphs/t41_l02g11.png,keywords/41_keywords/t41_l02g11.md,0,
Ho-11_0212,typoglyphs/41_glyphs/t41_l02g12.png,keywords/41_keywords/t41_l02g12.md,0,
Ho-11_0213,typoglyphs/41_glyphs/t41_l02g13.png,keywords/41_keywords/t41_l02g13.md,0,
Ho-11_0214,typoglyphs/41_glyphs/t41_l02g14.png,keywords/41_keywords/t41_l02g14.md,0,
Ho-11_0215,typoglyphs/41_glyphs/t41_l02g15.png,keywords/41_keywords/t41_l02g15.md,0,
Ho-11_0216,typoglyphs/41_glyphs/t41_l02g16.png,keywords/41_keywords/t41_l02g16.md,0,
Ho-11_0217,typoglyphs/41_glyphs/t41_l02g17.png,keywords/41_keywords/t41_l02g17.md,0,
Ho-11_0218,typoglyphs/41_glyphs/t41_l02g18.png,keywords/41_keywords/t41_l02g18.md,0,
Ho-11_0219,typoglyphs/41_glyphs/t41_l02g19.png,keywords/41_keywords/t41_l02g19.md,0,
Ho-11_0220,typoglyphs/41_glyphs/t41_l02g20.png,keywords/41_keywords/t41_l02g20.md,0,
Ho-11_0221,typoglyphs/41_glyphs/t41_l02g21.png,keywords/41_keywords/t41_l02g21.md,0,
Ho-11_0222,typoglyphs/41_glyphs/t41_l02g22.png,keywords/41_keywords/t41_l02g22.md,0,
Ho-11_0223,typoglyphs/41_glyphs/t41_l02g23.png,keywords/41_keywords/t41_l02g23.md,0,
Ho-11_0224,typoglyphs/41_glyphs/t41_l02g24.png,keywords/41_keywords/t41_l02g24.md,0,
Ho-11_0225,typoglyphs/41_glyphs/t41_l02g25.png,keywords/41_keywords/t41_l02g25.md,0,
Ho-11_0226,typoglyphs/41_glyphs/t41_l02g26.png,keywords/41_keywords/t41_l02g26.md,0,
Ho-11_0227,typoglyphs/41_glyphs/t41_l02g27.png,keywords/41_keywords/t41_l02g27.md,0,
Ho-11_0228,typoglyphs/41_glyphs/t41_l02g28.png,keywords/41_keywords/t41_l02g28.md,0,
Ho-11_0229,typoglyphs/41_glyphs/t41_l02g29.png,keywords/41_keywords/t41_l02g29.md,0,
Ho-11_0230,typoglyphs/41_glyphs/t41_l02g30.png,keywords/41_keywords/t41_l02g30.md,0,
Ho-11_0231,typoglyphs/41_glyphs/t41_l02g31.png,keywords/41_keywords/t41_l02g31.md,0,
Ho-11_0232,typoglyphs/41_glyphs/t41_l02g32.png,keywords/41_keywords/t41_l02g32.md,0,
Ho-11_0233,typoglyphs/41_glyphs/t41_l02g33.png,keywords/41_keywords/t41_l02g33.md,0,
Ho-11_0234,typoglyphs/41_glyphs/t41_l02g34.png,keywords/41_keywords/t41_l02g34.md,0,
Ho-11_0235,typoglyphs/41_glyphs/t41_l02g35.png,keywords/41_keywords/t41_l02g35.md,0,
Ho-11_0236,typoglyphs/41_glyphs/t41_l02g36.png,keywords/41_keywords/t41_l02g36.md,0,
Ho-11_0237,typoglyphs/41_glyphs/t41_l02g37.png,keywords/41_keywords/t41_l02g37.md,0,
Ho-11_0238,typoglyphs/41_glyphs/t41_l02g38.png,keywords/41_keywords/t41_l02g38.md,0,
Ho-11_0301,typoglyphs/41_glyphs/t41_l03g01.png,keywords/41_keywords/t41_l03g01.md,0,
Ho-11_0302,typoglyphs/41_glyphs/t41_l03g02.png,keywords/41_keywords/t41_l03g02.md,0,
Ho-11_0303,typoglyphs/41_glyphs/t41_l03g03.png,keywords/41_keywords/t41_l03g03.md,0,
Ho-11_0304,typoglyphs/41_glyphs/t41_l03g04.png,keywords/41_keywords/t41_l03g04.md,0,
Ho-11_0305,typoglyphs/41_glyphs/t41_l03g05.png,keywords/41_keywords/t41_l03g05.md,0,
Ho-11_0306,typoglyphs/41_glyphs/t41_l03g06.png,keywords/41_keywords/t41_l03g06.md,0,
Ho-11_0307,typoglyphs/41_glyphs/t41_l03g07.png,keywords/41_keywords/t41_l03g07.md,0,
Ho-11_0308,typoglyphs/41_glyphs/t41_l03g08.png,keywords/41_keywords/t41_l03g08.md,0,
Ho-11_0309,typoglyphs/41_glyphs/t41_l03g09.png,keywords/41_keywords/t41_l03g09.md,0,
Ho-11_0310,typoglyphs/41_glyphs/t41_l03g10.png,keywords/41_keywords/t41_l03g10.md,0,
Ho-11_0311,typoglyphs/41_glyphs/t41_l03g11.png,keywords/41_keywords/t41_l03g11.md,0,
Ho-11_0312,typoglyphs/41_glyphs/t41_l03g12.png,keywords/41_keywords/t41_l03g12.md,0,
Ho-11_0313,typoglyphs/41_glyphs/t41_l03g13.png,keywords/41_keywords/t41_l03g13.md,0,
Ho-11_0314,typoglyphs/41_glyphs/t41_l03g14.png,keywords/41_keywords/t41_l03g14.md,0,
Ho-11_0315,typoglyphs/41_glyphs/t41_l03g15.png,keywords/41_keywords/t41_l03g15.md,0,
Ho-11_0316,typoglyphs/41_glyphs/t41_l03g16.png,keywords/41_keywords/t41_l03g16.md,0,
Ho-11_0317,typoglyphs/41_glyphs/t41_l03g17.png,keywords/41_keywords/t41_l03g17.md,0,
Ho-11_0318,typoglyphs/41_glyphs/t41_l03g18.png,keywords/41_keywords/t41_l03g18.md,0,
Ho-11_0319,typoglyphs/41_glyphs/t41_l03g19.png,keywords/41_keywords/t41_l03g19.md,0,
Ho-11_0320,typoglyphs/41_glyphs/t41_l03g20.png,keywords/41_keywords/t41_l03g20.md,0,
Ho-11_0321,typoglyphs/41_glyphs/t41_l03g21.png,keywords/41_keywords/t41_l03g21.md,0,
Ho-11_0322,typoglyphs/41_glyphs/t41_l03g22.png,keywords/41_keywords/t41_l03g22.md,0,
Ho-11_0323,typoglyphs/41_glyphs/t41_l03g23.png,keywords/41_keywords/t41_l03g23.md,0,
Ho-11_0324,typoglyphs/41_glyphs/t41_l03g24.png,keywords/41_keywords/t41_l03g24.md,0,
Ho-11_0325,typoglyphs/41_glyphs/t41_l03g25.png,keywords/41_keywords/t41_l03g25.md,0,
Ho-11_0326,typoglyphs/41_glyphs/t41_l03g26.png,keywords/41_keywords/t41_l03g26.md,0,
Ho-11_0327,typoglyphs/41_glyphs/t41_l03g27.png,keywords/41_keywords/t41_l03g27.md,0,
Ho-11_0328,typoglyphs/41_glyphs/t41_l03g28.png,keywords/41_keywords/t41_l03g28.md,0,
Ho-11_0329,typoglyphs/41_glyphs/t41_l03g29.png,keywords/41_keywords/t41_l03g29.md,0,
Ho-11_0330,typoglyphs/41_glyphs/t41_l03g30.png,keywords/41_keywords/t41_l03g30.md,0,
Ho-11_0331,typoglyphs/41_glyphs/t41_l03g31.png,keywords/41_keywords/t41_l03g31.md,0,
Ho-11_0332,typoglyphs/41_glyphs/t41_l03g32.png,keywords/41_keywords/t41_l03g32.md,0,
Ho-11_0333,typoglyphs/41_glyphs/t41_l03g33.png,keywords/41_keywords/t41_l03g33.md,0,
Ho-11_0334,typoglyphs/41_glyphs/t41_l03g34.png,keywords/41_keywords/t41_l03g34.md,0,
U1-01_0101,typoglyphs/42_glyphs/t42_l01g01.png,keywords/42_keywords/t42_l01g01.md,0,
U1-01_0102,typoglyphs/42_glyphs/t42_l01g02.png,keywords/42_keywords/t42_l01g02.md,0,
U1-01_0103,typoglyphs/42_glyphs/t42_l01g03.png,keywords/42_keywords/t42_l01g03.md,0,
U1-01_0104,typoglyphs/42_glyphs/t42_l01g04.png,keywords/42_keywords/t42_l01g04.md,0,
U1-01_0105,typoglyphs/42_glyphs/t42_l01g05.png,keywords/42_keywords/t42_l01g05.md,0,
U1-01_0106,typoglyphs/42_glyphs/t42_l01g06.png,keywords/42_keywords/t42_l01g06.md,0,
U1-01_0107,typoglyphs/42_glyphs/t42_l01g07.png,keywords/42_keywords/t42_l01g07.md,0,
U1-01_0108,typoglyphs/42_glyphs/t42_l01g08.png,keywords/42_keywords/t42_l01g08.md,0,
U1-01_0109,typoglyphs/42_glyphs/t42_l01g09.png,keywords/42_keywords/t42_l01g09.md,0,
U1-01_0110,typoglyphs/42_glyphs/t42_l01g10.png,keywords/42_keywords/t42_l01g10.md,0,
U1-01_0111,typoglyphs/42_glyphs/t42_l01g11.png,keywords/42_keywords/t42_l01g11.md,0,
U1-01_0112,typoglyphs/42_glyphs/t42_l01g12.png,keywords/42_keywords/t42_l01g12.md,0,
U1-01_0113,typoglyphs/42_glyphs/t42_l01g13.png,keywords/42_keywords/t42_l01g13.md,0,
U1-01_0114,typoglyphs/42_glyphs/t42_l01g14.png,keywords/42_keywords/t42_l01g14.md,0,
U1-01_0115,typoglyphs/42_glyphs/t42_l01g15.png,keywords/42_keywords/t42_l01g15.md,0,
U1-01_0116,typoglyphs/42_glyphs/t42_l01g16.png,keywords/42_keywords/t42_l01g16.md,0,
U1-01_0117,typoglyphs/42_glyphs/t42_l01g17.png,keywords/42_keywords/t42_l01g17.md,0,
U1-01_0118,typoglyphs/42_glyphs/t42_l01g18.png,keywords/42_keywords/t42_l01g18.md,0,
U1-01_0119,typoglyphs/42_glyphs/t42_l01g19.png,keywords/42_keywords/t42_l01g19.md,0,
U1-01_0120,typoglyphs/42_glyphs/t42_l01g20.png,keywords/42_keywords/t42_l01g20.md,0,
U1-01_0201,typoglyphs/42_glyphs/t42_l02g01.png,keywords/42_keywords/t42_l02g01.md,0,
U1-01_0202,typoglyphs/42_glyphs/t42_l02g02.png,keywords/42_keywords/t42_l02g02.md,0,
U1-01_0203,typoglyphs/42_glyphs/t42_l02g03.png,keywords/42_keywords/t42_l02g03.md,0,
U1-01_0204,typoglyphs/42_glyphs/t42_l02g04.png,keywords/42_keywords/t42_l02g04.md,0,
U1-01_0205,typoglyphs/42_glyphs/t42_l02g05.png,keywords/42_keywords/t42_l02g05.md,0,
U1-01_0206,typoglyphs/42_glyphs/t42_l02g06.png,keywords/42_keywords/t42_l02g06.md,0,
U1-01_0207,typoglyphs/42_glyphs/t42_l02g07.png,keywords/42_keywords/t42_l02g07.md,0,
U1-01_0208,typoglyphs/42_glyphs/t42_l02g08.png,keywords/42_keywords/t42_l02g08.md,0,
U1-01_0209,typoglyphs/42_glyphs/t42_l02g09.png,keywords/42_keywords/t42_l02g09.md,0,
U1-01_0210,typoglyphs/42_glyphs/t42_l02g10.png,keywords/42_keywords/t42_l02g10.md,0,
U1-01_0211,typoglyphs/42_glyphs/t42_l02g11.png,keywords/42_keywords/t42_l02g11.md,0,
U1-01_0212,typoglyphs/42_glyphs/t42_l02g12.png,keywords/42_keywords/t42_l02g12.md,0,
U1-01_0213,typoglyphs/42_glyphs/t42_l02g13.png,keywords/42_keywords/t42_l02g13.md,0,
U1-01_0214,typoglyphs/42_glyphs/t42_l02g14.png,keywords/42_keywords/t42_l02g14.md,0,
U1-01_0215,typoglyphs/42_glyphs/t42_l02g15.png,keywords/42_keywords/t42_l02g15.md,0,
U1-01_0216,typoglyphs/42_glyphs/t42_l02g16.png,keywords/42_keywords/t42_l02g16.md,0,
U1-01_0217,typoglyphs/42_glyphs/t42_l02g17.png,keywords/42_keywords/t42_l02g17.md,0,
U1-01_0218,typoglyphs/42_glyphs/t42_l02g18.png,keywords/42_keywords/t42_l02g18.md,0,
U1-01_0219,typoglyphs/42_glyphs/t42_l02g19.png,keywords/42_keywords/t42_l02g19.md,0,
U1-01_0220,typoglyphs/42_glyphs/t42_l02g20.png,keywords/42_keywords/t42_l02g20.md,0,
U1-01_0221,typoglyphs/42_glyphs/t42_l02g21.png,keywords/42_keywords/t42_l02g21.md,0,
U1-01_0222,typoglyphs/42_glyphs/t42_l02g22.png,keywords/42_keywords/t42_l02g22.md,0,
U1-01_0223,typoglyphs/42_glyphs/t42_l02g23.png,keywords/42_keywords/t42_l02g23.md,0,
U1-01_0224,typoglyphs/42_glyphs/t42_l02g24.png,keywords/42_keywords/t42_l02g24.md,0,
U1-01_0225,typoglyphs/42_glyphs/t42_l02g25.png,keywords/42_keywords/t42_l02g25.md,0,
U1-01_0226,typoglyphs/42_glyphs/t42_l02g26.png,keywords/42_keywords/t42_l02g26.md,0,
U1-01_0227,typoglyphs/42_glyphs/t42_l02g27.png,keywords/42_keywords/t42_l02g27.md,0,
U1-01_0228,typoglyphs/42_glyphs/t42_l02g28.png,keywords/42_keywords/t42_l02g28.md,0,
U1-01_0229,typoglyphs/42_glyphs/t42_l02g29.png,keywords/42_keywords/t42_l02g29.md,0,
U1-01_0301,typoglyphs/42_glyphs/t42_l03g01.png,keywords/42_keywords/t42_l03g01.md,0,
U1-01_0302,typoglyphs/42_glyphs/t42_l03g02.png,keywords/42_keywords/t42_l03g02.md,0,
U1-01_0303,typoglyphs/42_glyphs/t42_l03g03.png,keywords/42_keywords/t42_l03g03.md,0,
U1-01_0304,typoglyphs/42_glyphs/t42_l03g04.png,keywords/42_keywords/t42_l03g04.md,0,
U1-01_0305,typoglyphs/42_glyphs/t42_l03g05.png,keywords/42_keywords/t42_l03g05.md,0,
U1-01_0306,typoglyphs/42_glyphs/t42_l03g06.png,keywords/42_keywords/t42_l03g06.md,0,
U1-01_0307,typoglyphs/42_glyphs/t42_l03g07.png,keywords/42_keywords/t42_l03g07.md,0,
U1-01_0308,typoglyphs/42_glyphs/t42_l03g08.png,keywords/42_keywords/t42_l03g08.md,0,
U1-01_0309,typoglyphs/42_glyphs/t42_l03g09.png,keywords/42_keywords/t42_l03g09.md,0,
U1-01_0310,typoglyphs/42_glyphs/t42_l03g10.png,keywords/42_keywords/t42_l03g10.md,0,
U1-01_0311,typoglyphs/42_glyphs/t42_l03g11.png,keywords/42_keywords/t42_l03g11.md,0,
U1-01_0312,typoglyphs/42_glyphs/t42_l03g12.png,keywords/42_keywords/t42_l03g12.md,0,
U1-01_0313,typoglyphs/42_glyphs/t42_l03g13.png,keywords/42_keywords/t42_l03g13.md,0,
U1-01_0314,typoglyphs/42_glyphs/t42_l03g14.png,keywords/42_keywords/t42_l03g14.md,0,
U1-01_0315,typoglyphs/42_glyphs/t42_l03g15.png,keywords/42_keywords/t42_l03g15.md,0,
U1-01_0316,typoglyphs/42_glyphs/t42_l03g16.png,keywords/42_keywords/t42_l03g16.md,0,
U1-01_0317,typoglyphs/42_glyphs/t42_l03g17.png,keywords/42_keywords/t42_l03g17.md,0,
U1-01_0318,typoglyphs/42_glyphs/t42_l03g18.png,keywords/42_keywords/t42_l03g18.md,0,
U1-01_0319,typoglyphs/42_glyphs/t42_l03g19.png,keywords/42_keywords/t42_l03g19.md,0,
U1-01_0320,typoglyphs/42_glyphs/t42_l03g20.png,keywords/42_keywords/t42_l03g20.md,0,
U1-01_0321,typoglyphs/42_glyphs/t42_l03g21.png,keywords/42_keywords/t42_l03g21.md,0,
U1-01_0322,typoglyphs/42_glyphs/t42_l03g22.png,keywords/42_keywords/t42_l03g22.md,0,
U1-01_0323,typoglyphs/42_glyphs/t42_l03g23.png,keywords/42_keywords/t42_l03g23.md,0,
U1-01_0324,typoglyphs/42_glyphs/t42_l03g24.png,keywords/42_keywords/t42_l03g24.md,1,descriptions/42_descriptions/t42_l03g24.md
U1-01_0325,typoglyphs/42_glyphs/t42_l03g25.png,keywords/42_keywords/t42_l03g25.md,0,
U1-01_0326,typoglyphs/42_glyphs/t42_l03g26.png,keywords/42_keywords/t42_l03g26.md,0,
U1-01_0327,typoglyphs/42_glyphs/t42_l03g27.png,keywords/42_keywords/t42_l03g27.md,0,
U1-01_0401,typoglyphs/42_glyphs/t42_l04g01.png,keywords/42_keywords/t42_l04g01.md,0,
U1-01_0402,typoglyphs/42_glyphs/t42_l04g02.png,keywords/42_keywords/t42_l04g02.md,0,
U1-01_0403,typoglyphs/42_glyphs/t42_l04g03.png,keywords/42_keywords/t42_l04g03.md,0,
U1-01_0404,typoglyphs/42_glyphs/t42_l04g04.png,keywords/42_keywords/t42_l04g04.md,0,
U1-01_0405,typoglyphs/42_glyphs/t42_l04g05.png,keywords/42_keywords/t42_l04g05.md,0,
U1-01_0501,typoglyphs/42_glyphs/t42_l05g01.png,keywords/42_keywords/t42_l05g01.md,0,
U1-01_0502,typoglyphs/42_glyphs/t42_l05g02.png,keywords/42_keywords/t42_l05g02.md,0,
U1-01_0503,typoglyphs/42_glyphs/t42_l05g03.png,keywords/42_keywords/t42_l05g03.md,0,
U1-01_0504,typoglyphs/42_glyphs/t42_l05g04.png,keywords/42_keywords/t42_l05g04.md,0,
U1-01_0505,typoglyphs/42_glyphs/t42_l05g05.png,keywords/42_keywords/t42_l05g05.md,0,
U1-01_0506,typoglyphs/42_glyphs/t42_l05g06.png,keywords/42_keywords/t42_l05g06.md,0,
U1-01_0507,typoglyphs/42_glyphs/t42_l05g07.png,keywords/42_keywords/t42_l05g07.md,0,
U1-01_0508,typoglyphs/42_glyphs/t42_l05g08.png,keywords/42_keywords/t42_l05g08.md,0,
U1-01_0509,typoglyphs/42_glyphs/t42_l05g09.png,keywords/42_keywords/t42_l05g09.md,0,
U1-01_0510,typoglyphs/42_glyphs/t42_l05g10.png,keywords/42_keywords/t42_l05g10.md,0,
U1-01_0511,typoglyphs/42_glyphs/t42_l05g11.png,keywords/42_keywords/t42_l05g11.md,0,
U1-01_0512,typoglyphs/42_glyphs/t42_l05g12.png,keywords/42_keywords/t42_l05g12.md,0,
U1-01_0513,typoglyphs/42_glyphs/t42_l05g13.png,keywords/42_keywords/t42_l05g13.md,0,
U1-02_0101,typoglyphs/43_glyphs/t43_l01g01.png,keywords/43_keywords/t43_l01g01.md,0,
U1-02_0102,typoglyphs/43_glyphs/t43_l01g02.png,keywords/43_keywords/t43_l01g02.md,0,
U1-02_0103,typoglyphs/43_glyphs/t43_l01g03.png,keywords/43_keywords/t43_l01g03.md,0,
U1-02_0104,typoglyphs/43_glyphs/t43_l01g04.png,keywords/43_keywords/t43_l01g04.md,0,
U1-02_0105,typoglyphs/43_glyphs/t43_l01g05.png,keywords/43_keywords/t43_l01g05.md,0,
U1-02_0106,typoglyphs/43_glyphs/t43_l01g06.png,keywords/43_keywords/t43_l01g06.md,0,
U1-02_0107,typoglyphs/43_glyphs/t43_l01g07.png,keywords/43_keywords/t43_l01g07.md,0,
U1-02_0108,typoglyphs/43_glyphs/t43_l01g08.png,keywords/43_keywords/t43_l01g08.md,0,
U1-02_0109,typoglyphs/43_glyphs/t43_l01g09.png,keywords/43_keywords/t43_l01g09.md,0,
U1-02_0110,typoglyphs/43_glyphs/t43_l01g10.png,keywords/43_keywords/t43_l01g10.md,0,
U1-02_0111,typoglyphs/43_glyphs/t43_l01g11.png,keywords/43_keywords/t43_l01g11.md,0,
U1-02_0112,typoglyphs/43_glyphs/t43_l01g12.png,keywords/43_keywords/t43_l01g12.md,0,
U1-02_0113,typoglyphs/43_glyphs/t43_l01g13.png,keywords/43_keywords/t43_l01g13.md,0,
U1-02_0114,typoglyphs/43_glyphs/t43_l01g14.png,keywords/43_keywords/t43_l01g14.md,0,
U1-02_0115,typoglyphs/43_glyphs/t43_l01g15.png,keywords/43_keywords/t43_l01g15.md,0,
U1-02_0116,typoglyphs/43_glyphs/t43_l01g16.png,keywords/43_keywords/t43_l01g16.md,0,
U1-02_0117,typoglyphs/43_glyphs/t43_l01g17.png,keywords/43_keywords/t43_l01g17.md,0,
U1-02_0118,typoglyphs/43_glyphs/t43_l01g18.png,keywords/43_keywords/t43_l01g18.md,0,
U1-02_0119,typoglyphs/43_glyphs/t43_l01g19.png,keywords/43_keywords/t43_l01g19.md,0,
U1-02_0120,typoglyphs/43_glyphs/t43_l01g20.png,keywords/43_keywords/t43_l01g20.md,0,
U1-02_0121,typoglyphs/43_glyphs/t43_l01g21.png,keywords/43_keywords/t43_l01g21.md,0,
U1-02_0122,typoglyphs/43_glyphs/t43_l01g22.png,keywords/43_keywords/t43_l01g22.md,0,
U1-02_0123,typoglyphs/43_glyphs/t43_l01g23.png,keywords/43_keywords/t43_l01g23.md,0,
U1-02_0124,typoglyphs/43_glyphs/t43_l01g24.png,keywords/43_keywords/t43_l01g24.md,0,
U1-02_0125,typoglyphs/43_glyphs/t43_l01g25.png,keywords/43_keywords/t43_l01g25.md,0,
U1-02_0126,typoglyphs/43_glyphs/t43_l01g26.png,keywords/43_keywords/t43_l01g26.md,0,
U1-02_0127,typoglyphs/43_glyphs/t43_l01g27.png,keywords/43_keywords/t43_l01g27.md,0,
U1-02_0128,typoglyphs/43_glyphs/t43_l01g28.png,keywords/43_keywords/t43_l01g28.md,0,
U1-02_0129,typoglyphs/43_glyphs/t43_l01g29.png,keywords/43_keywords/t43_l01g29.md,0,
U1-02_0201,typoglyphs/43_glyphs/t43_l02g01.png,keywords/43_keywords/t43_l02g01.md,0,
U1-02_0202,typoglyphs/43_glyphs/t43_l02g02.png,keywords/43_keywords/t43_l02g02.md,0,
U1-02_0203,typoglyphs/43_glyphs/t43_l02g03.png,keywords/43_keywords/t43_l02g03.md,0,
U1-02_0204,typoglyphs/43_glyphs/t43_l02g04.png,keywords/43_keywords/t43_l02g04.md,0,
U1-02_0205,typoglyphs/43_glyphs/t43_l02g05.png,keywords/43_keywords/t43_l02g05.md,0,
U1-02_0206,typoglyphs/43_glyphs/t43_l02g06.png,keywords/43_keywords/t43_l02g06.md,0,
U1-02_0207,typoglyphs/43_glyphs/t43_l02g07.png,keywords/43_keywords/t43_l02g07.md,0,
U1-02_0208,typoglyphs/43_glyphs/t43_l02g08.png,keywords/43_keywords/t43_l02g08.md,0,
U1-02_0209,typoglyphs/43_glyphs/t43_l02g09.png,keywords/43_keywords/t43_l02g09.md,0,
U1-02_0210,typoglyphs/43_glyphs/t43_l02g10.png,keywords/43_keywords/t43_l02g10.md,0,
U1-02_0211,typoglyphs/43_glyphs/t43_l02g11.png,keywords/43_keywords/t43_l02g11.md,0,
U1-02_0212,typoglyphs/43_glyphs/t43_l02g12.png,keywords/43_keywords/t43_l02g12.md,0,
U1-02_0213,typoglyphs/43_glyphs/t43_l02g13.png,keywords/43_keywords/t43_l02g13.md,0,
U1-02_0214,typoglyphs/43_glyphs/t43_l02g14.png,keywords/43_keywords/t43_l02g14.md,0,
U1-02_0215,typoglyphs/43_glyphs/t43_l02g15.png,keywords/43_keywords/t43_l02g15.md,0,
U1-02_0216,typoglyphs/43_glyphs/t43_l02g16.png,keywords/43_keywords/t43_l02g16.md,0,
U1-02_0217,typoglyphs/43_glyphs/t43_l02g17.png,keywords/43_keywords/t43_l02g17.md,0,
U1-02_0218,typoglyphs/43_glyphs/t43_l02g18.png,keywords/43_keywords/t43_l02g18.md,0,
U1-02_0219,typoglyphs/43_glyphs/t43_l02g19.png,keywords/43_keywords/t43_l02g19.md,0,
U1-02_0220,typoglyphs/43_glyphs/t43_l02g20.png,keywords/43_keywords/t43_l02g20.md,0,
U1-02_0221,typoglyphs/43_glyphs/t43_l02g21.png,keywords/43_keywords/t43_l02g21.md,0,
U1-02_0222,typoglyphs/43_glyphs/t43_l02g22.png,keywords/43_keywords/t43_l02g22.md,0,
U1-02_0223,typoglyphs/43_glyphs/t43_l02g23.png,keywords/43_keywords/t43_l02g23.md,0,
U1-02_0224,typoglyphs/43_glyphs/t43_l02g24.png,keywords/43_keywords/t43_l02g24.md,0,
U1-02_0225,typoglyphs/43_glyphs/t43_l02g25.png,keywords/43_keywords/t43_l02g25.md,0,
U1-02_0226,typoglyphs/43_glyphs/t43_l02g26.png,keywords/43_keywords/t43_l02g26.md,0,
U1-02_0227,typoglyphs/43_glyphs/t43_l02g27.png,keywords/43_keywords/t43_l02g27.md,0,
U1-02_0228,typoglyphs/43_glyphs/t43_l02g28.png,keywords/43_keywords/t43_l02g28.md,0,
U1-02_0229,typoglyphs/43_glyphs/t43_l02g29.png,keywords/43_keywords/t43_l02g29.md,0,
U1-02_0230,typoglyphs/43_glyphs/t43_l02g30.png,keywords/43_keywords/t43_l02g30.md,0,
U1-02_0231,typoglyphs/43_glyphs/t43_l02g31.png,keywords/43_keywords/t43_l02g31.md,0,
U1-02_0232,typoglyphs/43_glyphs/t43_l02g32.png,keywords/43_keywords/t43_l02g32.md,0,
U1-02_0233,typoglyphs/43_glyphs/t43_l02g33.png,keywords/43_keywords/t43_l02g33.md,0,
U1-02_0234,typoglyphs/43_glyphs/t43_l02g34.png,keywords/43_keywords/t43_l02g34.md,0,
U1-02_0235,typoglyphs/43_glyphs/t43_l02g35.png,keywords/43_keywords/t43_l02g35.md,0,
U1-02_0236,typoglyphs/43_glyphs/t43_l02g36.png,keywords/43_keywords/t43_l02g36.md,0,
U1-02_0237,typoglyphs/43_glyphs/t43_l02g37.png,keywords/43_keywords/t43_l02g37.md,0,
U1-02_0238,typoglyphs/43_glyphs/t43_l02g38.png,keywords/43_keywords/t43_l02g38.md,0,
U1-02_0239,typoglyphs/43_glyphs/t43_l02g39.png,keywords/43_keywords/t43_l02g39.md,0,
U1-02_0240,typoglyphs/43_glyphs/t43_l02g40.png,keywords/43_keywords/t43_l02g40.md,0,
U1-02_0241,typoglyphs/43_glyphs/t43_l02g41.png,keywords/43_keywords/t43_l02g41.md,0,
U1-02_0242,typoglyphs/43_glyphs/t43_l02g42.png,keywords/43_keywords/t43_l02g42.md,0,
U1-02_0243,typoglyphs/43_glyphs/t43_l02g43.png,keywords/43_keywords/t43_l02g43.md,0,
U1-02_0244,typoglyphs/43_glyphs/t43_l02g44.png,keywords/43_keywords/t43_l02g44.md,0,
U1-02_0301,typoglyphs/43_glyphs/t43_l03g01.png,keywords/43_keywords/t43_l03g01.md,0,
U1-02_0302,typoglyphs/43_glyphs/t43_l03g02.png,keywords/43_keywords/t43_l03g02.md,0,
U1-02_0303,typoglyphs/43_glyphs/t43_l03g03.png,keywords/43_keywords/t43_l03g03.md,0,
U1-02_0304,typoglyphs/43_glyphs/t43_l03g04.png,keywords/43_keywords/t43_l03g04.md,0,
U1-02_0305,typoglyphs/43_glyphs/t43_l03g05.png,keywords/43_keywords/t43_l03g05.md,0,
U1-02_0306,typoglyphs/43_glyphs/t43_l03g06.png,keywords/43_keywords/t43_l03g06.md,0,
U1-02_0307,typoglyphs/43_glyphs/t43_l03g07.png,keywords/43_keywords/t43_l03g07.md,0,
U1-02_0308,typoglyphs/43_glyphs/t43_l03g08.png,keywords/43_keywords/t43_l03g08.md,0,
U1-02_0309,typoglyphs/43_glyphs/t43_l03g09.png,keywords/43_keywords/t43_l03g09.md,0,
U1-02_0310,typoglyphs/43_glyphs/t43_l03g10.png,keywords/43_keywords/t43_l03g10.md,0,
U1-02_0311,typoglyphs/43_glyphs/t43_l03g11.png,keywords/43_keywords/t43_l03g11.md,0,
U1-02_0312,typoglyphs/43_glyphs/t43_l03g12.png,keywords/43_keywords/t43_l03g12.md,0,
U1-02_0313,typoglyphs/43_glyphs/t43_l03g13.png,keywords/43_keywords/t43_l03g13.md,0,
U1-02_0314,typoglyphs/43_glyphs/t43_l03g14.png,keywords/43_keywords/t43_l03g14.md,0,
U1-02_0315,typoglyphs/43_glyphs/t43_l03g15.png,keywords/43_keywords/t43_l03g15.md,0,
U1-02_0316,typoglyphs/43_glyphs/t43_l03g16.png,keywords/43_keywords/t43_l03g16.md,0,
U1-02_0317,typoglyphs/43_glyphs/t43_l03g17.png,keywords/43_keywords/t43_l03g17.md,0,
U1-02_0318,typoglyphs/43_glyphs/t43_l03g18.png,keywords/43_keywords/t43_l03g18.md,0,
U1-02_0319,typoglyphs/43_glyphs/t43_l03g19.png,keywords/43_keywords/t43_l03g19.md,0,
U1-02_0320,typoglyphs/43_glyphs/t43_l03g20.png,keywords/43_keywords/t43_l03g20.md,0,
U1-02_0321,typoglyphs/43_glyphs/t43_l03g21.png,keywords/43_keywords/t43_l03g21.md,0,
U1-02_0322,typoglyphs/43_glyphs/t43_l03g22.png,keywords/43_keywords/t43_l03g22.md,0,
U1-02_0323,typoglyphs/43_glyphs/t43_l03g23.png,keywords/43_keywords/t43_l03g23.md,0,
U1-02_0324,typoglyphs/43_glyphs/t43_l03g24.png,keywords/43_keywords/t43_l03g24.md,0,
U1-02_0325,typoglyphs/43_glyphs/t43_l03g25.png,keywords/43_keywords/t43_l03g25.md,0,
U1-02_0326,typoglyphs/43_glyphs/t43_l03g26.png,keywords/43_keywords/t43_l03g26.md,0,
U1-02_0327,typoglyphs/43_glyphs/t43_l03g27.png,keywords/43_keywords/t43_l03g27.md,0,
U1-02_0328,typoglyphs/43_glyphs/t43_l03g28.png,keywords/43_keywords/t43_l03g28.md,0,
U1-02_0329,typoglyphs/43_glyphs/t43_l03g29.png,keywords/43_keywords/t43_l03g29.md,0,
U1-02_0330,typoglyphs/43_glyphs/t43_l03g30.png,keywords/43_keywords/t43_l03g30.md,0,
U1-02_0331,typoglyphs/43_glyphs/t43_l03g31.png,keywords/43_keywords/t43_l03g31.md,0,
U1-02_0332,typoglyphs/43_glyphs/t43_l03g32.png,keywords/43_keywords/t43_l03g32.md,0,
U1-02_0333,typoglyphs/43_glyphs/t43_l03g33.png,keywords/43_keywords/t43_l03g33.md,0,
U1-02_0334,typoglyphs/43_glyphs/t43_l03g34.png,keywords/43_keywords/t43_l03g34.md,0,
U1-02_0335,typoglyphs/43_glyphs/t43_l03g35.png,keywords/43_keywords/t43_l03g35.md,0,
U1-02_0336,typoglyphs/43_glyphs/t43_l03g36.png,keywords/43_keywords/t43_l03g36.md,0,
U1-02_0337,typoglyphs/43_glyphs/t43_l03g37.png,keywords/43_keywords/t43_l03g37.md,0,
U1-02_0338,typoglyphs/43_glyphs/t43_l03g38.png,keywords/43_keywords/t43_l03g38.md,0,
U1-02_0401,typoglyphs/43_glyphs/t43_l04g01.png,keywords/43_keywords/t43_l04g01.md,0,
U1-02_0402,typoglyphs/43_glyphs/t43_l04g02.png,keywords/43_keywords/t43_l04g02.md,0,
U1-02_0403,typoglyphs/43_glyphs/t43_l04g03.png,keywords/43_keywords/t43_l04g03.md,0,
U1-02_0404,typoglyphs/43_glyphs/t43_l04g04.png,keywords/43_keywords/t43_l04g04.md,0,
U1-02_0405,typoglyphs/43_glyphs/t43_l04g05.png,keywords/43_keywords/t43_l04g05.md,0,
U1-02_0406,typoglyphs/43_glyphs/t43_l04g06.png,keywords/43_keywords/t43_l04g06.md,0,
U1-02_0407,typoglyphs/43_glyphs/t43_l04g07.png,keywords/43_keywords/t43_l04g07.md,0,
U1-02_0408,typoglyphs/43_glyphs/t43_l04g08.png,keywords/43_keywords/t43_l04g08.md,0,
U1-02_0409,typoglyphs/43_glyphs/t43_l04g09.png,keywords/43_keywords/t43_l04g09.md,0,
U1-03_0101,typoglyphs/44_glyphs/t44_l01g01.png,keywords/44_keywords/t44_l01g01.md,0,
U1-03_0102,typoglyphs/44_glyphs/t44_l01g02.png,keywords/44_keywords/t44_l01g02.md,0,
U1-03_0103,typoglyphs/44_glyphs/t44_l01g03.png,keywords/44_keywords/t44_l01g03.md,0,
U1-03_0104,typoglyphs/44_glyphs/t44_l01g04.png,keywords/44_keywords/t44_l01g04.md,0,
U1-03_0105,typoglyphs/44_glyphs/t44_l01g05.png,keywords/44_keywords/t44_l01g05.md,0,
U1-03_0106,typoglyphs/44_glyphs/t44_l01g06.png,keywords/44_keywords/t44_l01g06.md,0,
U1-03_0107,typoglyphs/44_glyphs/t44_l01g07.png,keywords/44_keywords/t44_l01g07.md,0,
U1-03_0108,typoglyphs/44_glyphs/t44_l01g08.png,keywords/44_keywords/t44_l01g08.md,0,
U1-03_0109,typoglyphs/44_glyphs/t44_l01g09.png,keywords/44_keywords/t44_l01g09.md,0,
U1-03_0110,typoglyphs/44_glyphs/t44_l01g10.png,keywords/44_keywords/t44_l01g10.md,0,
U1-03_0111,typoglyphs/44_glyphs/t44_l01g11.png,keywords/44_keywords/t44_l01g11.md,0,
U1-03_0112,typoglyphs/44_glyphs/t44_l01g12.png,keywords/44_keywords/t44_l01g12.md,0,
U1-03_0113,typoglyphs/44_glyphs/t44_l01g13.png,keywords/44_keywords/t44_l01g13.md,0,
U1-03_0114,typoglyphs/44_glyphs/t44_l01g14.png,keywords/44_keywords/t44_l01g14.md,0,
U1-03_0115,typoglyphs/44_glyphs/t44_l01g15.png,keywords/44_keywords/t44_l01g15.md,0,
U1-03_0116,typoglyphs/44_glyphs/t44_l01g16.png,keywords/44_keywords/t44_l01g16.md,0,
U1-03_0117,typoglyphs/44_glyphs/t44_l01g17.png,keywords/44_keywords/t44_l01g17.md,0,
U1-03_0118,typoglyphs/44_glyphs/t44_l01g18.png,keywords/44_keywords/t44_l01g18.md,0,
U1-03_0119,typoglyphs/44_glyphs/t44_l01g19.png,keywords/44_keywords/t44_l01g19.md,0,
U1-03_0120,typoglyphs/44_glyphs/t44_l01g20.png,keywords/44_keywords/t44_l01g20.md,0,
U1-03_0121,typoglyphs/44_glyphs/t44_l01g21.png,keywords/44_keywords/t44_l01g21.md,0,
U1-03_0122,typoglyphs/44_glyphs/t44_l01g22.png,keywords/44_keywords/t44_l01g22.md,0,
U1-03_0123,typoglyphs/44_glyphs/t44_l01g23.png,keywords/44_keywords/t44_l01g23.md,0,
U1-03_0201,typoglyphs/44_glyphs/t44_l02g01.png,keywords/44_keywords/t44_l02g01.md,0,
U1-03_0202,typoglyphs/44_glyphs/t44_l02g02.png,keywords/44_keywords/t44_l02g02.md,0,
U1-03_0203,typoglyphs/44_glyphs/t44_l02g03.png,keywords/44_keywords/t44_l02g03.md,0,
U1-03_0204,typoglyphs/44_glyphs/t44_l02g04.png,keywords/44_keywords/t44_l02g04.md,0,
U1-03_0205,typoglyphs/44_glyphs/t44_l02g05.png,keywords/44_keywords/t44_l02g05.md,0,
U1-03_0206,typoglyphs/44_glyphs/t44_l02g06.png,keywords/44_keywords/t44_l02g06.md,0,
U1-03_0207,typoglyphs/44_glyphs/t44_l02g07.png,keywords/44_keywords/t44_l02g07.md,0,
U1-03_0208,typoglyphs/44_glyphs/t44_l02g08.png,keywords/44_keywords/t44_l02g08.md,0,
U1-03_0209,typoglyphs/44_glyphs/t44_l02g09.png,keywords/44_keywords/t44_l02g09.md,0,
U1-03_0210,typoglyphs/44_glyphs/t44_l02g10.png,keywords/44_keywords/t44_l02g10.md,0,
U1-03_0211,typoglyphs/44_glyphs/t44_l02g11.png,keywords/44_keywords/t44_l02g11.md,0,
U1-03_0212,typoglyphs/44_glyphs/t44_l02g12.png,keywords/44_keywords/t44_l02g12.md,0,
U1-03_0213,typoglyphs/44_glyphs/t44_l02g13.png,keywords/44_keywords/t44_l02g13.md,0,
U1-03_0214,typoglyphs/44_glyphs/t44_l02g14.png,keywords/44_keywords/t44_l02g14.md,0,
U1-03_0215,typoglyphs/44_glyphs/t44_l02g15.png,keywords/44_keywords/t44_l02g15.md,0,
U1-03_0216,typoglyphs/44_glyphs/t44_l02g16.png,keywords/44_keywords/t44_l02g16.md,0,
U1-03_0217,typoglyphs/44_glyphs/t44_l02g17.png,keywords/44_keywords/t44_l02g17.md,0,
U1-03_0218,typoglyphs/44_glyphs/t44_l02g18.png,keywords/44_keywords/t44_l02g18.md,0,
U1-03_0219,typoglyphs/44_glyphs/t44_l02g19.png,keywords/44_keywords/t44_l02g19.md,0,
U1-03_0220,typoglyphs/44_glyphs/t44_l02g20.png,keywords/44_keywords/t44_l02g20.md,0,
U1-03_0221,typoglyphs/44_glyphs/t44_l02g21.png,keywords/44_keywords/t44_l02g21.md,0,
U1-03_0222,typoglyphs/44_glyphs/t44_l02g22.png,keywords/44_keywords/t44_l02g22.md,0,
U1-03_0223,typoglyphs/44_glyphs/t44_l02g23.png,keywords/44_keywords/t44_l02g23.md,0,
U1-03_0224,typoglyphs/44_glyphs/t44_l02g24.png,keywords/44_keywords/t44_l02g24.md,0,
U1-03_0225,typoglyphs/44_glyphs/t44_l02g25.png,keywords/44_keywords/t44_l02g25.md,0,
U1-03_0226,typoglyphs/44_glyphs/t44_l02g26.png,keywords/44_keywords/t44_l02g26.md,0,
U1-03_0227,typoglyphs/44_glyphs/t44_l02g27.png,keywords/44_keywords/t44_l02g27.md,0,
U1-03_0228,typoglyphs/44_glyphs/t44_l02g28.png,keywords/44_keywords/t44_l02g28.md,0,
U1-03_0229,typoglyphs/44_glyphs/t44_l02g29.png,keywords/44_keywords/t44_l02g29.md,0,
U1-03_0230,typoglyphs/44_glyphs/t44_l02g30.png,keywords/44_keywords/t44_l02g30.md,0,
U1-03_0231,typoglyphs/44_glyphs/t44_l02g31.png,keywords/44_keywords/t44_l02g31.md,0,
U1-03_0232,typoglyphs/44_glyphs/t44_l02g32.png,keywords/44_keywords/t44_l02g32.md,0,
U1-03_0233,typoglyphs/44_glyphs/t44_l02g33.png,keywords/44_keywords/t44_l02g33.md,0,
U1-03_0234,typoglyphs/44_glyphs/t44_l02g34.png,keywords/44_keywords/t44_l02g34.md,0,
U1-03_0235,typoglyphs/44_glyphs/t44_l02g35.png,keywords/44_keywords/t44_l02g35.md,0,
U1-03_0301,typoglyphs/44_glyphs/t44_l03g01.png,keywords/44_keywords/t44_l03g01.md,0,
U1-03_0302,typoglyphs/44_glyphs/t44_l03g02.png,keywords/44_keywords/t44_l03g02.md,0,
U1-03_0303,typoglyphs/44_glyphs/t44_l03g03.png,keywords/44_keywords/t44_l03g03.md,0,
U1-03_0304,typoglyphs/44_glyphs/t44_l03g04.png,keywords/44_keywords/t44_l03g04.md,0,
U1-03_0305,typoglyphs/44_glyphs/t44_l03g05.png,keywords/44_keywords/t44_l03g05.md,0,
U1-03_0306,typoglyphs/44_glyphs/t44_l03g06.png,keywords/44_keywords/t44_l03g06.md,0,
U1-03_0307,typoglyphs/44_glyphs/t44_l03g07.png,keywords/44_keywords/t44_l03g07.md,0,
U1-03_0308,typoglyphs/44_glyphs/t44_l03g08.png,keywords/44_keywords/t44_l03g08.md,0,
U1-03_0309,typoglyphs/44_glyphs/t44_l03g09.png,keywords/44_keywords/t44_l03g09.md,0,
U1-03_0310,typoglyphs/44_glyphs/t44_l03g10.png,keywords/44_keywords/t44_l03g10.md,0,
U1-03_0311,typoglyphs/44_glyphs/t44_l03g11.png,keywords/44_keywords/t44_l03g11.md,0,
U1-03_0312,typoglyphs/44_glyphs/t44_l03g12.png,keywords/44_keywords/t44_l03g12.md,0,
U1-03_0313,typoglyphs/44_glyphs/t44_l03g13.png,keywords/44_keywords/t44_l03g13.md,0,
U1-03_0314,typoglyphs/44_glyphs/t44_l03g14.png,keywords/44_keywords/t44_l03g14.md,0,
U1-03_0315,typoglyphs/44_glyphs/t44_l03g15.png,keywords/44_keywords/t44_l03g15.md,0,
U1-03_0316,typoglyphs/44_glyphs/t44_l03g16.png,keywords/44_keywords/t44_l03g16.md,0,
U1-03_0317,typoglyphs/44_glyphs/t44_l03g17.png,keywords/44_keywords/t44_l03g17.md,0,
U1-03_0318,typoglyphs/44_glyphs/t44_l03g18.png,keywords/44_keywords/t44_l03g18.md,0,
U1-03_0319,typoglyphs/44_glyphs/t44_l03g19.png,keywords/44_keywords/t44_l03g19.md,0,
U1-03_0320,typoglyphs/44_glyphs/t44_l03g20.png,keywords/44_keywords/t44_l03g20.md,0,
U1-03_0321,typoglyphs/44_glyphs/t44_l03g21.png,keywords/44_keywords/t44_l03g21.md,0,
U1-03_0322,typoglyphs/44_glyphs/t44_l03g22.png,keywords/44_keywords/t44_l03g22.md,0,
U1-03_0323,typoglyphs/44_glyphs/t44_l03g23.png,keywords/44_keywords/t44_l03g23.md,0,
U1-03_0324,typoglyphs/44_glyphs/t44_l03g24.png,keywords/44_keywords/t44_l03g24.md,0,
U1-03_0325,typoglyphs/44_glyphs/t44_l03g25.png,keywords/44_keywords/t44_l03g25.md,0,
U1-03_0326,typoglyphs/44_glyphs/t44_l03g26.png,keywords/44_keywords/t44_l03g26.md,0,
U1-03_0327,typoglyphs/44_glyphs/t44_l03g27.png,keywords/44_keywords/t44_l03g27.md,0,
U1-03_0328,typoglyphs/44_glyphs/t44_l03g28.png,keywords/44_keywords/t44_l03g28.md,0,
U1-03_0329,typoglyphs/44_glyphs/t44_l03g29.png,keywords/44_keywords/t44_l03g29.md,0,
U1-03_0330,typoglyphs/44_glyphs/t44_l03g30.png,keywords/44_keywords/t44_l03g30.md,0,
U1-03_0331,typoglyphs/44_glyphs/t44_l03g31.png,keywords/44_keywords/t44_l03g31.md,0,
U1-03_0401,typoglyphs/44_glyphs/t44_l04g01.png,keywords/44_keywords/t44_l04g01.md,0,
U1-03_0402,typoglyphs/44_glyphs/t44_l04g02.png,keywords/44_keywords/t44_l04g02.md,0,
U1-03_0403,typoglyphs/44_glyphs/t44_l04g03.png,keywords/44_keywords/t44_l04g03.md,0,
U1-03_0404,typoglyphs/44_glyphs/t44_l04g04.png,keywords/44_keywords/t44_l04g04.md,0,
U1-03_0405,typoglyphs/44_glyphs/t44_l04g05.png,keywords/44_keywords/t44_l04g05.md,0,
U1-03_0406,typoglyphs/44_glyphs/t44_l04g06.png,keywords/44_keywords/t44_l04g06.md,0,
U1-03_0407,typoglyphs/44_glyphs/t44_l04g07.png,keywords/44_keywords/t44_l04g07.md,0,
U1-03_0408,typoglyphs/44_glyphs/t44_l04g08.png,keywords/44_keywords/t44_l04g08.md,0,
U1-03_0409,typoglyphs/44_glyphs/t44_l04g09.png,keywords/44_keywords/t44_l04g09.md,0,
U1-03_0410,typoglyphs/44_glyphs/t44_l04g10.png,keywords/44_keywords/t44_l04g10.md,1,descriptions/44_descriptions/t44_l04g10.md
U1-03_0411,typoglyphs/44_glyphs/t44_l04g11.png,keywords/44_keywords/t44_l04g11.md,0,
U1-03_0412,typoglyphs/44_glyphs/t44_l04g12.png,keywords/44_keywords/t44_l04g12.md,0,
U1-03_0413,typoglyphs/44_glyphs/t44_l04g13.png,keywords/44_keywords/t44_l04g13.md,0,
U1-03_0414,typoglyphs/44_glyphs/t44_l04g14.png,keywords/44_keywords/t44_l04g14.md,0,
U1-03_0415,typoglyphs/44_glyphs/t44_l04g15.png,keywords/44_keywords/t44_l04g15.md,0,
U1-03_0416,typoglyphs/44_glyphs/t44_l04g16.png,keywords/44_keywords/t44_l04g16.md,0,
U1-03_0417,typoglyphs/44_glyphs/t44_l04g17.png,keywords/44_keywords/t44_l04g17.md,0,
U1-03_0418,typoglyphs/44_glyphs/t44_l04g18.png,keywords/44_keywords/t44_l04g18.md,0,
U1-03_0419,typoglyphs/44_glyphs/t44_l04g19.png,keywords/44_keywords/t44_l04g19.md,0,
U1-03_0420,typoglyphs/44_glyphs/t44_l04g20.png,keywords/44_keywords/t44_l04g20.md,0,
U1-03_0421,typoglyphs/44_glyphs/t44_l04g21.png,keywords/44_keywords/t44_l04g21.md,0,
U1-03_0422,typoglyphs/44_glyphs/t44_l04g22.png,keywords/44_keywords/t44_l04g22.md,0,
U1-03_0423,typoglyphs/44_glyphs/t44_l04g23.png,keywords/44_keywords/t44_l04g23.md,0,
U1-03_0424,typoglyphs/44_glyphs/t44_l04g24.png,keywords/44_keywords/t44_l04g24.md,0,
U1-03_0425,typoglyphs/44_glyphs/t44_l04g25.png,keywords/44_keywords/t44_l04g25.md,0,
U1-03_0426,typoglyphs/44_glyphs/t44_l04g26.png,keywords/44_keywords/t44_l04g26.md,0,
U1-03_0427,typoglyphs/44_glyphs/t44_l04g27.png,keywords/44_keywords/t44_l04g27.md,0,
U1-03_0428,typoglyphs/44_glyphs/t44_l04g28.png,keywords/44_keywords/t44_l04g28.md,0,
U1-03_0429,typoglyphs/44_glyphs/t44_l04g29.png,keywords/44_keywords/t44_l04g29.md,0,
U1-03_0430,typoglyphs/44_glyphs/t44_l04g30.png,keywords/44_keywords/t44_l04g30.md,0,
U1-03_0501,typoglyphs/44_glyphs/t44_l05g01.png,keywords/44_keywords/t44_l05g01.md,0,
U1-03_0502,typoglyphs/44_glyphs/t44_l05g02.png,keywords/44_keywords/t44_l05g02.md,0,
U1-03_0503,typoglyphs/44_glyphs/t44_l05g03.png,keywords/44_keywords/t44_l05g03.md,0,
U1-03_0504,typoglyphs/44_glyphs/t44_l05g04.png,keywords/44_keywords/t44_l05g04.md,0,
U1-03_0505,typoglyphs/44_glyphs/t44_l05g05.png,keywords/44_keywords/t44_l05g05.md,0,
U1-03_0506,typoglyphs/44_glyphs/t44_l05g06.png,keywords/44_keywords/t44_l05g06.md,0,
U1-03_0507,typoglyphs/44_glyphs/t44_l05g07.png,keywords/44_keywords/t44_l05g07.md,0,
U1-03_0508,typoglyphs/44_glyphs/t44_l05g08.png,keywords/44_keywords/t44_l05g08.md,0,
U1-03_0509,typoglyphs/44_glyphs/t44_l05g09.png,keywords/44_keywords/t44_l05g09.md,0,
U1-03_0510,typoglyphs/44_glyphs/t44_l05g10.png,keywords/44_keywords/t44_l05g10.md,0,
U1-04_0101,typoglyphs/45_glyphs/t45_l01g01.png,keywords/45_keywords/t45_l01g01.md,0,
U1-04_0102,typoglyphs/45_glyphs/t45_l01g02.png,keywords/45_keywords/t45_l01g02.md,0,
U1-04_0103,typoglyphs/45_glyphs/t45_l01g03.png,keywords/45_keywords/t45_l01g03.md,0,
U1-04_0104,typoglyphs/45_glyphs/t45_l01g04.png,keywords/45_keywords/t45_l01g04.md,0,
U1-04_0105,typoglyphs/45_glyphs/t45_l01g05.png,keywords/45_keywords/t45_l01g05.md,0,
U1-04_0106,typoglyphs/45_glyphs/t45_l01g06.png,keywords/45_keywords/t45_l01g06.md,0,
U1-04_0107,typoglyphs/45_glyphs/t45_l01g07.png,keywords/45_keywords/t45_l01g07.md,0,
U1-04_0108,typoglyphs/45_glyphs/t45_l01g08.png,keywords/45_keywords/t45_l01g08.md,0,
U1-04_0109,typoglyphs/45_glyphs/t45_l01g09.png,keywords/45_keywords/t45_l01g09.md,0,
U1-04_0110,typoglyphs/45_glyphs/t45_l01g10.png,keywords/45_keywords/t45_l01g10.md,0,
U1-04_0111,typoglyphs/45_glyphs/t45_l01g11.png,keywords/45_keywords/t45_l01g11.md,0,
U1-04_0112,typoglyphs/45_glyphs/t45_l01g12.png,keywords/45_keywords/t45_l01g12.md,0,
U1-04_0113,typoglyphs/45_glyphs/t45_l01g13.png,keywords/45_keywords/t45_l01g13.md,0,
U1-04_0114,typoglyphs/45_glyphs/t45_l01g14.png,keywords/45_keywords/t45_l01g14.md,0,
U1-04_0115,typoglyphs/45_glyphs/t45_l01g15.png,keywords/45_keywords/t45_l01g15.md,0,
U1-04_0116,typoglyphs/45_glyphs/t45_l01g16.png,keywords/45_keywords/t45_l01g16.md,0,
U1-04_0117,typoglyphs/45_glyphs/t45_l01g17.png,keywords/45_keywords/t45_l01g17.md,0,
U1-04_0118,typoglyphs/45_glyphs/t45_l01g18.png,keywords/45_keywords/t45_l01g18.md,0,
U1-04_0119,typoglyphs/45_glyphs/t45_l01g19.png,keywords/45_keywords/t45_l01g19.md,0,
U1-04_0120,typoglyphs/45_glyphs/t45_l01g20.png,keywords/45_keywords/t45_l01g20.md,0,
U1-04_0121,typoglyphs/45_glyphs/t45_l01g21.png,keywords/45_keywords/t45_l01g21.md,0,
U1-04_0122,typoglyphs/45_glyphs/t45_l01g22.png,keywords/45_keywords/t45_l01g22.md,0,
U1-04_0123,typoglyphs/45_glyphs/t45_l01g23.png,keywords/45_keywords/t45_l01g23.md,0,
U1-04_0201,typoglyphs/45_glyphs/t45_l02g01.png,keywords/45_keywords/t45_l02g01.md,0,
U1-04_0202,typoglyphs/45_glyphs/t45_l02g02.png,keywords/45_keywords/t45_l02g02.md,0,
U1-04_0203,typoglyphs/45_glyphs/t45_l02g03.png,keywords/45_keywords/t45_l02g03.md,0,
U1-04_0204,typoglyphs/45_glyphs/t45_l02g04.png,keywords/45_keywords/t45_l02g04.md,0,
U1-04_0205,typoglyphs/45_glyphs/t45_l02g05.png,keywords/45_keywords/t45_l02g05.md,0,
U1-04_0206,typoglyphs/45_glyphs/t45_l02g06.png,keywords/45_keywords/t45_l02g06.md,0,
U1-04_0207,typoglyphs/45_glyphs/t45_l02g07.png,keywords/45_keywords/t45_l02g07.md,0,
U1-04_0208,typoglyphs/45_glyphs/t45_l02g08.png,keywords/45_keywords/t45_l02g08.md,0,
U1-04_0209,typoglyphs/45_glyphs/t45_l02g09.png,keywords/45_keywords/t45_l02g09.md,0,
U1-04_0210,typoglyphs/45_glyphs/t45_l02g10.png,keywords/45_keywords/t45_l02g10.md,0,
U1-04_0211,typoglyphs/45_glyphs/t45_l02g11.png,keywords/45_keywords/t45_l02g11.md,0,
U1-04_0212,typoglyphs/45_glyphs/t45_l02g12.png,keywords/45_keywords/t45_l02g12.md,0,
U1-04_0213,typoglyphs/45_glyphs/t45_l02g13.png,keywords/45_keywords/t45_l02g13.md,0,
U1-04_0214,typoglyphs/45_glyphs/t45_l02g14.png,keywords/45_keywords/t45_l02g14.md,0,
U1-04_0215,typoglyphs/45_glyphs/t45_l02g15.png,keywords/45_keywords/t45_l02g15.md,0,
U1-04_0216,typoglyphs/45_glyphs/t45_l02g16.png,keywords/45_keywords/t45_l02g16.md,0,
U1-04_0217,typoglyphs/45_glyphs/t45_l02g17.png,keywords/45_keywords/t45_l02g17.md,0,
U1-04_0218,typoglyphs/45_glyphs/t45_l02g18.png,keywords/45_keywords/t45_l02g18.md,0,
U1-04_0219,typoglyphs/45_glyphs/t45_l02g19.png,keywords/45_keywords/t45_l02g19.md,0,
U1-04_0220,typoglyphs/45_glyphs/t45_l02g20.png,keywords/45_keywords/t45_l02g20.md,0,
U1-04_0221,typoglyphs/45_glyphs/t45_l02g21.png,keywords/45_keywords/t45_l02g21.md,0,
U1-04_0222,typoglyphs/45_glyphs/t45_l02g22.png,keywords/45_keywords/t45_l02g22.md,0,
U1-04_0223,typoglyphs/45_glyphs/t45_l02g23.png,keywords/45_keywords/t45_l02g23.md,0,
U1-04_0224,typoglyphs/45_glyphs/t45_l02g24.png,keywords/45_keywords/t45_l02g24.md,0,
U1-04_0225,typoglyphs/45_glyphs/t45_l02g25.png,keywords/45_keywords/t45_l02g25.md,0,
U1-04_0226,typoglyphs/45_glyphs/t45_l02g26.png,keywords/45_keywords/t45_l02g26.md,0,
U1-04_0227,typoglyphs/45_glyphs/t45_l02g27.png,keywords/45_keywords/t45_l02g27.md,0,
U1-04_0228,typoglyphs/45_glyphs/t45_l02g28.png,keywords/45_keywords/t45_l02g28.md,0,
U1-04_0229,typoglyphs/45_glyphs/t45_l02g29.png,keywords/45_keywords/t45_l02g29.md,0,
U1-04_0230,typoglyphs/45_glyphs/t45_l02g30.png,keywords/45_keywords/t45_l02g30.md,0,
U1-04_0231,typoglyphs/45_glyphs/t45_l02g31.png,keywords/45_keywords/t45_l02g31.md,0,
U1-04_0301,typoglyphs/45_glyphs/t45_l03g01.png,keywords/45_keywords/t45_l03g01.md,0,
U1-04_0302,typoglyphs/45_glyphs/t45_l03g02.png,keywords/45_keywords/t45_l03g02.md,0,
U1-04_0303,typoglyphs/45_glyphs/t45_l03g03.png,keywords/45_keywords/t45_l03g03.md,0,
U1-04_0304,typoglyphs/45_glyphs/t45_l03g04.png,keywords/45_keywords/t45_l03g04.md,0,
U1-04_0305,typoglyphs/45_glyphs/t45_l03g05.png,keywords/45_keywords/t45_l03g05.md,0,
U1-04_0306,typoglyphs/45_glyphs/t45_l03g06.png,keywords/45_keywords/t45_l03g06.md,0,
U1-04_0307,typoglyphs/45_glyphs/t45_l03g07.png,keywords/45_keywords/t45_l03g07.md,0,
U1-04_0308,typoglyphs/45_glyphs/t45_l03g08.png,keywords/45_keywords/t45_l03g08.md,0,
U1-04_0309,typoglyphs/45_glyphs/t45_l03g09.png,keywords/45_keywords/t45_l03g09.md,0,
U1-04_0310,typoglyphs/45_glyphs/t45_l03g10.png,keywords/45_keywords/t45_l03g10.md,0,
U1-04_0311,typoglyphs/45_glyphs/t45_l03g11.png,keywords/45_keywords/t45_l03g11.md,0,
U1-04_0312,typoglyphs/45_glyphs/t45_l03g12.png,keywords/45_keywords/t45_l03g12.md,0,
U1-04_0313,typoglyphs/45_glyphs/t45_l03g13.png,keywords/45_keywords/t45_l03g13.md,0,
U1-04_0314,typoglyphs/45_glyphs/t45_l03g14.png,keywords/45_keywords/t45_l03g14.md,0,
U1-04_0315,typoglyphs/45_glyphs/t45_l03g15.png,keywords/45_keywords/t45_l03g15.md,0,
U1-04_0316,typoglyphs/45_glyphs/t45_l03g16.png,keywords/45_keywords/t45_l03g16.md,0,
U1-04_0317,typoglyphs/45_glyphs/t45_l03g17.png,keywords/45_keywords/t45_l03g17.md,0,
U1-04_0318,typoglyphs/45_glyphs/t45_l03g18.png,keywords/45_keywords/t45_l03g18.md,0,
U1-04_0319,typoglyphs/45_glyphs/t45_l03g19.png,keywords/45_keywords/t45_l03g19.md,0,
U1-04_0320,typoglyphs/45_glyphs/t45_l03g20.png,keywords/45_keywords/t45_l03g20.md,0,
U1-04_0321,typoglyphs/45_glyphs/t45_l03g21.png,keywords/45_keywords/t45_l03g21.md,0,
U1-04_0322,typoglyphs/45_glyphs/t45_l03g22.png,keywords/45_keywords/t45_l03g22.md,0,
U1-04_0323,typoglyphs/45_glyphs/t45_l03g23.png,keywords/45_keywords/t45_l03g23.md,0,
U1-05_0101,typoglyphs/46_glyphs/t46_l01g01.png,keywords/46_keywords/t46_l01g01.md,0,
U1-05_0102,typoglyphs/46_glyphs/t46_l01g02.png,keywords/46_keywords/t46_l01g02.md,0,
U1-05_0103,typoglyphs/46_glyphs/t46_l01g03.png,keywords/46_keywords/t46_l01g03.md,0,
U1-05_0104,typoglyphs/46_glyphs/t46_l01g04.png,keywords/46_keywords/t46_l01g04.md,0,
U1-05_0105,typoglyphs/46_glyphs/t46_l01g05.png,keywords/46_keywords/t46_l01g05.md,0,
U1-05_0106,typoglyphs/46_glyphs/t46_l01g06.png,keywords/46_keywords/t46_l01g06.md,0,
U1-05_0107,typoglyphs/46_glyphs/t46_l01g07.png,keywords/46_keywords/t46_l01g07.md,0,
U1-05_0108,typoglyphs/46_glyphs/t46_l01g08.png,keywords/46_keywords/t46_l01g08.md,0,
U1-05_0109,typoglyphs/46_glyphs/t46_l01g09.png,keywords/46_keywords/t46_l01g09.md,0,
U1-05_0110,typoglyphs/46_glyphs/t46_l01g10.png,keywords/46_keywords/t46_l01g10.md,0,
U1-05_0111,typoglyphs/46_glyphs/t46_l01g11.png,keywords/46_keywords/t46_l01g11.md,0,
U1-05_0112,typoglyphs/46_glyphs/t46_l01g12.png,keywords/46_keywords/t46_l01g12.md,0,
U1-05_0113,typoglyphs/46_glyphs/t46_l01g13.png,keywords/46_keywords/t46_l01g13.md,0,
U1-05_0114,typoglyphs/46_glyphs/t46_l01g14.png,keywords/46_keywords/t46_l01g14.md,0,
U1-05_0115,typoglyphs/46_glyphs/t46_l01g15.png,keywords/46_keywords/t46_l01g15.md,0,
U1-05_0116,typoglyphs/46_glyphs/t46_l01g16.png,keywords/46_keywords/t46_l01g16.md,0,
U1-05_0117,typoglyphs/46_glyphs/t46_l01g17.png,keywords/46_keywords/t46_l01g17.md,0,
U1-05_0118,typoglyphs/46_glyphs/t46_l01g18.png,keywords/46_keywords/t46_l01g18.md,0,
U1-05_0119,typoglyphs/46_glyphs/t46_l01g19.png,keywords/46_keywords/t46_l01g19.md,0,
U1-05_0120,typoglyphs/46_glyphs/t46_l01g20.png,keywords/46_keywords/t46_l01g20.md,0,
U1-05_0121,typoglyphs/46_glyphs/t46_l01g21.png,keywords/46_keywords/t46_l01g21.md,0,
U1-05_0122,typoglyphs/46_glyphs/t46_l01g22.png,keywords/46_keywords/t46_l01g22.md,0,
U1-05_0123,typoglyphs/46_glyphs/t46_l01g23.png,keywords/46_keywords/t46_l01g23.md,0,
U1-05_0124,typoglyphs/46_glyphs/t46_l01g24.png,keywords/46_keywords/t46_l01g24.md,0,
U1-05_0201,typoglyphs/46_glyphs/t46_l02g01.png,keywords/46_keywords/t46_l02g01.md,0,
U1-05_0202,typoglyphs/46_glyphs/t46_l02g02.png,keywords/46_keywords/t46_l02g02.md,0,
U1-05_0203,typoglyphs/46_glyphs/t46_l02g03.png,keywords/46_keywords/t46_l02g03.md,0,
U1-05_0204,typoglyphs/46_glyphs/t46_l02g04.png,keywords/46_keywords/t46_l02g04.md,0,
U1-05_0205,typoglyphs/46_glyphs/t46_l02g05.png,keywords/46_keywords/t46_l02g05.md,0,
U1-05_0206,typoglyphs/46_glyphs/t46_l02g06.png,keywords/46_keywords/t46_l02g06.md,0,
U1-05_0207,typoglyphs/46_glyphs/t46_l02g07.png,keywords/46_keywords/t46_l02g07.md,0,
U1-05_0208,typoglyphs/46_glyphs/t46_l02g08.png,keywords/46_keywords/t46_l02g08.md,0,
U1-05_0209,typoglyphs/46_glyphs/t46_l02g09.png,keywords/46_keywords/t46_l02g09.md,0,
U1-05_0210,typoglyphs/46_glyphs/t46_l02g10.png,keywords/46_keywords/t46_l02g10.md,0,
U1-05_0211,typoglyphs/46_glyphs/t46_l02g11.png,keywords/46_keywords/t46_l02g11.md,0,
U1-05_0212,typoglyphs/46_glyphs/t46_l02g12.png,keywords/46_keywords/t46_l02g12.md,0,
U1-05_0213,typoglyphs/46_glyphs/t46_l02g13.png,keywords/46_keywords/t46_l02g13.md,0,
U1-05_0214,typoglyphs/46_glyphs/t46_l02g14.png,keywords/46_keywords/t46_l02g14.md,0,
U1-05_0215,typoglyphs/46_glyphs/t46_l02g15.png,keywords/46_keywords/t46_l02g15.md,0,
U1-05_0216,typoglyphs/46_glyphs/t46_l02g16.png,keywords/46_keywords/t46_l02g16.md,0,
U1-05_0217,typoglyphs/46_glyphs/t46_l02g17.png,keywords/46_keywords/t46_l02g17.md,0,
U1-05_0218,typoglyphs/46_glyphs/t46_l02g18.png,keywords/46_keywords/t46_l02g18.md,0,
U1-05_0219,typoglyphs/46_glyphs/t46_l02g19.png,keywords/46_keywords/t46_l02g19.md,0,
U1-05_0220,typoglyphs/46_glyphs/t46_l02g20.png,keywords/46_keywords/t46_l02g20.md,0,
U1-05_0221,typoglyphs/46_glyphs/t46_l02g21.png,keywords/46_keywords/t46_l02g21.md,0,
U1-05_0222,typoglyphs/46_glyphs/t46_l02g22.png,keywords/46_keywords/t46_l02g22.md,0,
U1-05_0223,typoglyphs/46_glyphs/t46_l02g23.png,keywords/46_keywords/t46_l02g23.md,0,
U1-05_0224,typoglyphs/46_glyphs/t46_l02g24.png,keywords/46_keywords/t46_l02g24.md,0,
U1-05_0225,typoglyphs/46_glyphs/t46_l02g25.png,keywords/46_keywords/t46_l02g25.md,0,
U1-05_0226,typoglyphs/46_glyphs/t46_l02g26.png,keywords/46_keywords/t46_l02g26.md,0,
U1-05_0227,typoglyphs/46_glyphs/t46_l02g27.png,keywords/46_keywords/t46_l02g27.md,0,
U1-05_0228,typoglyphs/46_glyphs/t46_l02g28.png,keywords/46_keywords/t46_l02g28.md,0,
U1-05_0229,typoglyphs/46_glyphs/t46_l02g29.png,keywords/46_keywords/t46_l02g29.md,0,
U1-05_0230,typoglyphs/46_glyphs/t46_l02g30.png,keywords/46_keywords/t46_l02g30.md,0,
U1-05_0231,typoglyphs/46_glyphs/t46_l02g31.png,keywords/46_keywords/t46_l02g31.md,0,
U1-05_0232,typoglyphs/46_glyphs/t46_l02g32.png,keywords/46_keywords/t46_l02g32.md,0,
U1-05_0233,typoglyphs/46_glyphs/t46_l02g33.png,keywords/46_keywords/t46_l02g33.md,0,
U1-05_0234,typoglyphs/46_glyphs/t46_l02g34.png,keywords/46_keywords/t46_l02g34.md,0,
U1-05_0235,typoglyphs/46_glyphs/t46_l02g35.png,keywords/46_keywords/t46_l02g35.md,0,
U1-05_0236,typoglyphs/46_glyphs/t46_l02g36.png,keywords/46_keywords/t46_l02g36.md,0,
U1-05_0237,typoglyphs/46_glyphs/t46_l02g37.png,keywords/46_keywords/t46_l02g37.md,0,
U1-05_0238,typoglyphs/46_glyphs/t46_l02g38.png,keywords/46_keywords/t46_l02g38.md,0,
U1-05_0239,typoglyphs/46_glyphs/t46_l02g39.png,keywords/46_keywords/t46_l02g39.md,0,
U1-05_0240,typoglyphs/46_glyphs/t46_l02g40.png,keywords/46_keywords/t46_l02g40.md,0,
U1-05_0301,typoglyphs/46_glyphs/t46_l03g01.png,keywords/46_keywords/t46_l03g01.md,0,
U1-05_0302,typoglyphs/46_glyphs/t46_l03g02.png,keywords/46_keywords/t46_l03g02.md,0,
U1-05_0303,typoglyphs/46_glyphs/t46_l03g03.png,keywords/46_keywords/t46_l03g03.md,0,
U1-05_0304,typoglyphs/46_glyphs/t46_l03g04.png,keywords/46_keywords/t46_l03g04.md,0,
U1-05_0305,typoglyphs/46_glyphs/t46_l03g05.png,keywords/46_keywords/t46_l03g05.md,0,
U1-05_0306,typoglyphs/46_glyphs/t46_l03g06.png,keywords/46_keywords/t46_l03g06.md,0,
U1-05_0307,typoglyphs/46_glyphs/t46_l03g07.png,keywords/46_keywords/t46_l03g07.md,0,
U1-05_0308,typoglyphs/46_glyphs/t46_l03g08.png,keywords/46_keywords/t46_l03g08.md,0,
U1-05_0309,typoglyphs/46_glyphs/t46_l03g09.png,keywords/46_keywords/t46_l03g09.md,0,
U1-05_0310,typoglyphs/46_glyphs/t46_l03g10.png,keywords/46_keywords/t46_l03g10.md,0,
U1-05_0311,typoglyphs/46_glyphs/t46_l03g11.png,keywords/46_keywords/t46_l03g11.md,0,
U1-05_0312,typoglyphs/46_glyphs/t46_l03g12.png,keywords/46_keywords/t46_l03g12.md,0,
U1-05_0313,typoglyphs/46_glyphs/t46_l03g13.png,keywords/46_keywords/t46_l03g13.md,0,
U1-05_0314,typoglyphs/46_glyphs/t46_l03g14.png,keywords/46_keywords/t46_l03g14.md,0,
U1-05_0315,typoglyphs/46_glyphs/t46_l03g15.png,keywords/46_keywords/t46_l03g15.md,0,
U1-05_0316,typoglyphs/46_glyphs/t46_l03g16.png,keywords/46_keywords/t46_l03g16.md,0,
U1-05_0317,typoglyphs/46_glyphs/t46_l03g17.png,keywords/46_keywords/t46_l03g17.md,0,
U1-05_0318,typoglyphs/46_glyphs/t46_l03g18.png,keywords/46_keywords/t46_l03g18.md,0,
U1-05_0319,typoglyphs/46_glyphs/t46_l03g19.png,keywords/46_keywords/t46_l03g19.md,0,
U1-05_0320,typoglyphs/46_glyphs/t46_l03g20.png,keywords/46_keywords/t46_l03g20.md,0,
U1-05_0321,typoglyphs/46_glyphs/t46_l03g21.png,keywords/46_keywords/t46_l03g21.md,0,
U1-05_0322,typoglyphs/46_glyphs/t46_l03g22.png,keywords/46_keywords/t46_l03g22.md,0,
U1-05_0323,typoglyphs/46_glyphs/t46_l03g23.png,keywords/46_keywords/t46_l03g23.md,0,
U1-05_0324,typoglyphs/46_glyphs/t46_l03g24.png,keywords/46_keywords/t46_l03g24.md,0,
U1-05_0325,typoglyphs/46_glyphs/t46_l03g25.png,keywords/46_keywords/t46_l03g25.md,0,
U1-05_0326,typoglyphs/46_glyphs/t46_l03g26.png,keywords/46_keywords/t46_l03g26.md,0,
U1-05_0327,typoglyphs/46_glyphs/t46_l03g27.png,keywords/46_keywords/t46_l03g27.md,0,
U1-05_0328,typoglyphs/46_glyphs/t46_l03g28.png,keywords/46_keywords/t46_l03g28.md,0,
U1-05_0329,typoglyphs/46_glyphs/t46_l03g29.png,keywords/46_keywords/t46_l03g29.md,0,
U1-05_0330,typoglyphs/46_glyphs/t46_l03g30.png,keywords/46_keywords/t46_l03g30.md,0,
U1-05_0331,typoglyphs/46_glyphs/t46_l03g31.png,keywords/46_keywords/t46_l03g31.md,0,
U1-06_0101,typoglyphs/47_glyphs/t47_l01g01.png,keywords/47_keywords/t47_l01g01.md,0,
U1-06_0102,typoglyphs/47_glyphs/t47_l01g02.png,keywords/47_keywords/t47_l01g02.md,0,
U1-06_0103,typoglyphs/47_glyphs/t47_l01g03.png,keywords/47_keywords/t47_l01g03.md,0,
U1-06_0104,typoglyphs/47_glyphs/t47_l01g04.png,keywords/47_keywords/t47_l01g04.md,0,
U1-06_0105,typoglyphs/47_glyphs/t47_l01g05.png,keywords/47_keywords/t47_l01g05.md,0,
U1-06_0106,typoglyphs/47_glyphs/t47_l01g06.png,keywords/47_keywords/t47_l01g06.md,0,
U1-06_0107,typoglyphs/47_glyphs/t47_l01g07.png,keywords/47_keywords/t47_l01g07.md,0,
U1-06_0108,typoglyphs/47_glyphs/t47_l01g08.png,keywords/47_keywords/t47_l01g08.md,0,
U1-06_0109,typoglyphs/47_glyphs/t47_l01g09.png,keywords/47_keywords/t47_l01g09.md,0,
U1-06_0110,typoglyphs/47_glyphs/t47_l01g10.png,keywords/47_keywords/t47_l01g10.md,0,
U1-06_0111,typoglyphs/47_glyphs/t47_l01g11.png,keywords/47_keywords/t47_l01g11.md,0,
U1-06_0112,typoglyphs/47_glyphs/t47_l01g12.png,keywords/47_keywords/t47_l01g12.md,0,
U1-06_0113,typoglyphs/47_glyphs/t47_l01g13.png,keywords/47_keywords/t47_l01g13.md,0,
U1-06_0114,typoglyphs/47_glyphs/t47_l01g14.png,keywords/47_keywords/t47_l01g14.md,0,
U1-06_0115,typoglyphs/47_glyphs/t47_l01g15.png,keywords/47_keywords/t47_l01g15.md,0,
U1-06_0116,typoglyphs/47_glyphs/t47_l01g16.png,keywords/47_keywords/t47_l01g16.md,0,
U1-06_0117,typoglyphs/47_glyphs/t47_l01g17.png,keywords/47_keywords/t47_l01g17.md,0,
U1-06_0118,typoglyphs/47_glyphs/t47_l01g18.png,keywords/47_keywords/t47_l01g18.md,0,
U1-06_0119,typoglyphs/47_glyphs/t47_l01g19.png,keywords/47_keywords/t47_l01g19.md,0,
U1-06_0120,typoglyphs/47_glyphs/t47_l01g20.png,keywords/47_keywords/t47_l01g20.md,0,
U1-06_0121,typoglyphs/47_glyphs/t47_l01g21.png,keywords/47_keywords/t47_l01g21.md,0,
U1-06_0122,typoglyphs/47_glyphs/t47_l01g22.png,keywords/47_keywords/t47_l01g22.md,0,
U1-06_0123,typoglyphs/47_glyphs/t47_l01g23.png,keywords/47_keywords/t47_l01g23.md,0,
U1-06_0124,typoglyphs/47_glyphs/t47_l01g24.png,keywords/47_keywords/t47_l01g24.md,0,
U1-06_0125,typoglyphs/47_glyphs/t47_l01g25.png,keywords/47_keywords/t47_l01g25.md,0,
U1-06_0126,typoglyphs/47_glyphs/t47_l01g26.png,keywords/47_keywords/t47_l01g26.md,0,
U1-06_0127,typoglyphs/47_glyphs/t47_l01g27.png,keywords/47_keywords/t47_l01g27.md,0,
U1-06_0201,typoglyphs/47_glyphs/t47_l02g01.png,keywords/47_keywords/t47_l02g01.md,0,
U1-06_0202,typoglyphs/47_glyphs/t47_l02g02.png,keywords/47_keywords/t47_l02g02.md,0,
U1-06_0203,typoglyphs/47_glyphs/t47_l02g03.png,keywords/47_keywords/t47_l02g03.md,0,
U1-06_0204,typoglyphs/47_glyphs/t47_l02g04.png,keywords/47_keywords/t47_l02g04.md,0,
U1-06_0205,typoglyphs/47_glyphs/t47_l02g05.png,keywords/47_keywords/t47_l02g05.md,0,
U1-06_0206,typoglyphs/47_glyphs/t47_l02g06.png,keywords/47_keywords/t47_l02g06.md,0,
U1-06_0207,typoglyphs/47_glyphs/t47_l02g07.png,keywords/47_keywords/t47_l02g07.md,0,
U1-06_0208,typoglyphs/47_glyphs/t47_l02g08.png,keywords/47_keywords/t47_l02g08.md,0,
U1-06_0209,typoglyphs/47_glyphs/t47_l02g09.png,keywords/47_keywords/t47_l02g09.md,0,
U1-06_0210,typoglyphs/47_glyphs/t47_l02g10.png,keywords/47_keywords/t47_l02g10.md,0,
U1-06_0211,typoglyphs/47_glyphs/t47_l02g11.png,keywords/47_keywords/t47_l02g11.md,0,
U1-06_0212,typoglyphs/47_glyphs/t47_l02g12.png,keywords/47_keywords/t47_l02g12.md,0,
U1-06_0213,typoglyphs/47_glyphs/t47_l02g13.png,keywords/47_keywords/t47_l02g13.md,0,
U1-06_0214,typoglyphs/47_glyphs/t47_l02g14.png,keywords/47_keywords/t47_l02g14.md,0,
U1-06_0215,typoglyphs/47_glyphs/t47_l02g15.png,keywords/47_keywords/t47_l02g15.md,0,
U1-06_0216,typoglyphs/47_glyphs/t47_l02g16.png,keywords/47_keywords/t47_l02g16.md,0,
U1-06_0217,typoglyphs/47_glyphs/t47_l02g17.png,keywords/47_keywords/t47_l02g17.md,0,
U1-06_0218,typoglyphs/47_glyphs/t47_l02g18.png,keywords/47_keywords/t47_l02g18.md,0,
U1-06_0219,typoglyphs/47_glyphs/t47_l02g19.png,keywords/47_keywords/t47_l02g19.md,0,
U1-06_0220,typoglyphs/47_glyphs/t47_l02g20.png,keywords/47_keywords/t47_l02g20.md,0,
U1-06_0221,typoglyphs/47_glyphs/t47_l02g21.png,keywords/47_keywords/t47_l02g21.md,0,
U1-06_0222,typoglyphs/47_glyphs/t47_l02g22.png,keywords/47_keywords/t47_l02g22.md,0,
U1-06_0223,typoglyphs/47_glyphs/t47_l02g23.png,keywords/47_keywords/t47_l02g23.md,0,
U1-06_0224,typoglyphs/47_glyphs/t47_l02g24.png,keywords/47_keywords/t47_l02g24.md,0,
U1-06_0225,typoglyphs/47_glyphs/t47_l02g25.png,keywords/47_keywords/t47_l02g25.md,0,
U1-06_0226,typoglyphs/47_glyphs/t47_l02g26.png,keywords/47_keywords/t47_l02g26.md,0,
U1-06_0227,typoglyphs/47_glyphs/t47_l02g27.png,keywords/47_keywords/t47_l02g27.md,0,
U1-06_0228,typoglyphs/47_glyphs/t47_l02g28.png,keywords/47_keywords/t47_l02g28.md,0,
U1-06_0229,typoglyphs/47_glyphs/t47_l02g29.png,keywords/47_keywords/t47_l02g29.md,0,
U1-06_0230,typoglyphs/47_glyphs/t47_l02g30.png,keywords/47_keywords/t47_l02g30.md,0,
U1-06_0231,typoglyphs/47_glyphs/t47_l02g31.png,keywords/47_keywords/t47_l02g31.md,0,
U1-06_0232,typoglyphs/47_glyphs/t47_l02g32.png,keywords/47_keywords/t47_l02g32.md,0,
U1-06_0233,typoglyphs/47_glyphs/t47_l02g33.png,keywords/47_keywords/t47_l02g33.md,0,
U1-06_0234,typoglyphs/47_glyphs/t47_l02g34.png,keywords/47_keywords/t47_l02g34.md,0,
U1-06_0235,typoglyphs/47_glyphs/t47_l02g35.png,keywords/47_keywords/t47_l02g35.md,0,
U1-06_0236,typoglyphs/47_glyphs/t47_l02g36.png,keywords/47_keywords/t47_l02g36.md,0,
U1-06_0237,typoglyphs/47_glyphs/t47_l02g37.png,keywords/47_keywords/t47_l02g37.md,0,
U1-06_0238,typoglyphs/47_glyphs/t47_l02g38.png,keywords/47_keywords/t47_l02g38.md,0,
U1-06_0301,typoglyphs/47_glyphs/t47_l03g01.png,keywords/47_keywords/t47_l03g01.md,0,
U1-06_0302,typoglyphs/47_glyphs/t47_l03g02.png,keywords/47_keywords/t47_l03g02.md,0,
U1-06_0303,typoglyphs/47_glyphs/t47_l03g03.png,keywords/47_keywords/t47_l03g03.md,0,
U1-06_0304,typoglyphs/47_glyphs/t47_l03g04.png,keywords/47_keywords/t47_l03g04.md,0,
U1-06_0305,typoglyphs/47_glyphs/t47_l03g05.png,keywords/47_keywords/t47_l03g05.md,0,
U1-06_0306,typoglyphs/47_glyphs/t47_l03g06.png,keywords/47_keywords/t47_l03g06.md,0,
U1-06_0307,typoglyphs/47_glyphs/t47_l03g07.png,keywords/47_keywords/t47_l03g07.md,0,
U1-06_0308,typoglyphs/47_glyphs/t47_l03g08.png,keywords/47_keywords/t47_l03g08.md,0,
U1-06_0309,typoglyphs/47_glyphs/t47_l03g09.png,keywords/47_keywords/t47_l03g09.md,0,
U1-06_0310,typoglyphs/47_glyphs/t47_l03g10.png,keywords/47_keywords/t47_l03g10.md,0,
U1-06_0311,typoglyphs/47_glyphs/t47_l03g11.png,keywords/47_keywords/t47_l03g11.md,0,
U1-06_0312,typoglyphs/47_glyphs/t47_l03g12.png,keywords/47_keywords/t47_l03g12.md,0,
U1-06_0313,typoglyphs/47_glyphs/t47_l03g13.png,keywords/47_keywords/t47_l03g13.md,0,
U1-06_0314,typoglyphs/47_glyphs/t47_l03g14.png,keywords/47_keywords/t47_l03g14.md,0,
U1-06_0315,typoglyphs/47_glyphs/t47_l03g15.png,keywords/47_keywords/t47_l03g15.md,0,
U1-06_0316,typoglyphs/47_glyphs/t47_l03g16.png,keywords/47_keywords/t47_l03g16.md,0,
U1-06_0317,typoglyphs/47_glyphs/t47_l03g17.png,keywords/47_keywords/t47_l03g17.md,0,
U1-06_0318,typoglyphs/47_glyphs/t47_l03g18.png,keywords/47_keywords/t47_l03g18.md,0,
U1-06_0319,typoglyphs/47_glyphs/t47_l03g19.png,keywords/47_keywords/t47_l03g19.md,0,
U1-06_0320,typoglyphs/47_glyphs/t47_l03g20.png,keywords/47_keywords/t47_l03g20.md,0,
U1-06_0321,typoglyphs/47_glyphs/t47_l03g21.png,keywords/47_keywords/t47_l03g21.md,0,
U1-06_0322,typoglyphs/47_glyphs/t47_l03g22.png,keywords/47_keywords/t47_l03g22.md,0,
U1-06_0323,typoglyphs/47_glyphs/t47_l03g23.png,keywords/47_keywords/t47_l03g23.md,0,
U1-06_0324,typoglyphs/47_glyphs/t47_l03g24.png,keywords/47_keywords/t47_l03g24.md,0,
U1-06_0325,typoglyphs/47_glyphs/t47_l03g25.png,keywords/47_keywords/t47_l03g25.md,0,
U1-06_0326,typoglyphs/47_glyphs/t47_l03g26.png,keywords/47_keywords/t47_l03g26.md,0,
U1-06_0327,typoglyphs/47_glyphs/t47_l03g27.png,keywords/47_keywords/t47_l03g27.md,0,
U1-06_0328,typoglyphs/47_glyphs/t47_l03g28.png,keywords/47_keywords/t47_l03g28.md,0,
U1-06_0329,typoglyphs/47_glyphs/t47_l03g29.png,keywords/47_keywords/t47_l03g29.md,0,
U1-06_0330,typoglyphs/47_glyphs/t47_l03g30.png,keywords/47_keywords/t47_l03g30.md,0,
U1-06_0331,typoglyphs/47_glyphs/t47_l03g31.png,keywords/47_keywords/t47_l03g31.md,0,
U1-06_0332,typoglyphs/47_glyphs/t47_l03g32.png,keywords/47_keywords/t47_l03g32.md,0,
U1-06_0333,typoglyphs/47_glyphs/t47_l03g33.png,keywords/47_keywords/t47_l03g33.md,0,
U1-06_0334,typoglyphs/47_glyphs/t47_l03g34.png,keywords/47_keywords/t47_l03g34.md,0,
U1-06_0335,typoglyphs/47_glyphs/t47_l03g35.png,keywords/47_keywords/t47_l03g35.md,0,
U1-06_0336,typoglyphs/47_glyphs/t47_l03g36.png,keywords/47_keywords/t47_l03g36.md,0,
U1-06_0337,typoglyphs/47_glyphs/t47_l03g37.png,keywords/47_keywords/t47_l03g37.md,0,
U1-06_0401,typoglyphs/47_glyphs/t47_l04g01.png,keywords/47_keywords/t47_l04g01.md,0,
U1-06_0402,typoglyphs/47_glyphs/t47_l04g02.png,keywords/47_keywords/t47_l04g02.md,0,
U1-06_0403,typoglyphs/47_glyphs/t47_l04g03.png,keywords/47_keywords/t47_l04g03.md,1,descriptions/47_descriptions/t47_l04g03.md
U1-06_0404,typoglyphs/47_glyphs/t47_l04g04.png,keywords/47_keywords/t47_l04g04.md,1,descriptions/47_descriptions/t47_l04g04.md
U1-06_0405,typoglyphs/47_glyphs/t47_l04g05.png,keywords/47_keywords/t47_l04g05.md,0,
U1-06_0406,typoglyphs/47_glyphs/t47_l04g06.png,keywords/47_keywords/t47_l04g06.md,0,
U1-06_0407,typoglyphs/47_glyphs/t47_l04g07.png,keywords/47_keywords/t47_l04g07.md,0,
U1-06_0408,typoglyphs/47_glyphs/t47_l04g08.png,keywords/47_keywords/t47_l04g08.md,0,
U1-06_0409,typoglyphs/47_glyphs/t47_l04g09.png,keywords/47_keywords/t47_l04g09.md,0,
U1-06_0410,typoglyphs/47_glyphs/t47_l04g10.png,keywords/47_keywords/t47_l04g10.md,0,
U1-06_0411,typoglyphs/47_glyphs/t47_l04g11.png,keywords/47_keywords/t47_l04g11.md,0,
U1-06_0412,typoglyphs/47_glyphs/t47_l04g12.png,keywords/47_keywords/t47_l04g12.md,0,
U1-06_0413,typoglyphs/47_glyphs/t47_l04g13.png,keywords/47_keywords/t47_l04g13.md,0,
U1-06_0414,typoglyphs/47_glyphs/t47_l04g14.png,keywords/47_keywords/t47_l04g14.md,0,
U1-06_0415,typoglyphs/47_glyphs/t47_l04g15.png,keywords/47_keywords/t47_l04g15.md,0,
U1-06_0416,typoglyphs/47_glyphs/t47_l04g16.png,keywords/47_keywords/t47_l04g16.md,0,
U1-06_0417,typoglyphs/47_glyphs/t47_l04g17.png,keywords/47_keywords/t47_l04g17.md,0,
U1-06_0418,typoglyphs/47_glyphs/t47_l04g18.png,keywords/47_keywords/t47_l04g18.md,0,
U1-06_0419,typoglyphs/47_glyphs/t47_l04g19.png,keywords/47_keywords/t47_l04g19.md,0,
U1-06_0420,typoglyphs/47_glyphs/t47_l04g20.png,keywords/47_keywords/t47_l04g20.md,0,
U1-06_0421,typoglyphs/47_glyphs/t47_l04g21.png,keywords/47_keywords/t47_l04g21.md,0,
U1-06_0422,typoglyphs/47_glyphs/t47_l04g22.png,keywords/47_keywords/t47_l04g22.md,0,
U1-06_0423,typoglyphs/47_glyphs/t47_l04g23.png,keywords/47_keywords/t47_l04g23.md,0,
U1-06_0424,typoglyphs/47_glyphs/t47_l04g24.png,keywords/47_keywords/t47_l04g24.md,0,
U1-06_0425,typoglyphs/47_glyphs/t47_l04g25.png,keywords/47_keywords/t47_l04g25.md,0,
U1-06_0426,typoglyphs/47_glyphs/t47_l04g26.png,keywords/47_keywords/t47_l04g26.md,0,
U1-07_0101,typoglyphs/48_glyphs/t48_l01g01.png,keywords/48_keywords/t48_l01g01.md,0,
U1-07_0102,typoglyphs/48_glyphs/t48_l01g02.png,keywords/48_keywords/t48_l01g02.md,0,
U1-07_0103,typoglyphs/48_glyphs/t48_l01g03.png,keywords/48_keywords/t48_l01g03.md,0,
U1-07_0104,typoglyphs/48_glyphs/t48_l01g04.png,keywords/48_keywords/t48_l01g04.md,0,
U1-07_0105,typoglyphs/48_glyphs/t48_l01g05.png,keywords/48_keywords/t48_l01g05.md,0,
U1-07_0106,typoglyphs/48_glyphs/t48_l01g06.png,keywords/48_keywords/t48_l01g06.md,0,
U1-07_0107,typoglyphs/48_glyphs/t48_l01g07.png,keywords/48_keywords/t48_l01g07.md,0,
U1-07_0108,typoglyphs/48_glyphs/t48_l01g08.png,keywords/48_keywords/t48_l01g08.md,0,
U1-07_0109,typoglyphs/48_glyphs/t48_l01g09.png,keywords/48_keywords/t48_l01g09.md,0,
U1-07_0110,typoglyphs/48_glyphs/t48_l01g10.png,keywords/48_keywords/t48_l01g10.md,0,
U1-07_0111,typoglyphs/48_glyphs/t48_l01g11.png,keywords/48_keywords/t48_l01g11.md,0,
U1-07_0112,typoglyphs/48_glyphs/t48_l01g12.png,keywords/48_keywords/t48_l01g12.md,0,
U1-07_0113,typoglyphs/48_glyphs/t48_l01g13.png,keywords/48_keywords/t48_l01g13.md,0,
U1-07_0114,typoglyphs/48_glyphs/t48_l01g14.png,keywords/48_keywords/t48_l01g14.md,0,
U1-07_0115,typoglyphs/48_glyphs/t48_l01g15.png,keywords/48_keywords/t48_l01g15.md,0,
U1-07_0116,typoglyphs/48_glyphs/t48_l01g16.png,keywords/48_keywords/t48_l01g16.md,0,
U1-07_0117,typoglyphs/48_glyphs/t48_l01g17.png,keywords/48_keywords/t48_l01g17.md,0,
U1-07_0118,typoglyphs/48_glyphs/t48_l01g18.png,keywords/48_keywords/t48_l01g18.md,0,
U1-07_0119,typoglyphs/48_glyphs/t48_l01g19.png,keywords/48_keywords/t48_l01g19.md,0,
U1-07_0120,typoglyphs/48_glyphs/t48_l01g20.png,keywords/48_keywords/t48_l01g20.md,0,
U1-07_0121,typoglyphs/48_glyphs/t48_l01g21.png,keywords/48_keywords/t48_l01g21.md,0,
U1-07_0201,typoglyphs/48_glyphs/t48_l02g01.png,keywords/48_keywords/t48_l02g01.md,0,
U1-07_0202,typoglyphs/48_glyphs/t48_l02g02.png,keywords/48_keywords/t48_l02g02.md,0,
U1-07_0203,typoglyphs/48_glyphs/t48_l02g03.png,keywords/48_keywords/t48_l02g03.md,0,
U1-07_0204,typoglyphs/48_glyphs/t48_l02g04.png,keywords/48_keywords/t48_l02g04.md,0,
U1-07_0205,typoglyphs/48_glyphs/t48_l02g05.png,keywords/48_keywords/t48_l02g05.md,0,
U1-07_0206,typoglyphs/48_glyphs/t48_l02g06.png,keywords/48_keywords/t48_l02g06.md,0,
U1-07_0207,typoglyphs/48_glyphs/t48_l02g07.png,keywords/48_keywords/t48_l02g07.md,0,
U1-07_0208,typoglyphs/48_glyphs/t48_l02g08.png,keywords/48_keywords/t48_l02g08.md,0,
U1-07_0209,typoglyphs/48_glyphs/t48_l02g09.png,keywords/48_keywords/t48_l02g09.md,0,
U1-07_0210,typoglyphs/48_glyphs/t48_l02g10.png,keywords/48_keywords/t48_l02g10.md,0,
U1-07_0211,typoglyphs/48_glyphs/t48_l02g11.png,keywords/48_keywords/t48_l02g11.md,0,
U1-07_0212,typoglyphs/48_glyphs/t48_l02g12.png,keywords/48_keywords/t48_l02g12.md,0,
U1-07_0213,typoglyphs/48_glyphs/t48_l02g13.png,keywords/48_keywords/t48_l02g13.md,0,
U1-07_0214,typoglyphs/48_glyphs/t48_l02g14.png,keywords/48_keywords/t48_l02g14.md,0,
U1-07_0215,typoglyphs/48_glyphs/t48_l02g15.png,keywords/48_keywords/t48_l02g15.md,0,
U1-07_0216,typoglyphs/48_glyphs/t48_l02g16.png,keywords/48_keywords/t48_l02g16.md,0,
U1-07_0217,typoglyphs/48_glyphs/t48_l02g17.png,keywords/48_keywords/t48_l02g17.md,0,
U1-07_0218,typoglyphs/48_glyphs/t48_l02g18.png,keywords/48_keywords/t48_l02g18.md,0,
U1-07_0219,typoglyphs/48_glyphs/t48_l02g19.png,keywords/48_keywords/t48_l02g19.md,0,
U1-07_0220,typoglyphs/48_glyphs/t48_l02g20.png,keywords/48_keywords/t48_l02g20.md,0,
U1-07_0221,typoglyphs/48_glyphs/t48_l02g21.png,keywords/48_keywords/t48_l02g21.md,0,
U1-07_0222,typoglyphs/48_glyphs/t48_l02g22.png,keywords/48_keywords/t48_l02g22.md,0,
U1-07_0223,typoglyphs/48_glyphs/t48_l02g23.png,keywords/48_keywords/t48_l02g23.md,0,
U1-07_0224,typoglyphs/48_glyphs/t48_l02g24.png,keywords/48_keywords/t48_l02g24.md,0,
U1-07_0225,typoglyphs/48_glyphs/t48_l02g25.png,keywords/48_keywords/t48_l02g25.md,0,
U1-07_0226,typoglyphs/48_glyphs/t48_l02g26.png,keywords/48_keywords/t48_l02g26.md,0,
U1-07_0227,typoglyphs/48_glyphs/t48_l02g27.png,keywords/48_keywords/t48_l02g27.md,0,
U1-07_0228,typoglyphs/48_glyphs/t48_l02g28.png,keywords/48_keywords/t48_l02g28.md,0,
U1-07_0229,typoglyphs/48_glyphs/t48_l02g29.png,keywords/48_keywords/t48_l02g29.md,0,
U1-07_0230,typoglyphs/48_glyphs/t48_l02g30.png,keywords/48_keywords/t48_l02g30.md,0,
U1-07_0231,typoglyphs/48_glyphs/t48_l02g31.png,keywords/48_keywords/t48_l02g31.md,0,
U1-07_0232,typoglyphs/48_glyphs/t48_l02g32.png,keywords/48_keywords/t48_l02g32.md,0,
U1-07_0301,typoglyphs/48_glyphs/t48_l03g01.png,keywords/48_keywords/t48_l03g01.md,0,
U1-07_0302,typoglyphs/48_glyphs/t48_l03g02.png,keywords/48_keywords/t48_l03g02.md,0,
U1-07_0303,typoglyphs/48_glyphs/t48_l03g03.png,keywords/48_keywords/t48_l03g03.md,0,
U1-07_0304,typoglyphs/48_glyphs/t48_l03g04.png,keywords/48_keywords/t48_l03g04.md,0,
U1-07_0305,typoglyphs/48_glyphs/t48_l03g05.png,keywords/48_keywords/t48_l03g05.md,0,
U1-07_0306,typoglyphs/48_glyphs/t48_l03g06.png,keywords/48_keywords/t48_l03g06.md,0,
U1-07_0307,typoglyphs/48_glyphs/t48_l03g07.png,keywords/48_keywords/t48_l03g07.md,0,
U1-07_0308,typoglyphs/48_glyphs/t48_l03g08.png,keywords/48_keywords/t48_l03g08.md,0,
U1-07_0309,typoglyphs/48_glyphs/t48_l03g09.png,keywords/48_keywords/t48_l03g09.md,0,
U1-07_0310,typoglyphs/48_glyphs/t48_l03g10.png,keywords/48_keywords/t48_l03g10.md,0,
U1-07_0311,typoglyphs/48_glyphs/t48_l03g11.png,keywords/48_keywords/t48_l03g11.md,0,
U1-07_0312,typoglyphs/48_glyphs/t48_l03g12.png,keywords/48_keywords/t48_l03g12.md,0,
U1-07_0313,typoglyphs/48_glyphs/t48_l03g13.png,keywords/48_keywords/t48_l03g13.md,0,
U1-07_0314,typoglyphs/48_glyphs/t48_l03g14.png,keywords/48_keywords/t48_l03g14.md,0,
U1-07_0315,typoglyphs/48_glyphs/t48_l03g15.png,keywords/48_keywords/t48_l03g15.md,0,
U1-07_0316,typoglyphs/48_glyphs/t48_l03g16.png,keywords/48_keywords/t48_l03g16.md,0,
U1-07_0317,typoglyphs/48_glyphs/t48_l03g17.png,keywords/48_keywords/t48_l03g17.md,0,
U1-07_0318,typoglyphs/48_glyphs/t48_l03g18.png,keywords/48_keywords/t48_l03g18.md,0,
U1-07_0319,typoglyphs/48_glyphs/t48_l03g19.png,keywords/48_keywords/t48_l03g19.md,0,
U1-07_0320,typoglyphs/48_glyphs/t48_l03g20.png,keywords/48_keywords/t48_l03g20.md,0,
U1-07_0321,typoglyphs/48_glyphs/t48_l03g21.png,keywords/48_keywords/t48_l03g21.md,0,
U1-07_0322,typoglyphs/48_glyphs/t48_l03g22.png,keywords/48_keywords/t48_l03g22.md,0,
U1-07_0323,typoglyphs/48_glyphs/t48_l03g23.png,keywords/48_keywords/t48_l03g23.md,0,
U1-07_0324,typoglyphs/48_glyphs/t48_l03g24.png,keywords/48_keywords/t48_l03g24.md,0,
U1-07_0325,typoglyphs/48_glyphs/t48_l03g25.png,keywords/48_keywords/t48_l03g25.md,0,
U1-07_0326,typoglyphs/48_glyphs/t48_l03g26.png,keywords/48_keywords/t48_l03g26.md,0,
U1-07_0327,typoglyphs/48_glyphs/t48_l03g27.png,keywords/48_keywords/t48_l03g27.md,0,
U1-07_0328,typoglyphs/48_glyphs/t48_l03g28.png,keywords/48_keywords/t48_l03g28.md,0,
U1-07_0401,typoglyphs/48_glyphs/t48_l04g01.png,keywords/48_keywords/t48_l04g01.md,0,
U1-07_0402,typoglyphs/48_glyphs/t48_l04g02.png,keywords/48_keywords/t48_l04g02.md,0,
U1-07_0403,typoglyphs/48_glyphs/t48_l04g03.png,keywords/48_keywords/t48_l04g03.md,0,
U1-07_0404,typoglyphs/48_glyphs/t48_l04g04.png,keywords/48_keywords/t48_l04g04.md,0,
U1-07_0405,typoglyphs/48_glyphs/t48_l04g05.png,keywords/48_keywords/t48_l04g05.md,0,
U1-07_0406,typoglyphs/48_glyphs/t48_l04g06.png,keywords/48_keywords/t48_l04g06.md,0,
U1-07_0407,typoglyphs/48_glyphs/t48_l04g07.png,keywords/48_keywords/t48_l04g07.md,0,
U1-07_0408,typoglyphs/48_glyphs/t48_l04g08.png,keywords/48_keywords/t48_l04g08.md,0,
U1-07_0409,typoglyphs/48_glyphs/t48_l04g09.png,keywords/48_keywords/t48_l04g09.md,0,
U1-07_0410,typoglyphs/48_glyphs/t48_l04g10.png,keywords/48_keywords/t48_l04g10.md,0,
U1-07_0411,typoglyphs/48_glyphs/t48_l04g11.png,keywords/48_keywords/t48_l04g11.md,0,
U1-07_0412,typoglyphs/48_glyphs/t48_l04g12.png,keywords/48_keywords/t48_l04g12.md,0,
U1-07_0413,typoglyphs/48_glyphs/t48_l04g13.png,keywords/48_keywords/t48_l04g13.md,0,
U1-07_0414,typoglyphs/48_glyphs/t48_l04g14.png,keywords/48_keywords/t48_l04g14.md,0,
U1-07_0415,typoglyphs/48_glyphs/t48_l04g15.png,keywords/48_keywords/t48_l04g15.md,0,
U1-07_0416,typoglyphs/48_glyphs/t48_l04g16.png,keywords/48_keywords/t48_l04g16.md,0,
U1-07_0417,typoglyphs/48_glyphs/t48_l04g17.png,keywords/48_keywords/t48_l04g17.md,0,
U1-07_0418,typoglyphs/48_glyphs/t48_l04g18.png,keywords/48_keywords/t48_l04g18.md,0,
U1-07_0419,typoglyphs/48_glyphs/t48_l04g19.png,keywords/48_keywords/t48_l04g19.md,0,
U1-07_0420,typoglyphs/48_glyphs/t48_l04g20.png,keywords/48_keywords/t48_l04g20.md,0,
U1-07_0421,typoglyphs/48_glyphs/t48_l04g21.png,keywords/48_keywords/t48_l04g21.md,0,
U1-07_0422,typoglyphs/48_glyphs/t48_l04g22.png,keywords/48_keywords/t48_l04g22.md,0,
U1-07_0423,typoglyphs/48_glyphs/t48_l04g23.png,keywords/48_keywords/t48_l04g23.md,0,
U1-07_0424,typoglyphs/48_glyphs/t48_l04g24.png,keywords/48_keywords/t48_l04g24.md,0,
U1-07_0425,typoglyphs/48_glyphs/t48_l04g25.png,keywords/48_keywords/t48_l04g25.md,0,
U1-07_0426,typoglyphs/48_glyphs/t48_l04g26.png,keywords/48_keywords/t48_l04g26.md,0,
U1-07_0427,typoglyphs/48_glyphs/t48_l04g27.png,keywords/48_keywords/t48_l04g27.md,0,
U1-07_0428,typoglyphs/48_glyphs/t48_l04g28.png,keywords/48_keywords/t48_l04g28.md,0,
U1-08_0101,typoglyphs/49_glyphs/t49_l01g01.png,keywords/49_keywords/t49_l01g01.md,0,
U1-08_0102,typoglyphs/49_glyphs/t49_l01g02.png,keywords/49_keywords/t49_l01g02.md,0,
U1-08_0103,typoglyphs/49_glyphs/t49_l01g03.png,keywords/49_keywords/t49_l01g03.md,0,
U1-08_0104,typoglyphs/49_glyphs/t49_l01g04.png,keywords/49_keywords/t49_l01g04.md,0,
U1-08_0105,typoglyphs/49_glyphs/t49_l01g05.png,keywords/49_keywords/t49_l01g05.md,0,
U1-08_0106,typoglyphs/49_glyphs/t49_l01g06.png,keywords/49_keywords/t49_l01g06.md,0,
U1-08_0107,typoglyphs/49_glyphs/t49_l01g07.png,keywords/49_keywords/t49_l01g07.md,0,
U1-08_0108,typoglyphs/49_glyphs/t49_l01g08.png,keywords/49_keywords/t49_l01g08.md,0,
U1-08_0109,typoglyphs/49_glyphs/t49_l01g09.png,keywords/49_keywords/t49_l01g09.md,0,
U1-08_0110,typoglyphs/49_glyphs/t49_l01g10.png,keywords/49_keywords/t49_l01g10.md,0,
U1-08_0111,typoglyphs/49_glyphs/t49_l01g11.png,keywords/49_keywords/t49_l01g11.md,0,
U1-08_0112,typoglyphs/49_glyphs/t49_l01g12.png,keywords/49_keywords/t49_l01g12.md,0,
U1-08_0113,typoglyphs/49_glyphs/t49_l01g13.png,keywords/49_keywords/t49_l01g13.md,0,
U1-08_0114,typoglyphs/49_glyphs/t49_l01g14.png,keywords/49_keywords/t49_l01g14.md,0,
U1-08_0201,typoglyphs/49_glyphs/t49_l02g01.png,keywords/49_keywords/t49_l02g01.md,0,
U1-08_0202,typoglyphs/49_glyphs/t49_l02g02.png,keywords/49_keywords/t49_l02g02.md,0,
U1-08_0203,typoglyphs/49_glyphs/t49_l02g03.png,keywords/49_keywords/t49_l02g03.md,0,
U1-08_0204,typoglyphs/49_glyphs/t49_l02g04.png,keywords/49_keywords/t49_l02g04.md,0,
U1-08_0205,typoglyphs/49_glyphs/t49_l02g05.png,keywords/49_keywords/t49_l02g05.md,0,
U1-08_0206,typoglyphs/49_glyphs/t49_l02g06.png,keywords/49_keywords/t49_l02g06.md,0,
U1-08_0207,typoglyphs/49_glyphs/t49_l02g07.png,keywords/49_keywords/t49_l02g07.md,0,
U1-08_0208,typoglyphs/49_glyphs/t49_l02g08.png,keywords/49_keywords/t49_l02g08.md,0,
U1-08_0209,typoglyphs/49_glyphs/t49_l02g09.png,keywords/49_keywords/t49_l02g09.md,0,
U1-08_0210,typoglyphs/49_glyphs/t49_l02g10.png,keywords/49_keywords/t49_l02g10.md,0,
U1-08_0211,typoglyphs/49_glyphs/t49_l02g11.png,keywords/49_keywords/t49_l02g11.md,0,
U1-08_0212,typoglyphs/49_glyphs/t49_l02g12.png,keywords/49_keywords/t49_l02g12.md,0,
U1-08_0213,typoglyphs/49_glyphs/t49_l02g13.png,keywords/49_keywords/t49_l02g13.md,0,
U1-08_0214,typoglyphs/49_glyphs/t49_l02g14.png,keywords/49_keywords/t49_l02g14.md,0,
U1-08_0215,typoglyphs/49_glyphs/t49_l02g15.png,keywords/49_keywords/t49_l02g15.md,0,
U1-08_0216,typoglyphs/49_glyphs/t49_l02g16.png,keywords/49_keywords/t49_l02g16.md,0,
U1-08_0217,typoglyphs/49_glyphs/t49_l02g17.png,keywords/49_keywords/t49_l02g17.md,0,
U1-08_0218,typoglyphs/49_glyphs/t49_l02g18.png,keywords/49_keywords/t49_l02g18.md,0,
U1-08_0219,typoglyphs/49_glyphs/t49_l02g19.png,keywords/49_keywords/t49_l02g19.md,0,
U1-08_0220,typoglyphs/49_glyphs/t49_l02g20.png,keywords/49_keywords/t49_l02g20.md,0,
U1-08_0221,typoglyphs/49_glyphs/t49_l02g21.png,keywords/49_keywords/t49_l02g21.md,0,
U1-08_0222,typoglyphs/49_glyphs/t49_l02g22.png,keywords/49_keywords/t49_l02g22.md,0,
U1-08_0223,typoglyphs/49_glyphs/t49_l02g23.png,keywords/49_keywords/t49_l02g23.md,0,
U1-08_0224,typoglyphs/49_glyphs/t49_l02g24.png,keywords/49_keywords/t49_l02g24.md,0,
U1-08_0225,typoglyphs/49_glyphs/t49_l02g25.png,keywords/49_keywords/t49_l02g25.md,0,
U1-08_0226,typoglyphs/49_glyphs/t49_l02g26.png,keywords/49_keywords/t49_l02g26.md,0,
U1-09_0101,typoglyphs/50_glyphs/t50_l01g01.png,keywords/50_keywords/t50_l01g01.md,0,
U1-09_0102,typoglyphs/50_glyphs/t50_l01g02.png,keywords/50_keywords/t50_l01g02.md,0,
U1-09_0103,typoglyphs/50_glyphs/t50_l01g03.png,keywords/50_keywords/t50_l01g03.md,0,
U1-09_0104,typoglyphs/50_glyphs/t50_l01g04.png,keywords/50_keywords/t50_l01g04.md,0,
U1-09_0105,typoglyphs/50_glyphs/t50_l01g05.png,keywords/50_keywords/t50_l01g05.md,0,
U1-09_0106,typoglyphs/50_glyphs/t50_l01g06.png,keywords/50_keywords/t50_l01g06.md,0,
U1-09_0107,typoglyphs/50_glyphs/t50_l01g07.png,keywords/50_keywords/t50_l01g07.md,0,
U1-09_0108,typoglyphs/50_glyphs/t50_l01g08.png,keywords/50_keywords/t50_l01g08.md,0,
U1-09_0201,typoglyphs/50_glyphs/t50_l02g01.png,keywords/50_keywords/t50_l02g01.md,0,
U1-09_0202,typoglyphs/50_glyphs/t50_l02g02.png,keywords/50_keywords/t50_l02g02.md,0,
U1-09_0203,typoglyphs/50_glyphs/t50_l02g03.png,keywords/50_keywords/t50_l02g03.md,0,
U1-09_0204,typoglyphs/50_glyphs/t50_l02g04.png,keywords/50_keywords/t50_l02g04.md,0,
U1-09_0205,typoglyphs/50_glyphs/t50_l02g05.png,keywords/50_keywords/t50_l02g05.md,0,
U1-09_0206,typoglyphs/50_glyphs/t50_l02g06.png,keywords/50_keywords/t50_l02g06.md,0,
U1-09_0207,typoglyphs/50_glyphs/t50_l02g07.png,keywords/50_keywords/t50_l02g07.md,0,
U1-09_0208,typoglyphs/50_glyphs/t50_l02g08.png,keywords/50_keywords/t50_l02g08.md,0,
U1-09_0209,typoglyphs/50_glyphs/t50_l02g09.png,keywords/50_keywords/t50_l02g09.md,0,
U1-09_0210,typoglyphs/50_glyphs/t50_l02g10.png,keywords/50_keywords/t50_l02g10.md,0,
U1-09_0211,typoglyphs/50_glyphs/t50_l02g11.png,keywords/50_keywords/t50_l02g11.md,0,
U1-09_0212,typoglyphs/50_glyphs/t50_l02g12.png,keywords/50_keywords/t50_l02g12.md,0,
U1-09_0213,typoglyphs/50_glyphs/t50_l02g13.png,keywords/50_keywords/t50_l02g13.md,0,
U1-09_0214,typoglyphs/50_glyphs/t50_l02g14.png,keywords/50_keywords/t50_l02g14.md,0,
U1-09_0215,typoglyphs/50_glyphs/t50_l02g15.png,keywords/50_keywords/t50_l02g15.md,0,
U1-09_0216,typoglyphs/50_glyphs/t50_l02g16.png,keywords/50_keywords/t50_l02g16.md,0,
U1-09_0217,typoglyphs/50_glyphs/t50_l02g17.png,keywords/50_keywords/t50_l02g17.md,0,
U1-09_0218,typoglyphs/50_glyphs/t50_l02g18.png,keywords/50_keywords/t50_l02g18.md,0,
U1-09_0219,typoglyphs/50_glyphs/t50_l02g19.png,keywords/50_keywords/t50_l02g19.md,0,
U1-09_0220,typoglyphs/50_glyphs/t50_l02g20.png,keywords/50_keywords/t50_l02g20.md,0,
U1-09_0221,typoglyphs/50_glyphs/t50_l02g21.png,keywords/50_keywords/t50_l02g21.md,0,
U1-09_0222,typoglyphs/50_glyphs/t50_l02g22.png,keywords/50_keywords/t50_l02g22.md,0,
U1-09_0223,typoglyphs/50_glyphs/t50_l02g23.png,keywords/50_keywords/t50_l02g23.md,0,
U1-09_0224,typoglyphs/50_glyphs/t50_l02g24.png,keywords/50_keywords/t50_l02g24.md,0,
U1-09_0225,typoglyphs/50_glyphs/t50_l02g25.png,keywords/50_keywords/t50_l02g25.md,0,
U1-09_0226,typoglyphs/50_glyphs/t50_l02g26.png,keywords/50_keywords/t50_l02g26.md,0,
U1-09_0227,typoglyphs/50_glyphs/t50_l02g27.png,keywords/50_keywords/t50_l02g27.md,0,
U1-09_0228,typoglyphs/50_glyphs/t50_l02g28.png,keywords/50_keywords/t50_l02g28.md,0,
U1-09_0229,typoglyphs/50_glyphs/t50_l02g29.png,keywords/50_keywords/t50_l02g29.md,0,
U1-09_0230,typoglyphs/50_glyphs/t50_l02g30.png,keywords/50_keywords/t50_l02g30.md,0,
U1-10_0101,typoglyphs/51_glyphs/t51_l01g01.png,keywords/51_keywords/t51_l01g01.md,0,
U1-10_0102,typoglyphs/51_glyphs/t51_l01g02.png,keywords/51_keywords/t51_l01g02.md,0,
U1-10_0103,typoglyphs/51_glyphs/t51_l01g03.png,keywords/51_keywords/t51_l01g03.md,0,
U1-10_0104,typoglyphs/51_glyphs/t51_l01g04.png,keywords/51_keywords/t51_l01g04.md,0,
U1-10_0105,typoglyphs/51_glyphs/t51_l01g05.png,keywords/51_keywords/t51_l01g05.md,0,
U1-10_0106,typoglyphs/51_glyphs/t51_l01g06.png,keywords/51_keywords/t51_l01g06.md,0,
U1-10_0107,typoglyphs/51_glyphs/t51_l01g07.png,keywords/51_keywords/t51_l01g07.md,0,
U1-10_0108,typoglyphs/51_glyphs/t51_l01g08.png,keywords/51_keywords/t51_l01g08.md,0,
U1-10_0109,typoglyphs/51_glyphs/t51_l01g09.png,keywords/51_keywords/t51_l01g09.md,0,
U1-10_0110,typoglyphs/51_glyphs/t51_l01g10.png,keywords/51_keywords/t51_l01g10.md,0,
U1-10_0111,typoglyphs/51_glyphs/t51_l01g11.png,keywords/51_keywords/t51_l01g11.md,0,
U1-10_0112,typoglyphs/51_glyphs/t51_l01g12.png,keywords/51_keywords/t51_l01g12.md,0,
U1-10_0113,typoglyphs/51_glyphs/t51_l01g13.png,keywords/51_keywords/t51_l01g13.md,0,
U1-10_0114,typoglyphs/51_glyphs/t51_l01g14.png,keywords/51_keywords/t51_l01g14.md,0,
U1-10_0115,typoglyphs/51_glyphs/t51_l01g15.png,keywords/51_keywords/t51_l01g15.md,0,
U1-10_0116,typoglyphs/51_glyphs/t51_l01g16.png,keywords/51_keywords/t51_l01g16.md,0,
U1-10_0117,typoglyphs/51_glyphs/t51_l01g17.png,keywords/51_keywords/t51_l01g17.md,0,
U1-10_0118,typoglyphs/51_glyphs/t51_l01g18.png,keywords/51_keywords/t51_l01g18.md,0,
U1-10_0119,typoglyphs/51_glyphs/t51_l01g19.png,keywords/51_keywords/t51_l01g19.md,0,
U1-10_0120,typoglyphs/51_glyphs/t51_l01g20.png,keywords/51_keywords/t51_l01g20.md,0,
U1-10_0121,typoglyphs/51_glyphs/t51_l01g21.png,keywords/51_keywords/t51_l01g21.md,0,
U1-10_0122,typoglyphs/51_glyphs/t51_l01g22.png,keywords/51_keywords/t51_l01g22.md,0,
U1-10_0123,typoglyphs/51_glyphs/t51_l01g23.png,keywords/51_keywords/t51_l01g23.md,0,
U1-10_0201,typoglyphs/51_glyphs/t51_l02g01.png,keywords/51_keywords/t51_l02g01.md,0,
U1-10_0202,typoglyphs/51_glyphs/t51_l02g02.png,keywords/51_keywords/t51_l02g02.md,0,
U1-10_0203,typoglyphs/51_glyphs/t51_l02g03.png,keywords/51_keywords/t51_l02g03.md,0,
U1-10_0204,typoglyphs/51_glyphs/t51_l02g04.png,keywords/51_keywords/t51_l02g04.md,0,
U1-10_0205,typoglyphs/51_glyphs/t51_l02g05.png,keywords/51_keywords/t51_l02g05.md,0,
U1-10_0206,typoglyphs/51_glyphs/t51_l02g06.png,keywords/51_keywords/t51_l02g06.md,0,
U1-10_0207,typoglyphs/51_glyphs/t51_l02g07.png,keywords/51_keywords/t51_l02g07.md,0,
U1-10_0208,typoglyphs/51_glyphs/t51_l02g08.png,keywords/51_keywords/t51_l02g08.md,0,
U1-10_0209,typoglyphs/51_glyphs/t51_l02g09.png,keywords/51_keywords/t51_l02g09.md,0,
U1-10_0210,typoglyphs/51_glyphs/t51_l02g10.png,keywords/51_keywords/t51_l02g10.md,0,
U1-10_0211,typoglyphs/51_glyphs/t51_l02g11.png,keywords/51_keywords/t51_l02g11.md,0,
U1-10_0212,typoglyphs/51_glyphs/t51_l02g12.png,keywords/51_keywords/t51_l02g12.md,0,
U1-10_0213,typoglyphs/51_glyphs/t51_l02g13.png,keywords/51_keywords/t51_l02g13.md,0,
U1-10_0214,typoglyphs/51_glyphs/t51_l02g14.png,keywords/51_keywords/t51_l02g14.md,0,
U1-10_0215,typoglyphs/51_glyphs/t51_l02g15.png,keywords/51_keywords/t51_l02g15.md,0,
U1-10_0216,typoglyphs/51_glyphs/t51_l02g16.png,keywords/51_keywords/t51_l02g16.md,0,
U1-10_0217,typoglyphs/51_glyphs/t51_l02g17.png,keywords/51_keywords/t51_l02g17.md,0,
U1-10_0218,typoglyphs/51_glyphs/t51_l02g18.png,keywords/51_keywords/t51_l02g18.md,0,
U1-10_0219,typoglyphs/51_glyphs/t51_l02g19.png,keywords/51_keywords/t51_l02g19.md,0,
U1-10_0220,typoglyphs/51_glyphs/t51_l02g20.png,keywords/51_keywords/t51_l02g20.md,0,
U1-10_0221,typoglyphs/51_glyphs/t51_l02g21.png,keywords/51_keywords/t51_l02g21.md,0,
U1-10_0222,typoglyphs/51_glyphs/t51_l02g22.png,keywords/51_keywords/t51_l02g22.md,0,
U1-10_0223,typoglyphs/51_glyphs/t51_l02g23.png,keywords/51_keywords/t51_l02g23.md,0,
U1-10_0224,typoglyphs/51_glyphs/t51_l02g24.png,keywords/51_keywords/t51_l02g24.md,0,
U1-10_0225,typoglyphs/51_glyphs/t51_l02g25.png,keywords/51_keywords/t51_l02g25.md,0,
U1-10_0226,typoglyphs/51_glyphs/t51_l02g26.png,keywords/51_keywords/t51_l02g26.md,0,
U1-10_0227,typoglyphs/51_glyphs/t51_l02g27.png,keywords/51_keywords/t51_l02g27.md,0,
U1-10_0228,typoglyphs/51_glyphs/t51_l02g28.png,keywords/51_keywords/t51_l02g28.md,0,
U1-10_0229,typoglyphs/51_glyphs/t51_l02g29.png,keywords/51_keywords/t51_l02g29.md,0,
U1-10_0301,typoglyphs/51_glyphs/t51_l03g01.png,keywords/51_keywords/t51_l03g01.md,0,
U1-10_0302,typoglyphs/51_glyphs/t51_l03g02.png,keywords/51_keywords/t51_l03g02.md,0,
U1-10_0303,typoglyphs/51_glyphs/t51_l03g03.png,keywords/51_keywords/t51_l03g03.md,0,
U1-10_0304,typoglyphs/51_glyphs/t51_l03g04.png,keywords/51_keywords/t51_l03g04.md,0,
U1-10_0305,typoglyphs/51_glyphs/t51_l03g05.png,keywords/51_keywords/t51_l03g05.md,0,
U1-10_0306,typoglyphs/51_glyphs/t51_l03g06.png,keywords/51_keywords/t51_l03g06.md,0,
U1-10_0307,typoglyphs/51_glyphs/t51_l03g07.png,keywords/51_keywords/t51_l03g07.md,0,
U1-10_0308,typoglyphs/51_glyphs/t51_l03g08.png,keywords/51_keywords/t51_l03g08.md,0,
U1-10_0309,typoglyphs/51_glyphs/t51_l03g09.png,keywords/51_keywords/t51_l03g09.md,0,
U1-10_0310,typoglyphs/51_glyphs/t51_l03g10.png,keywords/51_keywords/t51_l03g10.md,0,
U1-10_0311,typoglyphs/51_glyphs/t51_l03g11.png,keywords/51_keywords/t51_l03g11.md,0,
U1-10_0312,typoglyphs/51_glyphs/t51_l03g12.png,keywords/51_keywords/t51_l03g12.md,0,
U1-10_0313,typoglyphs/51_glyphs/t51_l03g13.png,keywords/51_keywords/t51_l03g13.md,0,
U1-10_0314,typoglyphs/51_glyphs/t51_l03g14.png,keywords/51_keywords/t51_l03g14.md,0,
U1-10_0315,typoglyphs/51_glyphs/t51_l03g15.png,keywords/51_keywords/t51_l03g15.md,0,
U1-10_0316,typoglyphs/51_glyphs/t51_l03g16.png,keywords/51_keywords/t51_l03g16.md,0,
U1-10_0317,typoglyphs/51_glyphs/t51_l03g17.png,keywords/51_keywords/t51_l03g17.md,0,
U1-10_0318,typoglyphs/51_glyphs/t51_l03g18.png,keywords/51_keywords/t51_l03g18.md,0,
U1-10_0319,typoglyphs/51_glyphs/t51_l03g19.png,keywords/51_keywords/t51_l03g19.md,0,
U1-10_0320,typoglyphs/51_glyphs/t51_l03g20.png,keywords/51_keywords/t51_l03g20.md,0,
U1-10_0321,typoglyphs/51_glyphs/t51_l03g21.png,keywords/51_keywords/t51_l03g21.md,0,
U1-10_0322,typoglyphs/51_glyphs/t51_l03g22.png,keywords/51_keywords/t51_l03g22.md,0,
U1-10_0323,typoglyphs/51_glyphs/t51_l03g23.png,keywords/51_keywords/t51_l03g23.md,0,
U1-10_0324,typoglyphs/51_glyphs/t51_l03g24.png,keywords/51_keywords/t51_l03g24.md,0,
U1-10_0325,typoglyphs/51_glyphs/t51_l03g25.png,keywords/51_keywords/t51_l03g25.md,0,
U1-10_0326,typoglyphs/51_glyphs/t51_l03g26.png,keywords/51_keywords/t51_l03g26.md,0,
U1-10_0327,typoglyphs/51_glyphs/t51_l03g27.png,keywords/51_keywords/t51_l03g27.md,0,
U1-10_0401,typoglyphs/51_glyphs/t51_l04g01.png,keywords/51_keywords/t51_l04g01.md,0,
U1-10_0402,typoglyphs/51_glyphs/t51_l04g02.png,keywords/51_keywords/t51_l04g02.md,0,
U1-10_0403,typoglyphs/51_glyphs/t51_l04g03.png,keywords/51_keywords/t51_l04g03.md,0,
U1-10_0404,typoglyphs/51_glyphs/t51_l04g04.png,keywords/51_keywords/t51_l04g04.md,0,
U1-10_0405,typoglyphs/51_glyphs/t51_l04g05.png,keywords/51_keywords/t51_l04g05.md,0,
U1-10_0406,typoglyphs/51_glyphs/t51_l04g06.png,keywords/51_keywords/t51_l04g06.md,0,
U1-10_0407,typoglyphs/51_glyphs/t51_l04g07.png,keywords/51_keywords/t51_l04g07.md,0,
U1-10_0408,typoglyphs/51_glyphs/t51_l04g08.png,keywords/51_keywords/t51_l04g08.md,0,
U1-10_0409,typoglyphs/51_glyphs/t51_l04g09.png,keywords/51_keywords/t51_l04g09.md,0,
U1-10_0410,typoglyphs/51_glyphs/t51_l04g10.png,keywords/51_keywords/t51_l04g10.md,0,
U1-10_0411,typoglyphs/51_glyphs/t51_l04g11.png,keywords/51_keywords/t51_l04g11.md,0,
U1-10_0412,typoglyphs/51_glyphs/t51_l04g12.png,keywords/51_keywords/t51_l04g12.md,0,
U1-10_0413,typoglyphs/51_glyphs/t51_l04g13.png,keywords/51_keywords/t51_l04g13.md,0,
U1-10_0414,typoglyphs/51_glyphs/t51_l04g14.png,keywords/51_keywords/t51_l04g14.md,0,
U1-10_0415,typoglyphs/51_glyphs/t51_l04g15.png,keywords/51_keywords/t51_l04g15.md,0,
U1-10_0416,typoglyphs/51_glyphs/t51_l04g16.png,keywords/51_keywords/t51_l04g16.md,0,
U1-10_0417,typoglyphs/51_glyphs/t51_l04g17.png,keywords/51_keywords/t51_l04g17.md,0,
U1-10_0418,typoglyphs/51_glyphs/t51_l04g18.png,keywords/51_keywords/t51_l04g18.md,0,
U1-10_0419,typoglyphs/51_glyphs/t51_l04g19.png,keywords/51_keywords/t51_l04g19.md,0,
U1-10_0420,typoglyphs/51_glyphs/t51_l04g20.png,keywords/51_keywords/t51_l04g20.md,0,
U1-10_0501,typoglyphs/51_glyphs/t51_l05g01.png,keywords/51_keywords/t51_l05g01.md,0,
U1-10_0502,typoglyphs/51_glyphs/t51_l05g02.png,keywords/51_keywords/t51_l05g02.md,0,
U1-10_0503,typoglyphs/51_glyphs/t51_l05g03.png,keywords/51_keywords/t51_l05g03.md,0,
U1-10_0504,typoglyphs/51_glyphs/t51_l05g04.png,keywords/51_keywords/t51_l05g04.md,0,
U1-10_0505,typoglyphs/51_glyphs/t51_l05g05.png,keywords/51_keywords/t51_l05g05.md,0,
U1-10_0506,typoglyphs/51_glyphs/t51_l05g06.png,keywords/51_keywords/t51_l05g06.md,0,
U1-10_0507,typoglyphs/51_glyphs/t51_l05g07.png,keywords/51_keywords/t51_l05g07.md,0,
U1-10_0508,typoglyphs/51_glyphs/t51_l05g08.png,keywords/51_keywords/t51_l05g08.md,0,
U1-10_0509,typoglyphs/51_glyphs/t51_l05g09.png,keywords/51_keywords/t51_l05g09.md,0,
U1-10_0510,typoglyphs/51_glyphs/t51_l05g10.png,keywords/51_keywords/t51_l05g10.md,0,
U2-01_0101,typoglyphs/52_glyphs/t52_l01g01.png,keywords/52_keywords/t52_l01g01.md,0,
U2-01_0102,typoglyphs/52_glyphs/t52_l01g02.png,keywords/52_keywords/t52_l01g02.md,0,
U2-01_0103,typoglyphs/52_glyphs/t52_l01g03.png,keywords/52_keywords/t52_l01g03.md,0,
U2-01_0104,typoglyphs/52_glyphs/t52_l01g04.png,keywords/52_keywords/t52_l01g04.md,0,
U2-01_0105,typoglyphs/52_glyphs/t52_l01g05.png,keywords/52_keywords/t52_l01g05.md,0,
U2-01_0106,typoglyphs/52_glyphs/t52_l01g06.png,keywords/52_keywords/t52_l01g06.md,0,
U2-01_0107,typoglyphs/52_glyphs/t52_l01g07.png,keywords/52_keywords/t52_l01g07.md,0,
U2-01_0108,typoglyphs/52_glyphs/t52_l01g08.png,keywords/52_keywords/t52_l01g08.md,0,
U2-01_0109,typoglyphs/52_glyphs/t52_l01g09.png,keywords/52_keywords/t52_l01g09.md,0,
U2-01_0110,typoglyphs/52_glyphs/t52_l01g10.png,keywords/52_keywords/t52_l01g10.md,0,
U2-01_0111,typoglyphs/52_glyphs/t52_l01g11.png,keywords/52_keywords/t52_l01g11.md,0,
U2-01_0112,typoglyphs/52_glyphs/t52_l01g12.png,keywords/52_keywords/t52_l01g12.md,0,
U2-01_0113,typoglyphs/52_glyphs/t52_l01g13.png,keywords/52_keywords/t52_l01g13.md,0,
U2-01_0114,typoglyphs/52_glyphs/t52_l01g14.png,keywords/52_keywords/t52_l01g14.md,0,
U2-01_0115,typoglyphs/52_glyphs/t52_l01g15.png,keywords/52_keywords/t52_l01g15.md,0,
U2-01_0116,typoglyphs/52_glyphs/t52_l01g16.png,keywords/52_keywords/t52_l01g16.md,0,
U2-01_0117,typoglyphs/52_glyphs/t52_l01g17.png,keywords/52_keywords/t52_l01g17.md,0,
U2-01_0118,typoglyphs/52_glyphs/t52_l01g18.png,keywords/52_keywords/t52_l01g18.md,0,
U2-01_0119,typoglyphs/52_glyphs/t52_l01g19.png,keywords/52_keywords/t52_l01g19.md,0,
U2-01_0201,typoglyphs/52_glyphs/t52_l02g01.png,keywords/52_keywords/t52_l02g01.md,0,
U2-01_0202,typoglyphs/52_glyphs/t52_l02g02.png,keywords/52_keywords/t52_l02g02.md,0,
U2-01_0203,typoglyphs/52_glyphs/t52_l02g03.png,keywords/52_keywords/t52_l02g03.md,0,
U2-01_0204,typoglyphs/52_glyphs/t52_l02g04.png,keywords/52_keywords/t52_l02g04.md,0,
U2-01_0205,typoglyphs/52_glyphs/t52_l02g05.png,keywords/52_keywords/t52_l02g05.md,0,
U2-01_0206,typoglyphs/52_glyphs/t52_l02g06.png,keywords/52_keywords/t52_l02g06.md,0,
U2-01_0207,typoglyphs/52_glyphs/t52_l02g07.png,keywords/52_keywords/t52_l02g07.md,0,
U2-01_0301,typoglyphs/52_glyphs/t52_l03g01.png,keywords/52_keywords/t52_l03g01.md,0,
U2-01_0302,typoglyphs/52_glyphs/t52_l03g02.png,keywords/52_keywords/t52_l03g02.md,0,
U2-01_0303,typoglyphs/52_glyphs/t52_l03g03.png,keywords/52_keywords/t52_l03g03.md,0,
U2-01_0304,typoglyphs/52_glyphs/t52_l03g04.png,keywords/52_keywords/t52_l03g04.md,0,
U2-01_0305,typoglyphs/52_glyphs/t52_l03g05.png,keywords/52_keywords/t52_l03g05.md,0,
U2-01_0306,typoglyphs/52_glyphs/t52_l03g06.png,keywords/52_keywords/t52_l03g06.md,0,
U2-01_0307,typoglyphs/52_glyphs/t52_l03g07.png,keywords/52_keywords/t52_l03g07.md,0,
U2-01_0308,typoglyphs/52_glyphs/t52_l03g08.png,keywords/52_keywords/t52_l03g08.md,0,
U2-01_0309,typoglyphs/52_glyphs/t52_l03g09.png,keywords/52_keywords/t52_l03g09.md,0,
U2-01_0310,typoglyphs/52_glyphs/t52_l03g10.png,keywords/52_keywords/t52_l03g10.md,0,
U2-01_0311,typoglyphs/52_glyphs/t52_l03g11.png,keywords/52_keywords/t52_l03g11.md,0,
U2-01_0312,typoglyphs/52_glyphs/t52_l03g12.png,keywords/52_keywords/t52_l03g12.md,0,
U2-01_0313,typoglyphs/52_glyphs/t52_l03g13.png,keywords/52_keywords/t52_l03g13.md,0,
U2-01_0314,typoglyphs/52_glyphs/t52_l03g14.png,keywords/52_keywords/t52_l03g14.md,0,
U2-01_0315,typoglyphs/52_glyphs/t52_l03g15.png,keywords/52_keywords/t52_l03g15.md,0,
U2-01_0316,typoglyphs/52_glyphs/t52_l03g16.png,keywords/52_keywords/t52_l03g16.md,0,
U2-01_0317,typoglyphs/52_glyphs/t52_l03g17.png,keywords/52_keywords/t52_l03g17.md,0,
U2-01_0318,typoglyphs/52_glyphs/t52_l03g18.png,keywords/52_keywords/t52_l03g18.md,0,
U2-01_0319,typoglyphs/52_glyphs/t52_l03g19.png,keywords/52_keywords/t52_l03g19.md,0,
U2-01_0320,typoglyphs/52_glyphs/t52_l03g20.png,keywords/52_keywords/t52_l03g20.md,0,
U2-01_0321,typoglyphs/52_glyphs/t52_l03g21.png,keywords/52_keywords/t52_l03g21.md,0,
U2-01_0322,typoglyphs/52_glyphs/t52_l03g22.png,keywords/52_keywords/t52_l03g22.md,0,
U2-01_0323,typoglyphs/52_glyphs/t52_l03g23.png,keywords/52_keywords/t52_l03g23.md,0,
U2-01_0324,typoglyphs/52_glyphs/t52_l03g24.png,keywords/52_keywords/t52_l03g24.md,0,
U2-01_0325,typoglyphs/52_glyphs/t52_l03g25.png,keywords/52_keywords/t52_l03g25.md,0,
U2-01_0326,typoglyphs/52_glyphs/t52_l03g26.png,keywords/52_keywords/t52_l03g26.md,0,
U2-01_0327,typoglyphs/52_glyphs/t52_l03g27.png,keywords/52_keywords/t52_l03g27.md,0,
U2-01_0328,typoglyphs/52_glyphs/t52_l03g28.png,keywords/52_keywords/t52_l03g28.md,0,
U2-01_0329,typoglyphs/52_glyphs/t52_l03g29.png,keywords/52_keywords/t52_l03g29.md,0,
U2-01_0330,typoglyphs/52_glyphs/t52_l03g30.png,keywords/52_keywords/t52_l03g30.md,0,
U2-01_0331,typoglyphs/52_glyphs/t52_l03g31.png,keywords/52_keywords/t52_l03g31.md,0,
U2-01_0332,typoglyphs/52_glyphs/t52_l03g32.png,keywords/52_keywords/t52_l03g32.md,0,
U2-01_0401,typoglyphs/52_glyphs/t52_l04g01.png,keywords/52_keywords/t52_l04g01.md,0,
U2-01_0402,typoglyphs/52_glyphs/t52_l04g02.png,keywords/52_keywords/t52_l04g02.md,0,
U2-01_0403,typoglyphs/52_glyphs/t52_l04g03.png,keywords/52_keywords/t52_l04g03.md,0,
U2-01_0404,typoglyphs/52_glyphs/t52_l04g04.png,keywords/52_keywords/t52_l04g04.md,0,
U2-01_0405,typoglyphs/52_glyphs/t52_l04g05.png,keywords/52_keywords/t52_l04g05.md,0,
U2-01_0406,typoglyphs/52_glyphs/t52_l04g06.png,keywords/52_keywords/t52_l04g06.md,0,
U2-01_0407,typoglyphs/52_glyphs/t52_l04g07.png,keywords/52_keywords/t52_l04g07.md,0,
U2-01_0408,typoglyphs/52_glyphs/t52_l04g08.png,keywords/52_keywords/t52_l04g08.md,0,
U2-01_0409,typoglyphs/52_glyphs/t52_l04g09.png,keywords/52_keywords/t52_l04g09.md,0,
U2-01_0410,typoglyphs/52_glyphs/t52_l04g10.png,keywords/52_keywords/t52_l04g10.md,0,
U2-01_0411,typoglyphs/52_glyphs/t52_l04g11.png,keywords/52_keywords/t52_l04g11.md,0,
U2-01_0412,typoglyphs/52_glyphs/t52_l04g12.png,keywords/52_keywords/t52_l04g12.md,0,
U2-01_0413,typoglyphs/52_glyphs/t52_l04g13.png,keywords/52_keywords/t52_l04g13.md,0,
U2-01_0414,typoglyphs/52_glyphs/t52_l04g14.png,keywords/52_keywords/t52_l04g14.md,0,
U2-01_0415,typoglyphs/52_glyphs/t52_l04g15.png,keywords/52_keywords/t52_l04g15.md,0,
U2-01_0416,typoglyphs/52_glyphs/t52_l04g16.png,keywords/52_keywords/t52_l04g16.md,0,
U2-01_0417,typoglyphs/52_glyphs/t52_l04g17.png,keywords/52_keywords/t52_l04g17.md,0,
U2-01_0418,typoglyphs/52_glyphs/t52_l04g18.png,keywords/52_keywords/t52_l04g18.md,0,
U2-01_0419,typoglyphs/52_glyphs/t52_l04g19.png,keywords/52_keywords/t52_l04g19.md,0,
U2-01_0420,typoglyphs/52_glyphs/t52_l04g20.png,keywords/52_keywords/t52_l04g20.md,1,descriptions/52_descriptions/t52_l04g20.md
U2-01_0421,typoglyphs/52_glyphs/t52_l04g21.png,keywords/52_keywords/t52_l04g21.md,0,
U2-01_0422,typoglyphs/52_glyphs/t52_l04g22.png,keywords/52_keywords/t52_l04g22.md,0,
U2-01_0423,typoglyphs/52_glyphs/t52_l04g23.png,keywords/52_keywords/t52_l04g23.md,0,
U2-01_0424,typoglyphs/52_glyphs/t52_l04g24.png,keywords/52_keywords/t52_l04g24.md,0,
U2-01_0425,typoglyphs/52_glyphs/t52_l04g25.png,keywords/52_keywords/t52_l04g25.md,0,
U2-01_0426,typoglyphs/52_glyphs/t52_l04g26.png,keywords/52_keywords/t52_l04g26.md,0,
U2-01_0427,typoglyphs/52_glyphs/t52_l04g27.png,keywords/52_keywords/t52_l04g27.md,0,
U2-01_0428,typoglyphs/52_glyphs/t52_l04g28.png,keywords/52_keywords/t52_l04g28.md,0,
U2-01_0429,typoglyphs/52_glyphs/t52_l04g29.png,keywords/52_keywords/t52_l04g29.md,0,
U2-01_0430,typoglyphs/52_glyphs/t52_l04g30.png,keywords/52_keywords/t52_l04g30.md,0,
U2-01_0431,typoglyphs/52_glyphs/t52_l04g31.png,keywords/52_keywords/t52_l04g31.md,0,
U2-01_0501,typoglyphs/52_glyphs/t52_l05g01.png,keywords/52_keywords/t52_l05g01.md,0,
U2-01_0502,typoglyphs/52_glyphs/t52_l05g02.png,keywords/52_keywords/t52_l05g02.md,0,
U2-01_0503,typoglyphs/52_glyphs/t52_l05g03.png,keywords/52_keywords/t52_l05g03.md,0,
U2-01_0504,typoglyphs/52_glyphs/t52_l05g04.png,keywords/52_keywords/t52_l05g04.md,0,
U2-01_0505,typoglyphs/52_glyphs/t52_l05g05.png,keywords/52_keywords/t52_l05g05.md,0,
U2-01_0506,typoglyphs/52_glyphs/t52_l05g06.png,keywords/52_keywords/t52_l05g06.md,0,
U2-01_0507,typoglyphs/52_glyphs/t52_l05g07.png,keywords/52_keywords/t52_l05g07.md,0,
U2-01_0508,typoglyphs/52_glyphs/t52_l05g08.png,keywords/52_keywords/t52_l05g08.md,0,
U2-01_0509,typoglyphs/52_glyphs/t52_l05g09.png,keywords/52_keywords/t52_l05g09.md,0,
U2-01_0510,typoglyphs/52_glyphs/t52_l05g10.png,keywords/52_keywords/t52_l05g10.md,0,
U2-02_0101,typoglyphs/53_glyphs/t53_l01g01.png,keywords/53_keywords/t53_l01g01.md,0,
U2-02_0102,typoglyphs/53_glyphs/t53_l01g02.png,keywords/53_keywords/t53_l01g02.md,0,
U2-02_0103,typoglyphs/53_glyphs/t53_l01g03.png,keywords/53_keywords/t53_l01g03.md,0,
U2-02_0104,typoglyphs/53_glyphs/t53_l01g04.png,keywords/53_keywords/t53_l01g04.md,0,
U2-02_0105,typoglyphs/53_glyphs/t53_l01g05.png,keywords/53_keywords/t53_l01g05.md,0,
U2-02_0106,typoglyphs/53_glyphs/t53_l01g06.png,keywords/53_keywords/t53_l01g06.md,0,
U2-02_0107,typoglyphs/53_glyphs/t53_l01g07.png,keywords/53_keywords/t53_l01g07.md,0,
U2-02_0108,typoglyphs/53_glyphs/t53_l01g08.png,keywords/53_keywords/t53_l01g08.md,0,
U2-02_0109,typoglyphs/53_glyphs/t53_l01g09.png,keywords/53_keywords/t53_l01g09.md,0,
U2-02_0110,typoglyphs/53_glyphs/t53_l01g10.png,keywords/53_keywords/t53_l01g10.md,0,
U2-02_0111,typoglyphs/53_glyphs/t53_l01g11.png,keywords/53_keywords/t53_l01g11.md,0,
U2-02_0112,typoglyphs/53_glyphs/t53_l01g12.png,keywords/53_keywords/t53_l01g12.md,0,
U2-02_0113,typoglyphs/53_glyphs/t53_l01g13.png,keywords/53_keywords/t53_l01g13.md,0,
U2-02_0114,typoglyphs/53_glyphs/t53_l01g14.png,keywords/53_keywords/t53_l01g14.md,0,
U2-02_0115,typoglyphs/53_glyphs/t53_l01g15.png,keywords/53_keywords/t53_l01g15.md,0,
U2-02_0116,typoglyphs/53_glyphs/t53_l01g16.png,keywords/53_keywords/t53_l01g16.md,0,
U2-02_0117,typoglyphs/53_glyphs/t53_l01g17.png,keywords/53_keywords/t53_l01g17.md,0,
U2-02_0118,typoglyphs/53_glyphs/t53_l01g18.png,keywords/53_keywords/t53_l01g18.md,0,
U2-02_0119,typoglyphs/53_glyphs/t53_l01g19.png,keywords/53_keywords/t53_l01g19.md,0,
U2-02_0120,typoglyphs/53_glyphs/t53_l01g20.png,keywords/53_keywords/t53_l01g20.md,0,
U2-02_0201,typoglyphs/53_glyphs/t53_l02g01.png,keywords/53_keywords/t53_l02g01.md,0,
U2-02_0202,typoglyphs/53_glyphs/t53_l02g02.png,keywords/53_keywords/t53_l02g02.md,0,
U2-02_0203,typoglyphs/53_glyphs/t53_l02g03.png,keywords/53_keywords/t53_l02g03.md,0,
U2-02_0204,typoglyphs/53_glyphs/t53_l02g04.png,keywords/53_keywords/t53_l02g04.md,0,
U2-02_0205,typoglyphs/53_glyphs/t53_l02g05.png,keywords/53_keywords/t53_l02g05.md,0,
U2-02_0206,typoglyphs/53_glyphs/t53_l02g06.png,keywords/53_keywords/t53_l02g06.md,0,
U2-02_0207,typoglyphs/53_glyphs/t53_l02g07.png,keywords/53_keywords/t53_l02g07.md,0,
U2-02_0208,typoglyphs/53_glyphs/t53_l02g08.png,keywords/53_keywords/t53_l02g08.md,0,
U2-02_0209,typoglyphs/53_glyphs/t53_l02g09.png,keywords/53_keywords/t53_l02g09.md,0,
U2-02_0210,typoglyphs/53_glyphs/t53_l02g10.png,keywords/53_keywords/t53_l02g10.md,0,
U2-02_0211,typoglyphs/53_glyphs/t53_l02g11.png,keywords/53_keywords/t53_l02g11.md,0,
U2-02_0212,typoglyphs/53_glyphs/t53_l02g12.png,keywords/53_keywords/t53_l02g12.md,0,
U2-02_0213,typoglyphs/53_glyphs/t53_l02g13.png,keywords/53_keywords/t53_l02g13.md,0,
U2-02_0214,typoglyphs/53_glyphs/t53_l02g14.png,keywords/53_keywords/t53_l02g14.md,0,
U2-02_0215,typoglyphs/53_glyphs/t53_l02g15.png,keywords/53_keywords/t53_l02g15.md,0,
U2-02_0216,typoglyphs/53_glyphs/t53_l02g16.png,keywords/53_keywords/t53_l02g16.md,0,
U2-02_0217,typoglyphs/53_glyphs/t53_l02g17.png,keywords/53_keywords/t53_l02g17.md,0,
U2-02_0218,typoglyphs/53_glyphs/t53_l02g18.png,keywords/53_keywords/t53_l02g18.md,0,
U2-02_0219,typoglyphs/53_glyphs/t53_l02g19.png,keywords/53_keywords/t53_l02g19.md,0,
U2-02_0220,typoglyphs/53_glyphs/t53_l02g20.png,keywords/53_keywords/t53_l02g20.md,0,
U2-02_0221,typoglyphs/53_glyphs/t53_l02g21.png,keywords/53_keywords/t53_l02g21.md,0,
U2-02_0222,typoglyphs/53_glyphs/t53_l02g22.png,keywords/53_keywords/t53_l02g22.md,0,
U2-02_0223,typoglyphs/53_glyphs/t53_l02g23.png,keywords/53_keywords/t53_l02g23.md,0,
U2-02_0224,typoglyphs/53_glyphs/t53_l02g24.png,keywords/53_keywords/t53_l02g24.md,0,
U2-02_0225,typoglyphs/53_glyphs/t53_l02g25.png,keywords/53_keywords/t53_l02g25.md,0,
U2-02_0226,typoglyphs/53_glyphs/t53_l02g26.png,keywords/53_keywords/t53_l02g26.md,0,
U2-02_0301,typoglyphs/53_glyphs/t53_l03g01.png,keywords/53_keywords/t53_l03g01.md,0,
U2-02_0302,typoglyphs/53_glyphs/t53_l03g02.png,keywords/53_keywords/t53_l03g02.md,0,
U2-02_0303,typoglyphs/53_glyphs/t53_l03g03.png,keywords/53_keywords/t53_l03g03.md,0,
U2-02_0304,typoglyphs/53_glyphs/t53_l03g04.png,keywords/53_keywords/t53_l03g04.md,0,
U2-02_0305,typoglyphs/53_glyphs/t53_l03g05.png,keywords/53_keywords/t53_l03g05.md,0,
U2-02_0306,typoglyphs/53_glyphs/t53_l03g06.png,keywords/53_keywords/t53_l03g06.md,0,
U2-02_0307,typoglyphs/53_glyphs/t53_l03g07.png,keywords/53_keywords/t53_l03g07.md,0,
U2-02_0308,typoglyphs/53_glyphs/t53_l03g08.png,keywords/53_keywords/t53_l03g08.md,0,
U2-02_0309,typoglyphs/53_glyphs/t53_l03g09.png,keywords/53_keywords/t53_l03g09.md,0,
U2-02_0310,typoglyphs/53_glyphs/t53_l03g10.png,keywords/53_keywords/t53_l03g10.md,0,
U2-02_0311,typoglyphs/53_glyphs/t53_l03g11.png,keywords/53_keywords/t53_l03g11.md,0,
U2-02_0312,typoglyphs/53_glyphs/t53_l03g12.png,keywords/53_keywords/t53_l03g12.md,0,
U2-02_0313,typoglyphs/53_glyphs/t53_l03g13.png,keywords/53_keywords/t53_l03g13.md,0,
U2-02_0314,typoglyphs/53_glyphs/t53_l03g14.png,keywords/53_keywords/t53_l03g14.md,0,
U2-02_0315,typoglyphs/53_glyphs/t53_l03g15.png,keywords/53_keywords/t53_l03g15.md,0,
U2-02_0316,typoglyphs/53_glyphs/t53_l03g16.png,keywords/53_keywords/t53_l03g16.md,0,
U2-02_0317,typoglyphs/53_glyphs/t53_l03g17.png,keywords/53_keywords/t53_l03g17.md,0,
U2-02_0318,typoglyphs/53_glyphs/t53_l03g18.png,keywords/53_keywords/t53_l03g18.md,0,
U2-02_0319,typoglyphs/53_glyphs/t53_l03g19.png,keywords/53_keywords/t53_l03g19.md,0,
U2-02_0320,typoglyphs/53_glyphs/t53_l03g20.png,keywords/53_keywords/t53_l03g20.md,0,
U2-02_0321,typoglyphs/53_glyphs/t53_l03g21.png,keywords/53_keywords/t53_l03g21.md,0,
U2-02_0322,typoglyphs/53_glyphs/t53_l03g22.png,keywords/53_keywords/t53_l03g22.md,0,
U2-02_0323,typoglyphs/53_glyphs/t53_l03g23.png,keywords/53_keywords/t53_l03g23.md,0,
U2-02_0324,typoglyphs/53_glyphs/t53_l03g24.png,keywords/53_keywords/t53_l03g24.md,0,
U2-02_0325,typoglyphs/53_glyphs/t53_l03g25.png,keywords/53_keywords/t53_l03g25.md,0,
U2-02_0326,typoglyphs/53_glyphs/t53_l03g26.png,keywords/53_keywords/t53_l03g26.md,0,
U2-02_0327,typoglyphs/53_glyphs/t53_l03g27.png,keywords/53_keywords/t53_l03g27.md,0,
U2-02_0328,typoglyphs/53_glyphs/t53_l03g28.png,keywords/53_keywords/t53_l03g28.md,0,
U2-02_0329,typoglyphs/53_glyphs/t53_l03g29.png,keywords/53_keywords/t53_l03g29.md,0,
U2-02_0330,typoglyphs/53_glyphs/t53_l03g30.png,keywords/53_keywords/t53_l03g30.md,0,
U2-02_0331,typoglyphs/53_glyphs/t53_l03g31.png,keywords/53_keywords/t53_l03g31.md,0,
U2-02_0332,typoglyphs/53_glyphs/t53_l03g32.png,keywords/53_keywords/t53_l03g32.md,0,
U2-02_0333,typoglyphs/53_glyphs/t53_l03g33.png,keywords/53_keywords/t53_l03g33.md,0,
U2-02_0334,typoglyphs/53_glyphs/t53_l03g34.png,keywords/53_keywords/t53_l03g34.md,0,
U2-02_0335,typoglyphs/53_glyphs/t53_l03g35.png,keywords/53_keywords/t53_l03g35.md,0,
U2-02_0336,typoglyphs/53_glyphs/t53_l03g36.png,keywords/53_keywords/t53_l03g36.md,0,
U2-02_0337,typoglyphs/53_glyphs/t53_l03g37.png,keywords/53_keywords/t53_l03g37.md,0,
U2-02_0338,typoglyphs/53_glyphs/t53_l03g38.png,keywords/53_keywords/t53_l03g38.md,0,
U2-02_0401,typoglyphs/53_glyphs/t53_l04g01.png,keywords/53_keywords/t53_l04g01.md,0,
U2-02_0402,typoglyphs/53_glyphs/t53_l04g02.png,keywords/53_keywords/t53_l04g02.md,0,
U2-02_0403,typoglyphs/53_glyphs/t53_l04g03.png,keywords/53_keywords/t53_l04g03.md,0,
U2-02_0404,typoglyphs/53_glyphs/t53_l04g04.png,keywords/53_keywords/t53_l04g04.md,0,
U2-02_0405,typoglyphs/53_glyphs/t53_l04g05.png,keywords/53_keywords/t53_l04g05.md,0,
U2-02_0406,typoglyphs/53_glyphs/t53_l04g06.png,keywords/53_keywords/t53_l04g06.md,0,
U2-02_0407,typoglyphs/53_glyphs/t53_l04g07.png,keywords/53_keywords/t53_l04g07.md,0,
U2-02_0408,typoglyphs/53_glyphs/t53_l04g08.png,keywords/53_keywords/t53_l04g08.md,0,
U2-02_0409,typoglyphs/53_glyphs/t53_l04g09.png,keywords/53_keywords/t53_l04g09.md,0,
U2-02_0410,typoglyphs/53_glyphs/t53_l04g10.png,keywords/53_keywords/t53_l04g10.md,0,
U2-02_0411,typoglyphs/53_glyphs/t53_l04g11.png,keywords/53_keywords/t53_l04g11.md,0,
U2-02_0412,typoglyphs/53_glyphs/t53_l04g12.png,keywords/53_keywords/t53_l04g12.md,0,
U2-02_0413,typoglyphs/53_glyphs/t53_l04g13.png,keywords/53_keywords/t53_l04g13.md,0,
U2-02_0414,typoglyphs/53_glyphs/t53_l04g14.png,keywords/53_keywords/t53_l04g14.md,0,
U2-02_0415,typoglyphs/53_glyphs/t53_l04g15.png,keywords/53_keywords/t53_l04g15.md,0,
U2-02_0416,typoglyphs/53_glyphs/t53_l04g16.png,keywords/53_keywords/t53_l04g16.md,0,
U2-02_0417,typoglyphs/53_glyphs/t53_l04g17.png,keywords/53_keywords/t53_l04g17.md,0,
U2-02_0418,typoglyphs/53_glyphs/t53_l04g18.png,keywords/53_keywords/t53_l04g18.md,0,
U2-02_0419,typoglyphs/53_glyphs/t53_l04g19.png,keywords/53_keywords/t53_l04g19.md,0,
U2-02_0420,typoglyphs/53_glyphs/t53_l04g20.png,keywords/53_keywords/t53_l04g20.md,0,
U2-02_0421,typoglyphs/53_glyphs/t53_l04g21.png,keywords/53_keywords/t53_l04g21.md,0,
U2-02_0422,typoglyphs/53_glyphs/t53_l04g22.png,keywords/53_keywords/t53_l04g22.md,0,
U2-02_0423,typoglyphs/53_glyphs/t53_l04g23.png,keywords/53_keywords/t53_l04g23.md,0,
U2-02_0424,typoglyphs/53_glyphs/t53_l04g24.png,keywords/53_keywords/t53_l04g24.md,0,
U2-02_0425,typoglyphs/53_glyphs/t53_l04g25.png,keywords/53_keywords/t53_l04g25.md,0,
U2-02_0426,typoglyphs/53_glyphs/t53_l04g26.png,keywords/53_keywords/t53_l04g26.md,0,
U2-02_0427,typoglyphs/53_glyphs/t53_l04g27.png,keywords/53_keywords/t53_l04g27.md,0,
U2-02_0428,typoglyphs/53_glyphs/t53_l04g28.png,keywords/53_keywords/t53_l04g28.md,0,
U2-02_0429,typoglyphs/53_glyphs/t53_l04g29.png,keywords/53_keywords/t53_l04g29.md,0,
U2-02_0430,typoglyphs/53_glyphs/t53_l04g30.png,keywords/53_keywords/t53_l04g30.md,0,
U2-02_0431,typoglyphs/53_glyphs/t53_l04g31.png,keywords/53_keywords/t53_l04g31.md,0,
U2-02_0432,typoglyphs/53_glyphs/t53_l04g32.png,keywords/53_keywords/t53_l04g32.md,0,
U2-02_0433,typoglyphs/53_glyphs/t53_l04g33.png,keywords/53_keywords/t53_l04g33.md,0,
U2-02_0434,typoglyphs/53_glyphs/t53_l04g34.png,keywords/53_keywords/t53_l04g34.md,0,
U2-02_0435,typoglyphs/53_glyphs/t53_l04g35.png,keywords/53_keywords/t53_l04g35.md,0,
U2-02_0436,typoglyphs/53_glyphs/t53_l04g36.png,keywords/53_keywords/t53_l04g36.md,0,
U2-02_0501,typoglyphs/53_glyphs/t53_l05g01.png,keywords/53_keywords/t53_l05g01.md,0,
U2-02_0502,typoglyphs/53_glyphs/t53_l05g02.png,keywords/53_keywords/t53_l05g02.md,0,
U2-02_0503,typoglyphs/53_glyphs/t53_l05g03.png,keywords/53_keywords/t53_l05g03.md,0,
U2-02_0504,typoglyphs/53_glyphs/t53_l05g04.png,keywords/53_keywords/t53_l05g04.md,0,
U2-02_0505,typoglyphs/53_glyphs/t53_l05g05.png,keywords/53_keywords/t53_l05g05.md,0,
U2-02_0506,typoglyphs/53_glyphs/t53_l05g06.png,keywords/53_keywords/t53_l05g06.md,0,
U2-02_0507,typoglyphs/53_glyphs/t53_l05g07.png,keywords/53_keywords/t53_l05g07.md,0,
U2-02_0508,typoglyphs/53_glyphs/t53_l05g08.png,keywords/53_keywords/t53_l05g08.md,0,
U2-02_0509,typoglyphs/53_glyphs/t53_l05g09.png,keywords/53_keywords/t53_l05g09.md,0,
U2-02_0510,typoglyphs/53_glyphs/t53_l05g10.png,keywords/53_keywords/t53_l05g10.md,0,
U2-02_0511,typoglyphs/53_glyphs/t53_l05g11.png,keywords/53_keywords/t53_l05g11.md,0,
U2-02_0512,typoglyphs/53_glyphs/t53_l05g12.png,keywords/53_keywords/t53_l05g12.md,0,
U2-02_0513,typoglyphs/53_glyphs/t53_l05g13.png,keywords/53_keywords/t53_l05g13.md,0,
U2-02_0514,typoglyphs/53_glyphs/t53_l05g14.png,keywords/53_keywords/t53_l05g14.md,0,
U2-02_0515,typoglyphs/53_glyphs/t53_l05g15.png,keywords/53_keywords/t53_l05g15.md,0,
U2-02_0516,typoglyphs/53_glyphs/t53_l05g16.png,keywords/53_keywords/t53_l05g16.md,0,
U2-02_0517,typoglyphs/53_glyphs/t53_l05g17.png,keywords/53_keywords/t53_l05g17.md,0,
U2-02_0518,typoglyphs/53_glyphs/t53_l05g18.png,keywords/53_keywords/t53_l05g18.md,0,
U2-02_0519,typoglyphs/53_glyphs/t53_l05g19.png,keywords/53_keywords/t53_l05g19.md,0,
U2-02_0520,typoglyphs/53_glyphs/t53_l05g20.png,keywords/53_keywords/t53_l05g20.md,0,
U2-02_0521,typoglyphs/53_glyphs/t53_l05g21.png,keywords/53_keywords/t53_l05g21.md,0,
U2-02_0522,typoglyphs/53_glyphs/t53_l05g22.png,keywords/53_keywords/t53_l05g22.md,0,
U2-02_0523,typoglyphs/53_glyphs/t53_l05g23.png,keywords/53_keywords/t53_l05g23.md,0,
U2-02_0524,typoglyphs/53_glyphs/t53_l05g24.png,keywords/53_keywords/t53_l05g24.md,0,
U2-02_0525,typoglyphs/53_glyphs/t53_l05g25.png,keywords/53_keywords/t53_l05g25.md,0,
U2-02_0526,typoglyphs/53_glyphs/t53_l05g26.png,keywords/53_keywords/t53_l05g26.md,0,
U2-02_0527,typoglyphs/53_glyphs/t53_l05g27.png,keywords/53_keywords/t53_l05g27.md,0,
U2-02_0528,typoglyphs/53_glyphs/t53_l05g28.png,keywords/53_keywords/t53_l05g28.md,0,
U2-02_0529,typoglyphs/53_glyphs/t53_l05g29.png,keywords/53_keywords/t53_l05g29.md,0,
U2-02_0530,typoglyphs/53_glyphs/t53_l05g30.png,keywords/53_keywords/t53_l05g30.md,0,
U2-02_0531,typoglyphs/53_glyphs/t53_l05g31.png,keywords/53_keywords/t53_l05g31.md,0,
U2-02_0532,typoglyphs/53_glyphs/t53_l05g32.png,keywords/53_keywords/t53_l05g32.md,0,
U2-02_0533,typoglyphs/53_glyphs/t53_l05g33.png,keywords/53_keywords/t53_l05g33.md,0,
U2-03_0101,typoglyphs/54_glyphs/t54_l01g01.png,keywords/54_keywords/t54_l01g01.md,0,
U2-03_0102,typoglyphs/54_glyphs/t54_l01g02.png,keywords/54_keywords/t54_l01g02.md,0,
U2-03_0103,typoglyphs/54_glyphs/t54_l01g03.png,keywords/54_keywords/t54_l01g03.md,0,
U2-03_0104,typoglyphs/54_glyphs/t54_l01g04.png,keywords/54_keywords/t54_l01g04.md,0,
U2-03_0105,typoglyphs/54_glyphs/t54_l01g05.png,keywords/54_keywords/t54_l01g05.md,0,
U2-03_0106,typoglyphs/54_glyphs/t54_l01g06.png,keywords/54_keywords/t54_l01g06.md,0,
U2-03_0107,typoglyphs/54_glyphs/t54_l01g07.png,keywords/54_keywords/t54_l01g07.md,0,
U2-03_0108,typoglyphs/54_glyphs/t54_l01g08.png,keywords/54_keywords/t54_l01g08.md,0,
U2-03_0109,typoglyphs/54_glyphs/t54_l01g09.png,keywords/54_keywords/t54_l01g09.md,0,
U2-03_0110,typoglyphs/54_glyphs/t54_l01g10.png,keywords/54_keywords/t54_l01g10.md,0,
U2-03_0111,typoglyphs/54_glyphs/t54_l01g11.png,keywords/54_keywords/t54_l01g11.md,0,
U2-03_0112,typoglyphs/54_glyphs/t54_l01g12.png,keywords/54_keywords/t54_l01g12.md,0,
U2-03_0113,typoglyphs/54_glyphs/t54_l01g13.png,keywords/54_keywords/t54_l01g13.md,0,
U2-03_0114,typoglyphs/54_glyphs/t54_l01g14.png,keywords/54_keywords/t54_l01g14.md,0,
U2-03_0115,typoglyphs/54_glyphs/t54_l01g15.png,keywords/54_keywords/t54_l01g15.md,0,
U2-03_0116,typoglyphs/54_glyphs/t54_l01g16.png,keywords/54_keywords/t54_l01g16.md,0,
U2-03_0117,typoglyphs/54_glyphs/t54_l01g17.png,keywords/54_keywords/t54_l01g17.md,0,
U2-03_0118,typoglyphs/54_glyphs/t54_l01g18.png,keywords/54_keywords/t54_l01g18.md,0,
U2-03_0119,typoglyphs/54_glyphs/t54_l01g19.png,keywords/54_keywords/t54_l01g19.md,0,
U2-03_0120,typoglyphs/54_glyphs/t54_l01g20.png,keywords/54_keywords/t54_l01g20.md,0,
U2-03_0121,typoglyphs/54_glyphs/t54_l01g21.png,keywords/54_keywords/t54_l01g21.md,0,
U2-03_0122,typoglyphs/54_glyphs/t54_l01g22.png,keywords/54_keywords/t54_l01g22.md,0,
U2-03_0123,typoglyphs/54_glyphs/t54_l01g23.png,keywords/54_keywords/t54_l01g23.md,0,
U2-03_0124,typoglyphs/54_glyphs/t54_l01g24.png,keywords/54_keywords/t54_l01g24.md,0,
U2-03_0125,typoglyphs/54_glyphs/t54_l01g25.png,keywords/54_keywords/t54_l01g25.md,0,
U2-03_0126,typoglyphs/54_glyphs/t54_l01g26.png,keywords/54_keywords/t54_l01g26.md,0,
U2-03_0127,typoglyphs/54_glyphs/t54_l01g27.png,keywords/54_keywords/t54_l01g27.md,0,
U2-03_0201,typoglyphs/54_glyphs/t54_l02g01.png,keywords/54_keywords/t54_l02g01.md,0,
U2-03_0202,typoglyphs/54_glyphs/t54_l02g02.png,keywords/54_keywords/t54_l02g02.md,0,
U2-03_0203,typoglyphs/54_glyphs/t54_l02g03.png,keywords/54_keywords/t54_l02g03.md,0,
U2-03_0204,typoglyphs/54_glyphs/t54_l02g04.png,keywords/54_keywords/t54_l02g04.md,0,
U2-03_0205,typoglyphs/54_glyphs/t54_l02g05.png,keywords/54_keywords/t54_l02g05.md,0,
U2-03_0206,typoglyphs/54_glyphs/t54_l02g06.png,keywords/54_keywords/t54_l02g06.md,0,
U2-03_0207,typoglyphs/54_glyphs/t54_l02g07.png,keywords/54_keywords/t54_l02g07.md,0,
U2-03_0208,typoglyphs/54_glyphs/t54_l02g08.png,keywords/54_keywords/t54_l02g08.md,0,
U2-03_0209,typoglyphs/54_glyphs/t54_l02g09.png,keywords/54_keywords/t54_l02g09.md,0,
U2-03_0210,typoglyphs/54_glyphs/t54_l02g10.png,keywords/54_keywords/t54_l02g10.md,0,
U2-03_0211,typoglyphs/54_glyphs/t54_l02g11.png,keywords/54_keywords/t54_l02g11.md,0,
U2-03_0212,typoglyphs/54_glyphs/t54_l02g12.png,keywords/54_keywords/t54_l02g12.md,0,
U2-03_0213,typoglyphs/54_glyphs/t54_l02g13.png,keywords/54_keywords/t54_l02g13.md,0,
U2-03_0214,typoglyphs/54_glyphs/t54_l02g14.png,keywords/54_keywords/t54_l02g14.md,0,
U2-03_0215,typoglyphs/54_glyphs/t54_l02g15.png,keywords/54_keywords/t54_l02g15.md,0,
U2-03_0216,typoglyphs/54_glyphs/t54_l02g16.png,keywords/54_keywords/t54_l02g16.md,0,
U2-03_0217,typoglyphs/54_glyphs/t54_l02g17.png,keywords/54_keywords/t54_l02g17.md,0,
U2-03_0218,typoglyphs/54_glyphs/t54_l02g18.png,keywords/54_keywords/t54_l02g18.md,0,
U2-03_0219,typoglyphs/54_glyphs/t54_l02g19.png,keywords/54_keywords/t54_l02g19.md,0,
U2-03_0220,typoglyphs/54_glyphs/t54_l02g20.png,keywords/54_keywords/t54_l02g20.md,0,
U2-03_0221,typoglyphs/54_glyphs/t54_l02g21.png,keywords/54_keywords/t54_l02g21.md,0,
U2-03_0222,typoglyphs/54_glyphs/t54_l02g22.png,keywords/54_keywords/t54_l02g22.md,0,
U2-03_0223,typoglyphs/54_glyphs/t54_l02g23.png,keywords/54_keywords/t54_l02g23.md,0,
U2-03_0224,typoglyphs/54_glyphs/t54_l02g24.png,keywords/54_keywords/t54_l02g24.md,0,
U2-03_0225,typoglyphs/54_glyphs/t54_l02g25.png,keywords/54_keywords/t54_l02g25.md,0,
U2-03_0226,typoglyphs/54_glyphs/t54_l02g26.png,keywords/54_keywords/t54_l02g26.md,0,
U2-03_0227,typoglyphs/54_glyphs/t54_l02g27.png,keywords/54_keywords/t54_l02g27.md,0,
U2-03_0228,typoglyphs/54_glyphs/t54_l02g28.png,keywords/54_keywords/t54_l02g28.md,0,
U2-03_0229,typoglyphs/54_glyphs/t54_l02g29.png,keywords/54_keywords/t54_l02g29.md,0,
U2-03_0230,typoglyphs/54_glyphs/t54_l02g30.png,keywords/54_keywords/t54_l02g30.md,0,
U2-03_0231,typoglyphs/54_glyphs/t54_l02g31.png,keywords/54_keywords/t54_l02g31.md,0,
U2-03_0232,typoglyphs/54_glyphs/t54_l02g32.png,keywords/54_keywords/t54_l02g32.md,0,
U2-03_0233,typoglyphs/54_glyphs/t54_l02g33.png,keywords/54_keywords/t54_l02g33.md,0,
U2-03_0234,typoglyphs/54_glyphs/t54_l02g34.png,keywords/54_keywords/t54_l02g34.md,0,
U2-03_0235,typoglyphs/54_glyphs/t54_l02g35.png,keywords/54_keywords/t54_l02g35.md,0,
U2-03_0236,typoglyphs/54_glyphs/t54_l02g36.png,keywords/54_keywords/t54_l02g36.md,0,
U2-03_0237,typoglyphs/54_glyphs/t54_l02g37.png,keywords/54_keywords/t54_l02g37.md,0,
U2-03_0238,typoglyphs/54_glyphs/t54_l02g38.png,keywords/54_keywords/t54_l02g38.md,0,
U2-03_0239,typoglyphs/54_glyphs/t54_l02g39.png,keywords/54_keywords/t54_l02g39.md,0,
U2-03_0240,typoglyphs/54_glyphs/t54_l02g40.png,keywords/54_keywords/t54_l02g40.md,0,
U2-03_0301,typoglyphs/54_glyphs/t54_l03g01.png,keywords/54_keywords/t54_l03g01.md,0,
U2-03_0302,typoglyphs/54_glyphs/t54_l03g02.png,keywords/54_keywords/t54_l03g02.md,0,
U2-03_0303,typoglyphs/54_glyphs/t54_l03g03.png,keywords/54_keywords/t54_l03g03.md,0,
U2-03_0304,typoglyphs/54_glyphs/t54_l03g04.png,keywords/54_keywords/t54_l03g04.md,0,
U2-03_0305,typoglyphs/54_glyphs/t54_l03g05.png,keywords/54_keywords/t54_l03g05.md,0,
U2-03_0306,typoglyphs/54_glyphs/t54_l03g06.png,keywords/54_keywords/t54_l03g06.md,0,
U2-03_0307,typoglyphs/54_glyphs/t54_l03g07.png,keywords/54_keywords/t54_l03g07.md,0,
U2-03_0308,typoglyphs/54_glyphs/t54_l03g08.png,keywords/54_keywords/t54_l03g08.md,0,
U2-03_0309,typoglyphs/54_glyphs/t54_l03g09.png,keywords/54_keywords/t54_l03g09.md,0,
U2-03_0310,typoglyphs/54_glyphs/t54_l03g10.png,keywords/54_keywords/t54_l03g10.md,0,
U2-03_0311,typoglyphs/54_glyphs/t54_l03g11.png,keywords/54_keywords/t54_l03g11.md,0,
U2-03_0312,typoglyphs/54_glyphs/t54_l03g12.png,keywords/54_keywords/t54_l03g12.md,0,
U2-03_0313,typoglyphs/54_glyphs/t54_l03g13.png,keywords/54_keywords/t54_l03g13.md,0,
U2-03_0314,typoglyphs/54_glyphs/t54_l03g14.png,keywords/54_keywords/t54_l03g14.md,0,
U2-03_0315,typoglyphs/54_glyphs/t54_l03g15.png,keywords/54_keywords/t54_l03g15.md,0,
U2-03_0316,typoglyphs/54_glyphs/t54_l03g16.png,keywords/54_keywords/t54_l03g16.md,0,
U2-03_0317,typoglyphs/54_glyphs/t54_l03g17.png,keywords/54_keywords/t54_l03g17.md,0,
U2-03_0318,typoglyphs/54_glyphs/t54_l03g18.png,keywords/54_keywords/t54_l03g18.md,0,
U2-03_0319,typoglyphs/54_glyphs/t54_l03g19.png,keywords/54_keywords/t54_l03g19.md,0,
U2-03_0320,typoglyphs/54_glyphs/t54_l03g20.png,keywords/54_keywords/t54_l03g20.md,0,
U2-03_0321,typoglyphs/54_glyphs/t54_l03g21.png,keywords/54_keywords/t54_l03g21.md,0,
U2-03_0322,typoglyphs/54_glyphs/t54_l03g22.png,keywords/54_keywords/t54_l03g22.md,0,
U2-03_0323,typoglyphs/54_glyphs/t54_l03g23.png,keywords/54_keywords/t54_l03g23.md,0,
U2-03_0324,typoglyphs/54_glyphs/t54_l03g24.png,keywords/54_keywords/t54_l03g24.md,0,
U2-03_0325,typoglyphs/54_glyphs/t54_l03g25.png,keywords/54_keywords/t54_l03g25.md,0,
U2-03_0326,typoglyphs/54_glyphs/t54_l03g26.png,keywords/54_keywords/t54_l03g26.md,0,
U2-03_0327,typoglyphs/54_glyphs/t54_l03g27.png,keywords/54_keywords/t54_l03g27.md,0,
U2-03_0328,typoglyphs/54_glyphs/t54_l03g28.png,keywords/54_keywords/t54_l03g28.md,0,
U2-03_0329,typoglyphs/54_glyphs/t54_l03g29.png,keywords/54_keywords/t54_l03g29.md,0,
U2-03_0330,typoglyphs/54_glyphs/t54_l03g30.png,keywords/54_keywords/t54_l03g30.md,0,
U2-03_0331,typoglyphs/54_glyphs/t54_l03g31.png,keywords/54_keywords/t54_l03g31.md,0,
U2-03_0332,typoglyphs/54_glyphs/t54_l03g32.png,keywords/54_keywords/t54_l03g32.md,0,
U2-03_0333,typoglyphs/54_glyphs/t54_l03g33.png,keywords/54_keywords/t54_l03g33.md,0,
U2-03_0334,typoglyphs/54_glyphs/t54_l03g34.png,keywords/54_keywords/t54_l03g34.md,0,
U2-03_0335,typoglyphs/54_glyphs/t54_l03g35.png,keywords/54_keywords/t54_l03g35.md,0,
U2-03_0336,typoglyphs/54_glyphs/t54_l03g36.png,keywords/54_keywords/t54_l03g36.md,0,
U2-03_0337,typoglyphs/54_glyphs/t54_l03g37.png,keywords/54_keywords/t54_l03g37.md,0,
U2-03_0401,typoglyphs/54_glyphs/t54_l04g01.png,keywords/54_keywords/t54_l04g01.md,0,
U2-03_0402,typoglyphs/54_glyphs/t54_l04g02.png,keywords/54_keywords/t54_l04g02.md,0,
U2-03_0403,typoglyphs/54_glyphs/t54_l04g03.png,keywords/54_keywords/t54_l04g03.md,0,
U2-03_0404,typoglyphs/54_glyphs/t54_l04g04.png,keywords/54_keywords/t54_l04g04.md,0,
U2-03_0405,typoglyphs/54_glyphs/t54_l04g05.png,keywords/54_keywords/t54_l04g05.md,0,
U2-03_0406,typoglyphs/54_glyphs/t54_l04g06.png,keywords/54_keywords/t54_l04g06.md,0,
U2-03_0407,typoglyphs/54_glyphs/t54_l04g07.png,keywords/54_keywords/t54_l04g07.md,0,
U2-03_0408,typoglyphs/54_glyphs/t54_l04g08.png,keywords/54_keywords/t54_l04g08.md,0,
U2-03_0409,typoglyphs/54_glyphs/t54_l04g09.png,keywords/54_keywords/t54_l04g09.md,0,
U2-03_0410,typoglyphs/54_glyphs/t54_l04g10.png,keywords/54_keywords/t54_l04g10.md,0,
U2-03_0411,typoglyphs/54_glyphs/t54_l04g11.png,keywords/54_keywords/t54_l04g11.md,0,
U2-03_0412,typoglyphs/54_glyphs/t54_l04g12.png,keywords/54_keywords/t54_l04g12.md,0,
U2-03_0413,typoglyphs/54_glyphs/t54_l04g13.png,keywords/54_keywords/t54_l04g13.md,0,
U2-03_0414,typoglyphs/54_glyphs/t54_l04g14.png,keywords/54_keywords/t54_l04g14.md,0,
U2-03_0415,typoglyphs/54_glyphs/t54_l04g15.png,keywords/54_keywords/t54_l04g15.md,0,
U2-03_0416,typoglyphs/54_glyphs/t54_l04g16.png,keywords/54_keywords/t54_l04g16.md,0,
U2-03_0417,typoglyphs/54_glyphs/t54_l04g17.png,keywords/54_keywords/t54_l04g17.md,0,
U2-03_0418,typoglyphs/54_glyphs/t54_l04g18.png,keywords/54_keywords/t54_l04g18.md,0,
U2-03_0419,typoglyphs/54_glyphs/t54_l04g19.png,keywords/54_keywords/t54_l04g19.md,0,
U2-03_0420,typoglyphs/54_glyphs/t54_l04g20.png,keywords/54_keywords/t54_l04g20.md,0,
U2-03_0421,typoglyphs/54_glyphs/t54_l04g21.png,keywords/54_keywords/t54_l04g21.md,0,
U2-03_0422,typoglyphs/54_glyphs/t54_l04g22.png,keywords/54_keywords/t54_l04g22.md,0,
U2-03_0423,typoglyphs/54_glyphs/t54_l04g23.png,keywords/54_keywords/t54_l04g23.md,0,
U2-03_0424,typoglyphs/54_glyphs/t54_l04g24.png,keywords/54_keywords/t54_l04g24.md,0,
U2-03_0425,typoglyphs/54_glyphs/t54_l04g25.png,keywords/54_keywords/t54_l04g25.md,0,
U2-03_0426,typoglyphs/54_glyphs/t54_l04g26.png,keywords/54_keywords/t54_l04g26.md,0,
U2-03_0427,typoglyphs/54_glyphs/t54_l04g27.png,keywords/54_keywords/t54_l04g27.md,0,
U2-03_0428,typoglyphs/54_glyphs/t54_l04g28.png,keywords/54_keywords/t54_l04g28.md,0,
U2-03_0429,typoglyphs/54_glyphs/t54_l04g29.png,keywords/54_keywords/t54_l04g29.md,0,
U2-03_0430,typoglyphs/54_glyphs/t54_l04g30.png,keywords/54_keywords/t54_l04g30.md,0,
U2-03_0431,typoglyphs/54_glyphs/t54_l04g31.png,keywords/54_keywords/t54_l04g31.md,0,
U2-03_0432,typoglyphs/54_glyphs/t54_l04g32.png,keywords/54_keywords/t54_l04g32.md,0,
U2-03_0433,typoglyphs/54_glyphs/t54_l04g33.png,keywords/54_keywords/t54_l04g33.md,0,
U2-03_0434,typoglyphs/54_glyphs/t54_l04g34.png,keywords/54_keywords/t54_l04g34.md,0,
U2-03_0435,typoglyphs/54_glyphs/t54_l04g35.png,keywords/54_keywords/t54_l04g35.md,0,
U2-03_0436,typoglyphs/54_glyphs/t54_l04g36.png,keywords/54_keywords/t54_l04g36.md,0,
U2-03_0437,typoglyphs/54_glyphs/t54_l04g37.png,keywords/54_keywords/t54_l04g37.md,0,
U2-03_0438,typoglyphs/54_glyphs/t54_l04g38.png,keywords/54_keywords/t54_l04g38.md,0,
U2-03_0439,typoglyphs/54_glyphs/t54_l04g39.png,keywords/54_keywords/t54_l04g39.md,0,
U2-03_0501,typoglyphs/54_glyphs/t54_l05g01.png,keywords/54_keywords/t54_l05g01.md,0,
U2-03_0502,typoglyphs/54_glyphs/t54_l05g02.png,keywords/54_keywords/t54_l05g02.md,0,
U2-03_0503,typoglyphs/54_glyphs/t54_l05g03.png,keywords/54_keywords/t54_l05g03.md,0,
U2-03_0504,typoglyphs/54_glyphs/t54_l05g04.png,keywords/54_keywords/t54_l05g04.md,0,
U2-03_0505,typoglyphs/54_glyphs/t54_l05g05.png,keywords/54_keywords/t54_l05g05.md,0,
U2-03_0506,typoglyphs/54_glyphs/t54_l05g06.png,keywords/54_keywords/t54_l05g06.md,0,
U2-03_0507,typoglyphs/54_glyphs/t54_l05g07.png,keywords/54_keywords/t54_l05g07.md,0,
U2-03_0508,typoglyphs/54_glyphs/t54_l05g08.png,keywords/54_keywords/t54_l05g08.md,0,
U2-03_0509,typoglyphs/54_glyphs/t54_l05g09.png,keywords/54_keywords/t54_l05g09.md,0,
U2-03_0510,typoglyphs/54_glyphs/t54_l05g10.png,keywords/54_keywords/t54_l05g10.md,0,
U2-03_0511,typoglyphs/54_glyphs/t54_l05g11.png,keywords/54_keywords/t54_l05g11.md,0,
U2-04_0101,typoglyphs/55_glyphs/t55_l01g01.png,keywords/55_keywords/t55_l01g01.md,0,
U2-04_0102,typoglyphs/55_glyphs/t55_l01g02.png,keywords/55_keywords/t55_l01g02.md,0,
U2-04_0103,typoglyphs/55_glyphs/t55_l01g03.png,keywords/55_keywords/t55_l01g03.md,0,
U2-04_0104,typoglyphs/55_glyphs/t55_l01g04.png,keywords/55_keywords/t55_l01g04.md,0,
U2-04_0105,typoglyphs/55_glyphs/t55_l01g05.png,keywords/55_keywords/t55_l01g05.md,0,
U2-04_0106,typoglyphs/55_glyphs/t55_l01g06.png,keywords/55_keywords/t55_l01g06.md,0,
U2-04_0107,typoglyphs/55_glyphs/t55_l01g07.png,keywords/55_keywords/t55_l01g07.md,0,
U2-04_0108,typoglyphs/55_glyphs/t55_l01g08.png,keywords/55_keywords/t55_l01g08.md,0,
U2-04_0109,typoglyphs/55_glyphs/t55_l01g09.png,keywords/55_keywords/t55_l01g09.md,0,
U2-04_0110,typoglyphs/55_glyphs/t55_l01g10.png,keywords/55_keywords/t55_l01g10.md,0,
U2-04_0111,typoglyphs/55_glyphs/t55_l01g11.png,keywords/55_keywords/t55_l01g11.md,0,
U2-04_0112,typoglyphs/55_glyphs/t55_l01g12.png,keywords/55_keywords/t55_l01g12.md,0,
U2-04_0113,typoglyphs/55_glyphs/t55_l01g13.png,keywords/55_keywords/t55_l01g13.md,0,
U2-04_0114,typoglyphs/55_glyphs/t55_l01g14.png,keywords/55_keywords/t55_l01g14.md,0,
U2-04_0115,typoglyphs/55_glyphs/t55_l01g15.png,keywords/55_keywords/t55_l01g15.md,0,
U2-04_0116,typoglyphs/55_glyphs/t55_l01g16.png,keywords/55_keywords/t55_l01g16.md,0,
U2-04_0117,typoglyphs/55_glyphs/t55_l01g17.png,keywords/55_keywords/t55_l01g17.md,0,
U2-04_0118,typoglyphs/55_glyphs/t55_l01g18.png,keywords/55_keywords/t55_l01g18.md,0,
U2-04_0119,typoglyphs/55_glyphs/t55_l01g19.png,keywords/55_keywords/t55_l01g19.md,0,
U2-04_0120,typoglyphs/55_glyphs/t55_l01g20.png,keywords/55_keywords/t55_l01g20.md,0,
U2-04_0121,typoglyphs/55_glyphs/t55_l01g21.png,keywords/55_keywords/t55_l01g21.md,0,
U2-04_0122,typoglyphs/55_glyphs/t55_l01g22.png,keywords/55_keywords/t55_l01g22.md,0,
U2-04_0123,typoglyphs/55_glyphs/t55_l01g23.png,keywords/55_keywords/t55_l01g23.md,0,
U2-04_0124,typoglyphs/55_glyphs/t55_l01g24.png,keywords/55_keywords/t55_l01g24.md,0,
U2-04_0201,typoglyphs/55_glyphs/t55_l02g01.png,keywords/55_keywords/t55_l02g01.md,0,
U2-04_0202,typoglyphs/55_glyphs/t55_l02g02.png,keywords/55_keywords/t55_l02g02.md,0,
U2-04_0203,typoglyphs/55_glyphs/t55_l02g03.png,keywords/55_keywords/t55_l02g03.md,0,
U2-04_0204,typoglyphs/55_glyphs/t55_l02g04.png,keywords/55_keywords/t55_l02g04.md,0,
U2-04_0205,typoglyphs/55_glyphs/t55_l02g05.png,keywords/55_keywords/t55_l02g05.md,0,
U2-04_0206,typoglyphs/55_glyphs/t55_l02g06.png,keywords/55_keywords/t55_l02g06.md,0,
U2-04_0207,typoglyphs/55_glyphs/t55_l02g07.png,keywords/55_keywords/t55_l02g07.md,0,
U2-04_0208,typoglyphs/55_glyphs/t55_l02g08.png,keywords/55_keywords/t55_l02g08.md,0,
U2-04_0209,typoglyphs/55_glyphs/t55_l02g09.png,keywords/55_keywords/t55_l02g09.md,0,
U2-04_0210,typoglyphs/55_glyphs/t55_l02g10.png,keywords/55_keywords/t55_l02g10.md,0,
U2-04_0211,typoglyphs/55_glyphs/t55_l02g11.png,keywords/55_keywords/t55_l02g11.md,0,
U2-04_0212,typoglyphs/55_glyphs/t55_l02g12.png,keywords/55_keywords/t55_l02g12.md,0,
U2-04_0213,typoglyphs/55_glyphs/t55_l02g13.png,keywords/55_keywords/t55_l02g13.md,0,
U2-04_0214,typoglyphs/55_glyphs/t55_l02g14.png,keywords/55_keywords/t55_l02g14.md,0,
U2-04_0215,typoglyphs/55_glyphs/t55_l02g15.png,keywords/55_keywords/t55_l02g15.md,0,
U2-04_0216,typoglyphs/55_glyphs/t55_l02g16.png,keywords/55_keywords/t55_l02g16.md,0,
U2-04_0217,typoglyphs/55_glyphs/t55_l02g17.png,keywords/55_keywords/t55_l02g17.md,0,
U2-04_0218,typoglyphs/55_glyphs/t55_l02g18.png,keywords/55_keywords/t55_l02g18.md,0,
U2-04_0219,typoglyphs/55_glyphs/t55_l02g19.png,keywords/55_keywords/t55_l02g19.md,0,
U2-04_0220,typoglyphs/55_glyphs/t55_l02g20.png,keywords/55_keywords/t55_l02g20.md,0,
U2-04_0221,typoglyphs/55_glyphs/t55_l02g21.png,keywords/55_keywords/t55_l02g21.md,0,
U2-04_0222,typoglyphs/55_glyphs/t55_l02g22.png,keywords/55_keywords/t55_l02g22.md,0,
U2-04_0223,typoglyphs/55_glyphs/t55_l02g23.png,keywords/55_keywords/t55_l02g23.md,0,
U2-04_0224,typoglyphs/55_glyphs/t55_l02g24.png,keywords/55_keywords/t55_l02g24.md,0,
U2-04_0225,typoglyphs/55_glyphs/t55_l02g25.png,keywords/55_keywords/t55_l02g25.md,0,
U2-04_0226,typoglyphs/55_glyphs/t55_l02g26.png,keywords/55_keywords/t55_l02g26.md,0,
U2-04_0227,typoglyphs/55_glyphs/t55_l02g27.png,keywords/55_keywords/t55_l02g27.md,0,
U2-04_0228,typoglyphs/55_glyphs/t55_l02g28.png,keywords/55_keywords/t55_l02g28.md,0,
U2-04_0229,typoglyphs/55_glyphs/t55_l02g29.png,keywords/55_keywords/t55_l02g29.md,0,
U2-04_0230,typoglyphs/55_glyphs/t55_l02g30.png,keywords/55_keywords/t55_l02g30.md,0,
U2-04_0231,typoglyphs/55_glyphs/t55_l02g31.png,keywords/55_keywords/t55_l02g31.md,0,
U2-04_0232,typoglyphs/55_glyphs/t55_l02g32.png,keywords/55_keywords/t55_l02g32.md,0,
U2-04_0233,typoglyphs/55_glyphs/t55_l02g33.png,keywords/55_keywords/t55_l02g33.md,0,
U2-04_0234,typoglyphs/55_glyphs/t55_l02g34.png,keywords/55_keywords/t55_l02g34.md,0,
U2-04_0235,typoglyphs/55_glyphs/t55_l02g35.png,keywords/55_keywords/t55_l02g35.md,0,
U2-04_0236,typoglyphs/55_glyphs/t55_l02g36.png,keywords/55_keywords/t55_l02g36.md,0,
U2-04_0237,typoglyphs/55_glyphs/t55_l02g37.png,keywords/55_keywords/t55_l02g37.md,0,
U2-04_0238,typoglyphs/55_glyphs/t55_l02g38.png,keywords/55_keywords/t55_l02g38.md,0,
U2-04_0239,typoglyphs/55_glyphs/t55_l02g39.png,keywords/55_keywords/t55_l02g39.md,0,
U2-04_0240,typoglyphs/55_glyphs/t55_l02g40.png,keywords/55_keywords/t55_l02g40.md,0,
U2-04_0301,typoglyphs/55_glyphs/t55_l03g01.png,keywords/55_keywords/t55_l03g01.md,0,
U2-04_0302,typoglyphs/55_glyphs/t55_l03g02.png,keywords/55_keywords/t55_l03g02.md,0,
U2-04_0303,typoglyphs/55_glyphs/t55_l03g03.png,keywords/55_keywords/t55_l03g03.md,0,
U2-04_0304,typoglyphs/55_glyphs/t55_l03g04.png,keywords/55_keywords/t55_l03g04.md,0,
U2-04_0305,typoglyphs/55_glyphs/t55_l03g05.png,keywords/55_keywords/t55_l03g05.md,0,
U2-04_0306,typoglyphs/55_glyphs/t55_l03g06.png,keywords/55_keywords/t55_l03g06.md,0,
U2-04_0307,typoglyphs/55_glyphs/t55_l03g07.png,keywords/55_keywords/t55_l03g07.md,0,
U2-04_0308,typoglyphs/55_glyphs/t55_l03g08.png,keywords/55_keywords/t55_l03g08.md,0,
U2-04_0309,typoglyphs/55_glyphs/t55_l03g09.png,keywords/55_keywords/t55_l03g09.md,0,
U2-04_0310,typoglyphs/55_glyphs/t55_l03g10.png,keywords/55_keywords/t55_l03g10.md,0,
U2-04_0311,typoglyphs/55_glyphs/t55_l03g11.png,keywords/55_keywords/t55_l03g11.md,1,descriptions/55_descriptions/t55_l03g11.md
U2-04_0312,typoglyphs/55_glyphs/t55_l03g12.png,keywords/55_keywords/t55_l03g12.md,0,
U2-04_0313,typoglyphs/55_glyphs/t55_l03g13.png,keywords/55_keywords/t55_l03g13.md,0,
U2-04_0314,typoglyphs/55_glyphs/t55_l03g14.png,keywords/55_keywords/t55_l03g14.md,0,
U2-04_0315,typoglyphs/55_glyphs/t55_l03g15.png,keywords/55_keywords/t55_l03g15.md,0,
U2-04_0316,typoglyphs/55_glyphs/t55_l03g16.png,keywords/55_keywords/t55_l03g16.md,0,
U2-04_0317,typoglyphs/55_glyphs/t55_l03g17.png,keywords/55_keywords/t55_l03g17.md,0,
U2-04_0318,typoglyphs/55_glyphs/t55_l03g18.png,keywords/55_keywords/t55_l03g18.md,0,
U2-04_0319,typoglyphs/55_glyphs/t55_l03g19.png,keywords/55_keywords/t55_l03g19.md,0,
U2-04_0320,typoglyphs/55_glyphs/t55_l03g20.png,keywords/55_keywords/t55_l03g20.md,0,
U2-04_0321,typoglyphs/55_glyphs/t55_l03g21.png,keywords/55_keywords/t55_l03g21.md,0,
U2-04_0322,typoglyphs/55_glyphs/t55_l03g22.png,keywords/55_keywords/t55_l03g22.md,0,
U2-04_0323,typoglyphs/55_glyphs/t55_l03g23.png,keywords/55_keywords/t55_l03g23.md,0,
U2-04_0324,typoglyphs/55_glyphs/t55_l03g24.png,keywords/55_keywords/t55_l03g24.md,0,
U2-04_0325,typoglyphs/55_glyphs/t55_l03g25.png,keywords/55_keywords/t55_l03g25.md,0,
U2-04_0326,typoglyphs/55_glyphs/t55_l03g26.png,keywords/55_keywords/t55_l03g26.md,0,
U2-04_0327,typoglyphs/55_glyphs/t55_l03g27.png,keywords/55_keywords/t55_l03g27.md,0,
U2-04_0328,typoglyphs/55_glyphs/t55_l03g28.png,keywords/55_keywords/t55_l03g28.md,0,
U2-04_0401,typoglyphs/55_glyphs/t55_l04g01.png,keywords/55_keywords/t55_l04g01.md,0,
U2-04_0402,typoglyphs/55_glyphs/t55_l04g02.png,keywords/55_keywords/t55_l04g02.md,0,
U2-04_0403,typoglyphs/55_glyphs/t55_l04g03.png,keywords/55_keywords/t55_l04g03.md,0,
U2-04_0404,typoglyphs/55_glyphs/t55_l04g04.png,keywords/55_keywords/t55_l04g04.md,0,
U2-04_0405,typoglyphs/55_glyphs/t55_l04g05.png,keywords/55_keywords/t55_l04g05.md,0,
U2-04_0406,typoglyphs/55_glyphs/t55_l04g06.png,keywords/55_keywords/t55_l04g06.md,0,
U2-04_0407,typoglyphs/55_glyphs/t55_l04g07.png,keywords/55_keywords/t55_l04g07.md,0,
U2-04_0408,typoglyphs/55_glyphs/t55_l04g08.png,keywords/55_keywords/t55_l04g08.md,0,
U2-04_0409,typoglyphs/55_glyphs/t55_l04g09.png,keywords/55_keywords/t55_l04g09.md,0,
U2-04_0410,typoglyphs/55_glyphs/t55_l04g10.png,keywords/55_keywords/t55_l04g10.md,0,
U2-05_0101,typoglyphs/56_glyphs/t56_l01g01.png,keywords/56_keywords/t56_l01g01.md,0,
U2-05_0102,typoglyphs/56_glyphs/t56_l01g02.png,keywords/56_keywords/t56_l01g02.md,0,
U2-05_0103,typoglyphs/56_glyphs/t56_l01g03.png,keywords/56_keywords/t56_l01g03.md,0,
U2-05_0104,typoglyphs/56_glyphs/t56_l01g04.png,keywords/56_keywords/t56_l01g04.md,0,
U2-05_0105,typoglyphs/56_glyphs/t56_l01g05.png,keywords/56_keywords/t56_l01g05.md,0,
U2-05_0106,typoglyphs/56_glyphs/t56_l01g06.png,keywords/56_keywords/t56_l01g06.md,0,
U2-05_0107,typoglyphs/56_glyphs/t56_l01g07.png,keywords/56_keywords/t56_l01g07.md,0,
U2-05_0108,typoglyphs/56_glyphs/t56_l01g08.png,keywords/56_keywords/t56_l01g08.md,0,
U2-05_0109,typoglyphs/56_glyphs/t56_l01g09.png,keywords/56_keywords/t56_l01g09.md,0,
U2-05_0110,typoglyphs/56_glyphs/t56_l01g10.png,keywords/56_keywords/t56_l01g10.md,0,
U2-05_0111,typoglyphs/56_glyphs/t56_l01g11.png,keywords/56_keywords/t56_l01g11.md,0,
U2-05_0112,typoglyphs/56_glyphs/t56_l01g12.png,keywords/56_keywords/t56_l01g12.md,0,
U2-05_0113,typoglyphs/56_glyphs/t56_l01g13.png,keywords/56_keywords/t56_l01g13.md,0,
U2-05_0114,typoglyphs/56_glyphs/t56_l01g14.png,keywords/56_keywords/t56_l01g14.md,0,
U2-05_0115,typoglyphs/56_glyphs/t56_l01g15.png,keywords/56_keywords/t56_l01g15.md,0,
U2-05_0116,typoglyphs/56_glyphs/t56_l01g16.png,keywords/56_keywords/t56_l01g16.md,0,
U2-05_0117,typoglyphs/56_glyphs/t56_l01g17.png,keywords/56_keywords/t56_l01g17.md,0,
U2-05_0118,typoglyphs/56_glyphs/t56_l01g18.png,keywords/56_keywords/t56_l01g18.md,0,
U2-05_0119,typoglyphs/56_glyphs/t56_l01g19.png,keywords/56_keywords/t56_l01g19.md,0,
U2-05_0120,typoglyphs/56_glyphs/t56_l01g20.png,keywords/56_keywords/t56_l01g20.md,0,
U2-05_0121,typoglyphs/56_glyphs/t56_l01g21.png,keywords/56_keywords/t56_l01g21.md,0,
U2-05_0201,typoglyphs/56_glyphs/t56_l02g01.png,keywords/56_keywords/t56_l02g01.md,0,
U2-05_0202,typoglyphs/56_glyphs/t56_l02g02.png,keywords/56_keywords/t56_l02g02.md,0,
U2-05_0203,typoglyphs/56_glyphs/t56_l02g03.png,keywords/56_keywords/t56_l02g03.md,0,
U2-05_0204,typoglyphs/56_glyphs/t56_l02g04.png,keywords/56_keywords/t56_l02g04.md,0,
U2-05_0205,typoglyphs/56_glyphs/t56_l02g05.png,keywords/56_keywords/t56_l02g05.md,0,
U2-05_0206,typoglyphs/56_glyphs/t56_l02g06.png,keywords/56_keywords/t56_l02g06.md,0,
U2-05_0207,typoglyphs/56_glyphs/t56_l02g07.png,keywords/56_keywords/t56_l02g07.md,0,
U2-05_0208,typoglyphs/56_glyphs/t56_l02g08.png,keywords/56_keywords/t56_l02g08.md,0,
U2-05_0209,typoglyphs/56_glyphs/t56_l02g09.png,keywords/56_keywords/t56_l02g09.md,0,
U2-05_0210,typoglyphs/56_glyphs/t56_l02g10.png,keywords/56_keywords/t56_l02g10.md,0,
U2-05_0211,typoglyphs/56_glyphs/t56_l02g11.png,keywords/56_keywords/t56_l02g11.md,0,
U2-05_0212,typoglyphs/56_glyphs/t56_l02g12.png,keywords/56_keywords/t56_l02g12.md,0,
U2-05_0213,typoglyphs/56_glyphs/t56_l02g13.png,keywords/56_keywords/t56_l02g13.md,0,
U2-05_0214,typoglyphs/56_glyphs/t56_l02g14.png,keywords/56_keywords/t56_l02g14.md,0,
U2-05_0215,typoglyphs/56_glyphs/t56_l02g15.png,keywords/56_keywords/t56_l02g15.md,0,
U2-05_0216,typoglyphs/56_glyphs/t56_l02g16.png,keywords/56_keywords/t56_l02g16.md,0,
U2-05_0217,typoglyphs/56_glyphs/t56_l02g17.png,keywords/56_keywords/t56_l02g17.md,0,
U2-05_0218,typoglyphs/56_glyphs/t56_l02g18.png,keywords/56_keywords/t56_l02g18.md,0,
U2-05_0219,typoglyphs/56_glyphs/t56_l02g19.png,keywords/56_keywords/t56_l02g19.md,0,
U2-05_0220,typoglyphs/56_glyphs/t56_l02g20.png,keywords/56_keywords/t56_l02g20.md,0,
U2-05_0221,typoglyphs/56_glyphs/t56_l02g21.png,keywords/56_keywords/t56_l02g21.md,0,
U2-05_0222,typoglyphs/56_glyphs/t56_l02g22.png,keywords/56_keywords/t56_l02g22.md,0,
U2-05_0223,typoglyphs/56_glyphs/t56_l02g23.png,keywords/56_keywords/t56_l02g23.md,0,
U2-05_0224,typoglyphs/56_glyphs/t56_l02g24.png,keywords/56_keywords/t56_l02g24.md,0,
U2-05_0225,typoglyphs/56_glyphs/t56_l02g25.png,keywords/56_keywords/t56_l02g25.md,0,
U2-05_0226,typoglyphs/56_glyphs/t56_l02g26.png,keywords/56_keywords/t56_l02g26.md,0,
U2-05_0227,typoglyphs/56_glyphs/t56_l02g27.png,keywords/56_keywords/t56_l02g27.md,0,
U2-05_0228,typoglyphs/56_glyphs/t56_l02g28.png,keywords/56_keywords/t56_l02g28.md,0,
U2-05_0229,typoglyphs/56_glyphs/t56_l02g29.png,keywords/56_keywords/t56_l02g29.md,0,
U2-05_0230,typoglyphs/56_glyphs/t56_l02g30.png,keywords/56_keywords/t56_l02g30.md,0,
U2-05_0231,typoglyphs/56_glyphs/t56_l02g31.png,keywords/56_keywords/t56_l02g31.md,0,
U2-05_0232,typoglyphs/56_glyphs/t56_l02g32.png,keywords/56_keywords/t56_l02g32.md,0,
U2-05_0301,typoglyphs/56_glyphs/t56_l03g01.png,keywords/56_keywords/t56_l03g01.md,0,
U2-05_0302,typoglyphs/56_glyphs/t56_l03g02.png,keywords/56_keywords/t56_l03g02.md,0,
U2-05_0303,typoglyphs/56_glyphs/t56_l03g03.png,keywords/56_keywords/t56_l03g03.md,0,
U2-05_0304,typoglyphs/56_glyphs/t56_l03g04.png,keywords/56_keywords/t56_l03g04.md,0,
U2-05_0305,typoglyphs/56_glyphs/t56_l03g05.png,keywords/56_keywords/t56_l03g05.md,0,
U2-05_0306,typoglyphs/56_glyphs/t56_l03g06.png,keywords/56_keywords/t56_l03g06.md,0,
U2-05_0307,typoglyphs/56_glyphs/t56_l03g07.png,keywords/56_keywords/t56_l03g07.md,0,
U2-05_0308,typoglyphs/56_glyphs/t56_l03g08.png,keywords/56_keywords/t56_l03g08.md,0,
U2-05_0309,typoglyphs/56_glyphs/t56_l03g09.png,keywords/56_keywords/t56_l03g09.md,0,
U2-05_0310,typoglyphs/56_glyphs/t56_l03g10.png,keywords/56_keywords/t56_l03g10.md,0,
U2-05_0311,typoglyphs/56_glyphs/t56_l03g11.png,keywords/56_keywords/t56_l03g11.md,0,
U2-05_0312,typoglyphs/56_glyphs/t56_l03g12.png,keywords/56_keywords/t56_l03g12.md,0,
U2-05_0313,typoglyphs/56_glyphs/t56_l03g13.png,keywords/56_keywords/t56_l03g13.md,0,
U2-05_0314,typoglyphs/56_glyphs/t56_l03g14.png,keywords/56_keywords/t56_l03g14.md,0,
U2-05_0315,typoglyphs/56_glyphs/t56_l03g15.png,keywords/56_keywords/t56_l03g15.md,0,
U2-05_0316,typoglyphs/56_glyphs/t56_l03g16.png,keywords/56_keywords/t56_l03g16.md,0,
U2-05_0317,typoglyphs/56_glyphs/t56_l03g17.png,keywords/56_keywords/t56_l03g17.md,0,
U2-05_0318,typoglyphs/56_glyphs/t56_l03g18.png,keywords/56_keywords/t56_l03g18.md,0,
U2-05_0319,typoglyphs/56_glyphs/t56_l03g19.png,keywords/56_keywords/t56_l03g19.md,0,
U2-05_0320,typoglyphs/56_glyphs/t56_l03g20.png,keywords/56_keywords/t56_l03g20.md,0,
U2-05_0321,typoglyphs/56_glyphs/t56_l03g21.png,keywords/56_keywords/t56_l03g21.md,0,
U2-05_0322,typoglyphs/56_glyphs/t56_l03g22.png,keywords/56_keywords/t56_l03g22.md,0,
U2-05_0323,typoglyphs/56_glyphs/t56_l03g23.png,keywords/56_keywords/t56_l03g23.md,0,
U2-05_0324,typoglyphs/56_glyphs/t56_l03g24.png,keywords/56_keywords/t56_l03g24.md,0,
U2-05_0325,typoglyphs/56_glyphs/t56_l03g25.png,keywords/56_keywords/t56_l03g25.md,0,
U2-05_0326,typoglyphs/56_glyphs/t56_l03g26.png,keywords/56_keywords/t56_l03g26.md,0,
U2-05_0327,typoglyphs/56_glyphs/t56_l03g27.png,keywords/56_keywords/t56_l03g27.md,0,
U2-06_0101,typoglyphs/57_glyphs/t57_l01g01.png,keywords/57_keywords/t57_l01g01.md,0,
U2-06_0102,typoglyphs/57_glyphs/t57_l01g02.png,keywords/57_keywords/t57_l01g02.md,0,
U2-06_0103,typoglyphs/57_glyphs/t57_l01g03.png,keywords/57_keywords/t57_l01g03.md,0,
U2-06_0104,typoglyphs/57_glyphs/t57_l01g04.png,keywords/57_keywords/t57_l01g04.md,0,
U2-06_0105,typoglyphs/57_glyphs/t57_l01g05.png,keywords/57_keywords/t57_l01g05.md,0,
U2-06_0106,typoglyphs/57_glyphs/t57_l01g06.png,keywords/57_keywords/t57_l01g06.md,0,
U2-06_0107,typoglyphs/57_glyphs/t57_l01g07.png,keywords/57_keywords/t57_l01g07.md,0,
U2-06_0108,typoglyphs/57_glyphs/t57_l01g08.png,keywords/57_keywords/t57_l01g08.md,0,
U2-06_0109,typoglyphs/57_glyphs/t57_l01g09.png,keywords/57_keywords/t57_l01g09.md,0,
U2-06_0110,typoglyphs/57_glyphs/t57_l01g10.png,keywords/57_keywords/t57_l01g10.md,0,
U2-06_0111,typoglyphs/57_glyphs/t57_l01g11.png,keywords/57_keywords/t57_l01g11.md,0,
U2-06_0112,typoglyphs/57_glyphs/t57_l01g12.png,keywords/57_keywords/t57_l01g12.md,0,
U2-06_0113,typoglyphs/57_glyphs/t57_l01g13.png,keywords/57_keywords/t57_l01g13.md,0,
U2-06_0114,typoglyphs/57_glyphs/t57_l01g14.png,keywords/57_keywords/t57_l01g14.md,0,
U2-06_0115,typoglyphs/57_glyphs/t57_l01g15.png,keywords/57_keywords/t57_l01g15.md,0,
U2-06_0116,typoglyphs/57_glyphs/t57_l01g16.png,keywords/57_keywords/t57_l01g16.md,0,
U2-06_0117,typoglyphs/57_glyphs/t57_l01g17.png,keywords/57_keywords/t57_l01g17.md,0,
U2-06_0118,typoglyphs/57_glyphs/t57_l01g18.png,keywords/57_keywords/t57_l01g18.md,0,
U2-06_0119,typoglyphs/57_glyphs/t57_l01g19.png,keywords/57_keywords/t57_l01g19.md,0,
U2-06_0120,typoglyphs/57_glyphs/t57_l01g20.png,keywords/57_keywords/t57_l01g20.md,0,
U2-06_0201,typoglyphs/57_glyphs/t57_l02g01.png,keywords/57_keywords/t57_l02g01.md,0,
U2-06_0202,typoglyphs/57_glyphs/t57_l02g02.png,keywords/57_keywords/t57_l02g02.md,0,
U2-06_0203,typoglyphs/57_glyphs/t57_l02g03.png,keywords/57_keywords/t57_l02g03.md,0,
U2-06_0204,typoglyphs/57_glyphs/t57_l02g04.png,keywords/57_keywords/t57_l02g04.md,0,
U2-06_0205,typoglyphs/57_glyphs/t57_l02g05.png,keywords/57_keywords/t57_l02g05.md,0,
U2-06_0206,typoglyphs/57_glyphs/t57_l02g06.png,keywords/57_keywords/t57_l02g06.md,0,
U2-06_0207,typoglyphs/57_glyphs/t57_l02g07.png,keywords/57_keywords/t57_l02g07.md,0,
U2-06_0208,typoglyphs/57_glyphs/t57_l02g08.png,keywords/57_keywords/t57_l02g08.md,0,
U2-06_0209,typoglyphs/57_glyphs/t57_l02g09.png,keywords/57_keywords/t57_l02g09.md,0,
U2-06_0210,typoglyphs/57_glyphs/t57_l02g10.png,keywords/57_keywords/t57_l02g10.md,0,
U2-06_0211,typoglyphs/57_glyphs/t57_l02g11.png,keywords/57_keywords/t57_l02g11.md,0,
U2-06_0212,typoglyphs/57_glyphs/t57_l02g12.png,keywords/57_keywords/t57_l02g12.md,0,
U2-06_0213,typoglyphs/57_glyphs/t57_l02g13.png,keywords/57_keywords/t57_l02g13.md,0,
U2-06_0214,typoglyphs/57_glyphs/t57_l02g14.png,keywords/57_keywords/t57_l02g14.md,0,
U2-06_0215,typoglyphs/57_glyphs/t57_l02g15.png,keywords/57_keywords/t57_l02g15.md,0,
U2-06_0216,typoglyphs/57_glyphs/t57_l02g16.png,keywords/57_keywords/t57_l02g16.md,0,
U2-06_0217,typoglyphs/57_glyphs/t57_l02g17.png,keywords/57_keywords/t57_l02g17.md,0,
U2-06_0218,typoglyphs/57_glyphs/t57_l02g18.png,keywords/57_keywords/t57_l02g18.md,0,
U2-06_0219,typoglyphs/57_glyphs/t57_l02g19.png,keywords/57_keywords/t57_l02g19.md,0,
U2-06_0220,typoglyphs/57_glyphs/t57_l02g20.png,keywords/57_keywords/t57_l02g20.md,0,
U2-06_0221,typoglyphs/57_glyphs/t57_l02g21.png,keywords/57_keywords/t57_l02g21.md,0,
U2-06_0222,typoglyphs/57_glyphs/t57_l02g22.png,keywords/57_keywords/t57_l02g22.md,0,
U2-06_0223,typoglyphs/57_glyphs/t57_l02g23.png,keywords/57_keywords/t57_l02g23.md,0,
U2-06_0224,typoglyphs/57_glyphs/t57_l02g24.png,keywords/57_keywords/t57_l02g24.md,0,
U2-06_0225,typoglyphs/57_glyphs/t57_l02g25.png,keywords/57_keywords/t57_l02g25.md,0,
U2-06_0226,typoglyphs/57_glyphs/t57_l02g26.png,keywords/57_keywords/t57_l02g26.md,0,
U2-06_0227,typoglyphs/57_glyphs/t57_l02g27.png,keywords/57_keywords/t57_l02g27.md,0,
U2-06_0228,typoglyphs/57_glyphs/t57_l02g28.png,keywords/57_keywords/t57_l02g28.md,0,
U2-06_0229,typoglyphs/57_glyphs/t57_l02g29.png,keywords/57_keywords/t57_l02g29.md,0,
U2-06_0230,typoglyphs/57_glyphs/t57_l02g30.png,keywords/57_keywords/t57_l02g30.md,0,
U2-06_0231,typoglyphs/57_glyphs/t57_l02g31.png,keywords/57_keywords/t57_l02g31.md,0,
U2-06_0232,typoglyphs/57_glyphs/t57_l02g32.png,keywords/57_keywords/t57_l02g32.md,0,
U2-06_0233,typoglyphs/57_glyphs/t57_l02g33.png,keywords/57_keywords/t57_l02g33.md,0,
U2-06_0301,typoglyphs/57_glyphs/t57_l03g01.png,keywords/57_keywords/t57_l03g01.md,0,
U2-06_0302,typoglyphs/57_glyphs/t57_l03g02.png,keywords/57_keywords/t57_l03g02.md,0,
U2-06_0303,typoglyphs/57_glyphs/t57_l03g03.png,keywords/57_keywords/t57_l03g03.md,0,
U2-06_0304,typoglyphs/57_glyphs/t57_l03g04.png,keywords/57_keywords/t57_l03g04.md,0,
U2-06_0305,typoglyphs/57_glyphs/t57_l03g05.png,keywords/57_keywords/t57_l03g05.md,0,
U2-06_0306,typoglyphs/57_glyphs/t57_l03g06.png,keywords/57_keywords/t57_l03g06.md,0,
U2-06_0307,typoglyphs/57_glyphs/t57_l03g07.png,keywords/57_keywords/t57_l03g07.md,0,
U2-06_0308,typoglyphs/57_glyphs/t57_l03g08.png,keywords/57_keywords/t57_l03g08.md,0,
U2-06_0309,typoglyphs/57_glyphs/t57_l03g09.png,keywords/57_keywords/t57_l03g09.md,0,
U2-06_0310,typoglyphs/57_glyphs/t57_l03g10.png,keywords/57_keywords/t57_l03g10.md,0,
U2-06_0311,typoglyphs/57_glyphs/t57_l03g11.png,keywords/57_keywords/t57_l03g11.md,0,
U2-06_0312,typoglyphs/57_glyphs/t57_l03g12.png,keywords/57_keywords/t57_l03g12.md,0,
U2-06_0313,typoglyphs/57_glyphs/t57_l03g13.png,keywords/57_keywords/t57_l03g13.md,0,
U2-06_0314,typoglyphs/57_glyphs/t57_l03g14.png,keywords/57_keywords/t57_l03g14.md,0,
U2-06_0315,typoglyphs/57_glyphs/t57_l03g15.png,keywords/57_keywords/t57_l03g15.md,0,
U2-06_0316,typoglyphs/57_glyphs/t57_l03g16.png,keywords/57_keywords/t57_l03g16.md,0,
U2-06_0317,typoglyphs/57_glyphs/t57_l03g17.png,keywords/57_keywords/t57_l03g17.md,0,
U2-06_0318,typoglyphs/57_glyphs/t57_l03g18.png,keywords/57_keywords/t57_l03g18.md,0,
U2-06_0319,typoglyphs/57_glyphs/t57_l03g19.png,keywords/57_keywords/t57_l03g19.md,0,
U2-06_0320,typoglyphs/57_glyphs/t57_l03g20.png,keywords/57_keywords/t57_l03g20.md,0,
U2-06_0321,typoglyphs/57_glyphs/t57_l03g21.png,keywords/57_keywords/t57_l03g21.md,0,
U2-06_0322,typoglyphs/57_glyphs/t57_l03g22.png,keywords/57_keywords/t57_l03g22.md,0,
U2-06_0323,typoglyphs/57_glyphs/t57_l03g23.png,keywords/57_keywords/t57_l03g23.md,0,
U2-06_0324,typoglyphs/57_glyphs/t57_l03g24.png,keywords/57_keywords/t57_l03g24.md,0,
U2-06_0325,typoglyphs/57_glyphs/t57_l03g25.png,keywords/57_keywords/t57_l03g25.md,0,
U2-06_0326,typoglyphs/57_glyphs/t57_l03g26.png,keywords/57_keywords/t57_l03g26.md,0,
U2-06_0327,typoglyphs/57_glyphs/t57_l03g27.png,keywords/57_keywords/t57_l03g27.md,0,
U2-06_0328,typoglyphs/57_glyphs/t57_l03g28.png,keywords/57_keywords/t57_l03g28.md,0,
U2-06_0329,typoglyphs/57_glyphs/t57_l03g29.png,keywords/57_keywords/t57_l03g29.md,0,
U2-06_0330,typoglyphs/57_glyphs/t57_l03g30.png,keywords/57_keywords/t57_l03g30.md,0,
U2-06_0331,typoglyphs/57_glyphs/t57_l03g31.png,keywords/57_keywords/t57_l03g31.md,0,
U2-06_0332,typoglyphs/57_glyphs/t57_l03g32.png,keywords/57_keywords/t57_l03g32.md,0,
U2-06_0333,typoglyphs/57_glyphs/t57_l03g33.png,keywords/57_keywords/t57_l03g33.md,0,
U2-06_0334,typoglyphs/57_glyphs/t57_l03g34.png,keywords/57_keywords/t57_l03g34.md,0,
U2-06_0401,typoglyphs/57_glyphs/t57_l04g01.png,keywords/57_keywords/t57_l04g01.md,0,
U2-06_0402,typoglyphs/57_glyphs/t57_l04g02.png,keywords/57_keywords/t57_l04g02.md,0,
U2-06_0403,typoglyphs/57_glyphs/t57_l04g03.png,keywords/57_keywords/t57_l04g03.md,0,
U2-06_0404,typoglyphs/57_glyphs/t57_l04g04.png,keywords/57_keywords/t57_l04g04.md,0,
U2-06_0405,typoglyphs/57_glyphs/t57_l04g05.png,keywords/57_keywords/t57_l04g05.md,0,
U2-06_0406,typoglyphs/57_glyphs/t57_l04g06.png,keywords/57_keywords/t57_l04g06.md,0,
U2-06_0407,typoglyphs/57_glyphs/t57_l04g07.png,keywords/57_keywords/t57_l04g07.md,0,
U2-06_0408,typoglyphs/57_glyphs/t57_l04g08.png,keywords/57_keywords/t57_l04g08.md,0,
U2-09_0101,typoglyphs/58_glyphs/t58_l01g01.png,keywords/58_keywords/t58_l01g01.md,0,
U2-09_0102,typoglyphs/58_glyphs/t58_l01g02.png,keywords/58_keywords/t58_l01g02.md,0,
U2-09_0103,typoglyphs/58_glyphs/t58_l01g03.png,keywords/58_keywords/t58_l01g03.md,0,
U2-09_0104,typoglyphs/58_glyphs/t58_l01g04.png,keywords/58_keywords/t58_l01g04.md,0,
U2-09_0105,typoglyphs/58_glyphs/t58_l01g05.png,keywords/58_keywords/t58_l01g05.md,0,
U2-09_0106,typoglyphs/58_glyphs/t58_l01g06.png,keywords/58_keywords/t58_l01g06.md,0,
U2-09_0107,typoglyphs/58_glyphs/t58_l01g07.png,keywords/58_keywords/t58_l01g07.md,0,
U2-09_0108,typoglyphs/58_glyphs/t58_l01g08.png,keywords/58_keywords/t58_l01g08.md,0,
U2-09_0109,typoglyphs/58_glyphs/t58_l01g09.png,keywords/58_keywords/t58_l01g09.md,0,
U2-09_0110,typoglyphs/58_glyphs/t58_l01g10.png,keywords/58_keywords/t58_l01g10.md,0,
U2-09_0111,typoglyphs/58_glyphs/t58_l01g11.png,keywords/58_keywords/t58_l01g11.md,0,
U2-09_0112,typoglyphs/58_glyphs/t58_l01g12.png,keywords/58_keywords/t58_l01g12.md,0,
U2-09_0113,typoglyphs/58_glyphs/t58_l01g13.png,keywords/58_keywords/t58_l01g13.md,0,
U2-09_0114,typoglyphs/58_glyphs/t58_l01g14.png,keywords/58_keywords/t58_l01g14.md,0,
U2-09_0115,typoglyphs/58_glyphs/t58_l01g15.png,keywords/58_keywords/t58_l01g15.md,0,
U2-09_0116,typoglyphs/58_glyphs/t58_l01g16.png,keywords/58_keywords/t58_l01g16.md,0,
U2-09_0117,typoglyphs/58_glyphs/t58_l01g17.png,keywords/58_keywords/t58_l01g17.md,0,
U2-09_0118,typoglyphs/58_glyphs/t58_l01g18.png,keywords/58_keywords/t58_l01g18.md,0,
U2-09_0119,typoglyphs/58_glyphs/t58_l01g19.png,keywords/58_keywords/t58_l01g19.md,0,
U2-09_0120,typoglyphs/58_glyphs/t58_l01g20.png,keywords/58_keywords/t58_l01g20.md,0,
U2-09_0121,typoglyphs/58_glyphs/t58_l01g21.png,keywords/58_keywords/t58_l01g21.md,0,
U2-09_0122,typoglyphs/58_glyphs/t58_l01g22.png,keywords/58_keywords/t58_l01g22.md,0,
U2-09_0123,typoglyphs/58_glyphs/t58_l01g23.png,keywords/58_keywords/t58_l01g23.md,0,
U2-09_0124,typoglyphs/58_glyphs/t58_l01g24.png,keywords/58_keywords/t58_l01g24.md,0,
U2-09_0125,typoglyphs/58_glyphs/t58_l01g25.png,keywords/58_keywords/t58_l01g25.md,0,
U2-09_0126,typoglyphs/58_glyphs/t58_l01g26.png,keywords/58_keywords/t58_l01g26.md,0,
U2-09_0127,typoglyphs/58_glyphs/t58_l01g27.png,keywords/58_keywords/t58_l01g27.md,0,
U2-09_0128,typoglyphs/58_glyphs/t58_l01g28.png,keywords/58_keywords/t58_l01g28.md,0,
U2-09_0129,typoglyphs/58_glyphs/t58_l01g29.png,keywords/58_keywords/t58_l01g29.md,0,
U2-09_0130,typoglyphs/58_glyphs/t58_l01g30.png,keywords/58_keywords/t58_l01g30.md,0,
U2-09_0131,typoglyphs/58_glyphs/t58_l01g31.png,keywords/58_keywords/t58_l01g31.md,0,
U2-09_0132,typoglyphs/58_glyphs/t58_l01g32.png,keywords/58_keywords/t58_l01g32.md,0,
U2-09_0201,typoglyphs/58_glyphs/t58_l02g01.png,keywords/58_keywords/t58_l02g01.md,0,
U2-09_0202,typoglyphs/58_glyphs/t58_l02g02.png,keywords/58_keywords/t58_l02g02.md,0,
U2-09_0203,typoglyphs/58_glyphs/t58_l02g03.png,keywords/58_keywords/t58_l02g03.md,0,
U2-09_0204,typoglyphs/58_glyphs/t58_l02g04.png,keywords/58_keywords/t58_l02g04.md,0,
U2-09_0205,typoglyphs/58_glyphs/t58_l02g05.png,keywords/58_keywords/t58_l02g05.md,0,
U2-09_0206,typoglyphs/58_glyphs/t58_l02g06.png,keywords/58_keywords/t58_l02g06.md,0,
U2-09_0207,typoglyphs/58_glyphs/t58_l02g07.png,keywords/58_keywords/t58_l02g07.md,0,
U2-09_0208,typoglyphs/58_glyphs/t58_l02g08.png,keywords/58_keywords/t58_l02g08.md,0,
U2-09_0209,typoglyphs/58_glyphs/t58_l02g09.png,keywords/58_keywords/t58_l02g09.md,0,
U2-09_0210,typoglyphs/58_glyphs/t58_l02g10.png,keywords/58_keywords/t58_l02g10.md,0,
U2-09_0211,typoglyphs/58_glyphs/t58_l02g11.png,keywords/58_keywords/t58_l02g11.md,0,
U2-09_0212,typoglyphs/58_glyphs/t58_l02g12.png,keywords/58_keywords/t58_l02g12.md,0,
U2-09_0213,typoglyphs/58_glyphs/t58_l02g13.png,keywords/58_keywords/t58_l02g13.md,0,
U2-09_0214,typoglyphs/58_glyphs/t58_l02g14.png,keywords/58_keywords/t58_l02g14.md,0,
U2-09_0215,typoglyphs/58_glyphs/t58_l02g15.png,keywords/58_keywords/t58_l02g15.md,0,
U2-09_0216,typoglyphs/58_glyphs/t58_l02g16.png,keywords/58_keywords/t58_l02g16.md,0,
U2-09_0217,typoglyphs/58_glyphs/t58_l02g17.png,keywords/58_keywords/t58_l02g17.md,0,
U2-09_0218,typoglyphs/58_glyphs/t58_l02g18.png,keywords/58_keywords/t58_l02g18.md,0,
U2-09_0219,typoglyphs/58_glyphs/t58_l02g19.png,keywords/58_keywords/t58_l02g19.md,0,
U2-09_0220,typoglyphs/58_glyphs/t58_l02g20.png,keywords/58_keywords/t58_l02g20.md,0,
U2-09_0221,typoglyphs/58_glyphs/t58_l02g21.png,keywords/58_keywords/t58_l02g21.md,0,
U2-09_0222,typoglyphs/58_glyphs/t58_l02g22.png,keywords/58_keywords/t58_l02g22.md,0,
U2-09_0223,typoglyphs/58_glyphs/t58_l02g23.png,keywords/58_keywords/t58_l02g23.md,0,
U2-09_0224,typoglyphs/58_glyphs/t58_l02g24.png,keywords/58_keywords/t58_l02g24.md,0,
U2-09_0225,typoglyphs/58_glyphs/t58_l02g25.png,keywords/58_keywords/t58_l02g25.md,0,
U2-09_0226,typoglyphs/58_glyphs/t58_l02g26.png,keywords/58_keywords/t58_l02g26.md,0,
U2-09_0227,typoglyphs/58_glyphs/t58_l02g27.png,keywords/58_keywords/t58_l02g27.md,0,
U2-09_0228,typoglyphs/58_glyphs/t58_l02g28.png,keywords/58_keywords/t58_l02g28.md,0,
U2-09_0229,typoglyphs/58_glyphs/t58_l02g29.png,keywords/58_keywords/t58_l02g29.md,0,
U2-09_0230,typoglyphs/58_glyphs/t58_l02g30.png,keywords/58_keywords/t58_l02g30.md,0,
U2-09_0231,typoglyphs/58_glyphs/t58_l02g31.png,keywords/58_keywords/t58_l02g31.md,0,
U2-09_0232,typoglyphs/58_glyphs/t58_l02g32.png,keywords/58_keywords/t58_l02g32.md,0,
U2-09_0233,typoglyphs/58_glyphs/t58_l02g33.png,keywords/58_keywords/t58_l02g33.md,0,
U2-09_0234,typoglyphs/58_glyphs/t58_l02g34.png,keywords/58_keywords/t58_l02g34.md,0,
U2-09_0235,typoglyphs/58_glyphs/t58_l02g35.png,keywords/58_keywords/t58_l02g35.md,0,
U2-09_0236,typoglyphs/58_glyphs/t58_l02g36.png,keywords/58_keywords/t58_l02g36.md,0,
U2-09_0237,typoglyphs/58_glyphs/t58_l02g37.png,keywords/58_keywords/t58_l02g37.md,0,
U2-09_0238,typoglyphs/58_glyphs/t58_l02g38.png,keywords/58_keywords/t58_l02g38.md,0,
U2-09_0239,typoglyphs/58_glyphs/t58_l02g39.png,keywords/58_keywords/t58_l02g39.md,0,
U2-09_0240,typoglyphs/58_glyphs/t58_l02g40.png,keywords/58_keywords/t58_l02g40.md,0,
U2-09_0241,typoglyphs/58_glyphs/t58_l02g41.png,keywords/58_keywords/t58_l02g41.md,0,
U2-09_0242,typoglyphs/58_glyphs/t58_l02g42.png,keywords/58_keywords/t58_l02g42.md,0,
U2-09_0243,typoglyphs/58_glyphs/t58_l02g43.png,keywords/58_keywords/t58_l02g43.md,0,
U2-09_0244,typoglyphs/58_glyphs/t58_l02g44.png,keywords/58_keywords/t58_l02g44.md,0,
U2-09_0245,typoglyphs/58_glyphs/t58_l02g45.png,keywords/58_keywords/t58_l02g45.md,0,
U2-09_0246,typoglyphs/58_glyphs/t58_l02g46.png,keywords/58_keywords/t58_l02g46.md,0,
U2-09_0247,typoglyphs/58_glyphs/t58_l02g47.png,keywords/58_keywords/t58_l02g47.md,0,
U2-09_0248,typoglyphs/58_glyphs/t58_l02g48.png,keywords/58_keywords/t58_l02g48.md,0,
U2-09_0249,typoglyphs/58_glyphs/t58_l02g49.png,keywords/58_keywords/t58_l02g49.md,0,
U2-09_0301,typoglyphs/58_glyphs/t58_l03g01.png,keywords/58_keywords/t58_l03g01.md,0,
U2-09_0302,typoglyphs/58_glyphs/t58_l03g02.png,keywords/58_keywords/t58_l03g02.md,0,
U2-09_0303,typoglyphs/58_glyphs/t58_l03g03.png,keywords/58_keywords/t58_l03g03.md,0,
U2-09_0304,typoglyphs/58_glyphs/t58_l03g04.png,keywords/58_keywords/t58_l03g04.md,0,
U2-09_0305,typoglyphs/58_glyphs/t58_l03g05.png,keywords/58_keywords/t58_l03g05.md,0,
U2-09_0306,typoglyphs/58_glyphs/t58_l03g06.png,keywords/58_keywords/t58_l03g06.md,0,
U2-09_0307,typoglyphs/58_glyphs/t58_l03g07.png,keywords/58_keywords/t58_l03g07.md,0,
U2-09_0308,typoglyphs/58_glyphs/t58_l03g08.png,keywords/58_keywords/t58_l03g08.md,0,
U2-09_0309,typoglyphs/58_glyphs/t58_l03g09.png,keywords/58_keywords/t58_l03g09.md,0,
U2-09_0310,typoglyphs/58_glyphs/t58_l03g10.png,keywords/58_keywords/t58_l03g10.md,0,
U2-09_0311,typoglyphs/58_glyphs/t58_l03g11.png,keywords/58_keywords/t58_l03g11.md,0,
U2-09_0312,typoglyphs/58_glyphs/t58_l03g12.png,keywords/58_keywords/t58_l03g12.md,0,
U2-09_0313,typoglyphs/58_glyphs/t58_l03g13.png,keywords/58_keywords/t58_l03g13.md,0,
U2-09_0314,typoglyphs/58_glyphs/t58_l03g14.png,keywords/58_keywords/t58_l03g14.md,0,
U2-09_0315,typoglyphs/58_glyphs/t58_l03g15.png,keywords/58_keywords/t58_l03g15.md,0,
U2-09_0316,typoglyphs/58_glyphs/t58_l03g16.png,keywords/58_keywords/t58_l03g16.md,0,
U2-09_0317,typoglyphs/58_glyphs/t58_l03g17.png,keywords/58_keywords/t58_l03g17.md,0,
U2-09_0318,typoglyphs/58_glyphs/t58_l03g18.png,keywords/58_keywords/t58_l03g18.md,0,
U2-09_0319,typoglyphs/58_glyphs/t58_l03g19.png,keywords/58_keywords/t58_l03g19.md,0,
U2-09_0320,typoglyphs/58_glyphs/t58_l03g20.png,keywords/58_keywords/t58_l03g20.md,0,
U2-09_0321,typoglyphs/58_glyphs/t58_l03g21.png,keywords/58_keywords/t58_l03g21.md,0,
U2-09_0322,typoglyphs/58_glyphs/t58_l03g22.png,keywords/58_keywords/t58_l03g22.md,0,
U2-09_0323,typoglyphs/58_glyphs/t58_l03g23.png,keywords/58_keywords/t58_l03g23.md,0,
U2-09_0324,typoglyphs/58_glyphs/t58_l03g24.png,keywords/58_keywords/t58_l03g24.md,0,
U2-09_0325,typoglyphs/58_glyphs/t58_l03g25.png,keywords/58_keywords/t58_l03g25.md,0,
U2-09_0326,typoglyphs/58_glyphs/t58_l03g26.png,keywords/58_keywords/t58_l03g26.md,0,
U2-09_0327,typoglyphs/58_glyphs/t58_l03g27.png,keywords/58_keywords/t58_l03g27.md,0,
U2-09_0328,typoglyphs/58_glyphs/t58_l03g28.png,keywords/58_keywords/t58_l03g28.md,1,descriptions/58_descriptions/t58_l03g28.md
U2-09_0329,typoglyphs/58_glyphs/t58_l03g29.png,keywords/58_keywords/t58_l03g29.md,0,
U2-09_0330,typoglyphs/58_glyphs/t58_l03g30.png,keywords/58_keywords/t58_l03g30.md,0,
U2-09_0331,typoglyphs/58_glyphs/t58_l03g31.png,keywords/58_keywords/t58_l03g31.md,0,
U2-09_0332,typoglyphs/58_glyphs/t58_l03g32.png,keywords/58_keywords/t58_l03g32.md,0,
U2-09_0333,typoglyphs/58_glyphs/t58_l03g33.png,keywords/58_keywords/t58_l03g33.md,0,
U2-09_0334,typoglyphs/58_glyphs/t58_l03g34.png,keywords/58_keywords/t58_l03g34.md,0,
U2-09_0335,typoglyphs/58_glyphs/t58_l03g35.png,keywords/58_keywords/t58_l03g35.md,0,
U2-09_0336,typoglyphs/58_glyphs/t58_l03g36.png,keywords/58_keywords/t58_l03g36.md,0,
U2-09_0337,typoglyphs/58_glyphs/t58_l03g37.png,keywords/58_keywords/t58_l03g37.md,0,
U2-09_0338,typoglyphs/58_glyphs/t58_l03g38.png,keywords/58_keywords/t58_l03g38.md,0,
U2-09_0339,typoglyphs/58_glyphs/t58_l03g39.png,keywords/58_keywords/t58_l03g39.md,0,
U2-09_0340,typoglyphs/58_glyphs/t58_l03g40.png,keywords/58_keywords/t58_l03g40.md,0,
U2-09_0341,typoglyphs/58_glyphs/t58_l03g41.png,keywords/58_keywords/t58_l03g41.md,0,
U2-09_0342,typoglyphs/58_glyphs/t58_l03g42.png,keywords/58_keywords/t58_l03g42.md,0,
U2-09_0343,typoglyphs/58_glyphs/t58_l03g43.png,keywords/58_keywords/t58_l03g43.md,0,
U2-09_0344,typoglyphs/58_glyphs/t58_l03g44.png,keywords/58_keywords/t58_l03g44.md,0,
U2-09_0345,typoglyphs/58_glyphs/t58_l03g45.png,keywords/58_keywords/t58_l03g45.md,0,
U2-09_0346,typoglyphs/58_glyphs/t58_l03g46.png,keywords/58_keywords/t58_l03g46.md,0,
U2-09_0347,typoglyphs/58_glyphs/t58_l03g47.png,keywords/58_keywords/t58_l03g47.md,0,
U2-09_0401,typoglyphs/58_glyphs/t58_l04g01.png,keywords/58_keywords/t58_l04g01.md,0,
U2-09_0402,typoglyphs/58_glyphs/t58_l04g02.png,keywords/58_keywords/t58_l04g02.md,0,
U2-09_0403,typoglyphs/58_glyphs/t58_l04g03.png,keywords/58_keywords/t58_l04g03.md,0,
U2-09_0404,typoglyphs/58_glyphs/t58_l04g04.png,keywords/58_keywords/t58_l04g04.md,0,
U2-09_0405,typoglyphs/58_glyphs/t58_l04g05.png,keywords/58_keywords/t58_l04g05.md,0,
U2-09_0406,typoglyphs/58_glyphs/t58_l04g06.png,keywords/58_keywords/t58_l04g06.md,0,
U2-09_0407,typoglyphs/58_glyphs/t58_l04g07.png,keywords/58_keywords/t58_l04g07.md,0,
U2-09_0408,typoglyphs/58_glyphs/t58_l04g08.png,keywords/58_keywords/t58_l04g08.md,0,
U2-09_0409,typoglyphs/58_glyphs/t58_l04g09.png,keywords/58_keywords/t58_l04g09.md,0,
U2-09_0410,typoglyphs/58_glyphs/t58_l04g10.png,keywords/58_keywords/t58_l04g10.md,0,
U2-10_0101,typoglyphs/59_glyphs/t59_l01g01.png,keywords/59_keywords/t59_l01g01.md,0,
U2-10_0102,typoglyphs/59_glyphs/t59_l01g02.png,keywords/59_keywords/t59_l01g02.md,0,
U2-10_0103,typoglyphs/59_glyphs/t59_l01g03.png,keywords/59_keywords/t59_l01g03.md,0,
U2-10_0104,typoglyphs/59_glyphs/t59_l01g04.png,keywords/59_keywords/t59_l01g04.md,0,
U2-10_0105,typoglyphs/59_glyphs/t59_l01g05.png,keywords/59_keywords/t59_l01g05.md,0,
U2-10_0106,typoglyphs/59_glyphs/t59_l01g06.png,keywords/59_keywords/t59_l01g06.md,0,
U2-10_0107,typoglyphs/59_glyphs/t59_l01g07.png,keywords/59_keywords/t59_l01g07.md,0,
U2-10_0108,typoglyphs/59_glyphs/t59_l01g08.png,keywords/59_keywords/t59_l01g08.md,0,
U2-10_0109,typoglyphs/59_glyphs/t59_l01g09.png,keywords/59_keywords/t59_l01g09.md,0,
U2-10_0110,typoglyphs/59_glyphs/t59_l01g10.png,keywords/59_keywords/t59_l01g10.md,0,
U2-10_0111,typoglyphs/59_glyphs/t59_l01g11.png,keywords/59_keywords/t59_l01g11.md,0,
U2-10_0112,typoglyphs/59_glyphs/t59_l01g12.png,keywords/59_keywords/t59_l01g12.md,0,
U2-10_0113,typoglyphs/59_glyphs/t59_l01g13.png,keywords/59_keywords/t59_l01g13.md,0,
U2-10_0114,typoglyphs/59_glyphs/t59_l01g14.png,keywords/59_keywords/t59_l01g14.md,0,
U2-10_0115,typoglyphs/59_glyphs/t59_l01g15.png,keywords/59_keywords/t59_l01g15.md,0,
U2-10_0116,typoglyphs/59_glyphs/t59_l01g16.png,keywords/59_keywords/t59_l01g16.md,0,
U2-10_0117,typoglyphs/59_glyphs/t59_l01g17.png,keywords/59_keywords/t59_l01g17.md,0,
U2-10_0118,typoglyphs/59_glyphs/t59_l01g18.png,keywords/59_keywords/t59_l01g18.md,0,
U2-10_0119,typoglyphs/59_glyphs/t59_l01g19.png,keywords/59_keywords/t59_l01g19.md,0,
U2-10_0120,typoglyphs/59_glyphs/t59_l01g20.png,keywords/59_keywords/t59_l01g20.md,0,
U2-10_0121,typoglyphs/59_glyphs/t59_l01g21.png,keywords/59_keywords/t59_l01g21.md,0,
U2-10_0122,typoglyphs/59_glyphs/t59_l01g22.png,keywords/59_keywords/t59_l01g22.md,0,
U2-10_0201,typoglyphs/59_glyphs/t59_l02g01.png,keywords/59_keywords/t59_l02g01.md,0,
U2-10_0202,typoglyphs/59_glyphs/t59_l02g02.png,keywords/59_keywords/t59_l02g02.md,0,
U2-10_0203,typoglyphs/59_glyphs/t59_l02g03.png,keywords/59_keywords/t59_l02g03.md,0,
U2-10_0204,typoglyphs/59_glyphs/t59_l02g04.png,keywords/59_keywords/t59_l02g04.md,0,
U2-10_0205,typoglyphs/59_glyphs/t59_l02g05.png,keywords/59_keywords/t59_l02g05.md,0,
U2-10_0206,typoglyphs/59_glyphs/t59_l02g06.png,keywords/59_keywords/t59_l02g06.md,0,
U2-10_0207,typoglyphs/59_glyphs/t59_l02g07.png,keywords/59_keywords/t59_l02g07.md,0,
U2-10_0208,typoglyphs/59_glyphs/t59_l02g08.png,keywords/59_keywords/t59_l02g08.md,0,
U2-10_0209,typoglyphs/59_glyphs/t59_l02g09.png,keywords/59_keywords/t59_l02g09.md,0,
U2-10_0210,typoglyphs/59_glyphs/t59_l02g10.png,keywords/59_keywords/t59_l02g10.md,0,
U2-10_0211,typoglyphs/59_glyphs/t59_l02g11.png,keywords/59_keywords/t59_l02g11.md,0,
U2-10_0212,typoglyphs/59_glyphs/t59_l02g12.png,keywords/59_keywords/t59_l02g12.md,0,
U2-10_0213,typoglyphs/59_glyphs/t59_l02g13.png,keywords/59_keywords/t59_l02g13.md,0,
U2-10_0214,typoglyphs/59_glyphs/t59_l02g14.png,keywords/59_keywords/t59_l02g14.md,0,
U2-10_0215,typoglyphs/59_glyphs/t59_l02g15.png,keywords/59_keywords/t59_l02g15.md,0,
U2-10_0216,typoglyphs/59_glyphs/t59_l02g16.png,keywords/59_keywords/t59_l02g16.md,0,
U2-10_0217,typoglyphs/59_glyphs/t59_l02g17.png,keywords/59_keywords/t59_l02g17.md,0,
U2-10_0218,typoglyphs/59_glyphs/t59_l02g18.png,keywords/59_keywords/t59_l02g18.md,0,
U2-10_0219,typoglyphs/59_glyphs/t59_l02g19.png,keywords/59_keywords/t59_l02g19.md,0,
U2-10_0220,typoglyphs/59_glyphs/t59_l02g20.png,keywords/59_keywords/t59_l02g20.md,0,
U2-10_0221,typoglyphs/59_glyphs/t59_l02g21.png,keywords/59_keywords/t59_l02g21.md,0,
U2-10_0222,typoglyphs/59_glyphs/t59_l02g22.png,keywords/59_keywords/t59_l02g22.md,0,
U2-10_0223,typoglyphs/59_glyphs/t59_l02g23.png,keywords/59_keywords/t59_l02g23.md,0,
U2-10_0224,typoglyphs/59_glyphs/t59_l02g24.png,keywords/59_keywords/t59_l02g24.md,0,
U2-10_0225,typoglyphs/59_glyphs/t59_l02g25.png,keywords/59_keywords/t59_l02g25.md,0,
U2-10_0226,typoglyphs/59_glyphs/t59_l02g26.png,keywords/59_keywords/t59_l02g26.md,0,
U2-10_0227,typoglyphs/59_glyphs/t59_l02g27.png,keywords/59_keywords/t59_l02g27.md,0,
U2-10_0228,typoglyphs/59_glyphs/t59_l02g28.png,keywords/59_keywords/t59_l02g28.md,0,
U2-10_0229,typoglyphs/59_glyphs/t59_l02g29.png,keywords/59_keywords/t59_l02g29.md,0,
U2-10_0230,typoglyphs/59_glyphs/t59_l02g30.png,keywords/59_keywords/t59_l02g30.md,0,
U2-10_0231,typoglyphs/59_glyphs/t59_l02g31.png,keywords/59_keywords/t59_l02g31.md,0,
U2-10_0232,typoglyphs/59_glyphs/t59_l02g32.png,keywords/59_keywords/t59_l02g32.md,0,
U2-10_0233,typoglyphs/59_glyphs/t59_l02g33.png,keywords/59_keywords/t59_l02g33.md,0,
U2-10_0234,typoglyphs/59_glyphs/t59_l02g34.png,keywords/59_keywords/t59_l02g34.md,0,
U2-10_0235,typoglyphs/59_glyphs/t59_l02g35.png,keywords/59_keywords/t59_l02g35.md,0,
U2-10_0236,typoglyphs/59_glyphs/t59_l02g36.png,keywords/59_keywords/t59_l02g36.md,0,
U2-10_0301,typoglyphs/59_glyphs/t59_l03g01.png,keywords/59_keywords/t59_l03g01.md,0,
U2-10_0302,typoglyphs/59_glyphs/t59_l03g02.png,keywords/59_keywords/t59_l03g02.md,0,
U2-10_0303,typoglyphs/59_glyphs/t59_l03g03.png,keywords/59_keywords/t59_l03g03.md,0,
U2-10_0304,typoglyphs/59_glyphs/t59_l03g04.png,keywords/59_keywords/t59_l03g04.md,0,
U2-10_0305,typoglyphs/59_glyphs/t59_l03g05.png,keywords/59_keywords/t59_l03g05.md,0,
U2-10_0306,typoglyphs/59_glyphs/t59_l03g06.png,keywords/59_keywords/t59_l03g06.md,0,
U2-10_0307,typoglyphs/59_glyphs/t59_l03g07.png,keywords/59_keywords/t59_l03g07.md,0,
U2-10_0308,typoglyphs/59_glyphs/t59_l03g08.png,keywords/59_keywords/t59_l03g08.md,0,
U2-10_0309,typoglyphs/59_glyphs/t59_l03g09.png,keywords/59_keywords/t59_l03g09.md,0,
U2-10_0310,typoglyphs/59_glyphs/t59_l03g10.png,keywords/59_keywords/t59_l03g10.md,0,
U2-10_0311,typoglyphs/59_glyphs/t59_l03g11.png,keywords/59_keywords/t59_l03g11.md,0,
U2-10_0312,typoglyphs/59_glyphs/t59_l03g12.png,keywords/59_keywords/t59_l03g12.md,0,
U2-10_0313,typoglyphs/59_glyphs/t59_l03g13.png,keywords/59_keywords/t59_l03g13.md,0,
U2-10_0314,typoglyphs/59_glyphs/t59_l03g14.png,keywords/59_keywords/t59_l03g14.md,0,
U2-10_0315,typoglyphs/59_glyphs/t59_l03g15.png,keywords/59_keywords/t59_l03g15.md,0,
U2-10_0316,typoglyphs/59_glyphs/t59_l03g16.png,keywords/59_keywords/t59_l03g16.md,0,
U2-10_0317,typoglyphs/59_glyphs/t59_l03g17.png,keywords/59_keywords/t59_l03g17.md,0,
U2-10_0318,typoglyphs/59_glyphs/t59_l03g18.png,keywords/59_keywords/t59_l03g18.md,0,
U2-10_0319,typoglyphs/59_glyphs/t59_l03g19.png,keywords/59_keywords/t59_l03g19.md,0,
U2-10_0320,typoglyphs/59_glyphs/t59_l03g20.png,keywords/59_keywords/t59_l03g20.md,0,
U2-10_0321,typoglyphs/59_glyphs/t59_l03g21.png,keywords/59_keywords/t59_l03g21.md,0,
U2-10_0322,typoglyphs/59_glyphs/t59_l03g22.png,keywords/59_keywords/t59_l03g22.md,0,
U2-10_0323,typoglyphs/59_glyphs/t59_l03g23.png,keywords/59_keywords/t59_l03g23.md,0,
U2-10_0324,typoglyphs/59_glyphs/t59_l03g24.png,keywords/59_keywords/t59_l03g24.md,0,
U2-10_0325,typoglyphs/59_glyphs/t59_l03g25.png,keywords/59_keywords/t59_l03g25.md,0,
U2-10_0326,typoglyphs/59_glyphs/t59_l03g26.png,keywords/59_keywords/t59_l03g26.md,0,
U2-10_0327,typoglyphs/59_glyphs/t59_l03g27.png,keywords/59_keywords/t59_l03g27.md,0,
U2-10_0328,typoglyphs/59_glyphs/t59_l03g28.png,keywords/59_keywords/t59_l03g28.md,0,
U2-10_0329,typoglyphs/59_glyphs/t59_l03g29.png,keywords/59_keywords/t59_l03g29.md,0,
U2-10_0330,typoglyphs/59_glyphs/t59_l03g30.png,keywords/59_keywords/t59_l03g30.md,0,
U2-10_0331,typoglyphs/59_glyphs/t59_l03g31.png,keywords/59_keywords/t59_l03g31.md,0,
U2-10_0332,typoglyphs/59_glyphs/t59_l03g32.png,keywords/59_keywords/t59_l03g32.md,0,
U2-10_0401,typoglyphs/59_glyphs/t59_l04g01.png,keywords/59_keywords/t59_l04g01.md,0,
U2-10_0402,typoglyphs/59_glyphs/t59_l04g02.png,keywords/59_keywords/t59_l04g02.md,0,
U2-10_0403,typoglyphs/59_glyphs/t59_l04g03.png,keywords/59_keywords/t59_l04g03.md,0,
U2-10_0404,typoglyphs/59_glyphs/t59_l04g04.png,keywords/59_keywords/t59_l04g04.md,0,
U2-10_0405,typoglyphs/59_glyphs/t59_l04g05.png,keywords/59_keywords/t59_l04g05.md,0,
U2-10_0406,typoglyphs/59_glyphs/t59_l04g06.png,keywords/59_keywords/t59_l04g06.md,0,
U2-10_0407,typoglyphs/59_glyphs/t59_l04g07.png,keywords/59_keywords/t59_l04g07.md,0,
U2-10_0408,typoglyphs/59_glyphs/t59_l04g08.png,keywords/59_keywords/t59_l04g08.md,0,
U2-10_0409,typoglyphs/59_glyphs/t59_l04g09.png,keywords/59_keywords/t59_l04g09.md,0,
U2-10_0410,typoglyphs/59_glyphs/t59_l04g10.png,keywords/59_keywords/t59_l04g10.md,0,
U2-10_0411,typoglyphs/59_glyphs/t59_l04g11.png,keywords/59_keywords/t59_l04g11.md,0,
U2-10_0412,typoglyphs/59_glyphs/t59_l04g12.png,keywords/59_keywords/t59_l04g12.md,0,
U2-10_0413,typoglyphs/59_glyphs/t59_l04g13.png,keywords/59_keywords/t59_l04g13.md,0,
U2-10_0414,typoglyphs/59_glyphs/t59_l04g14.png,keywords/59_keywords/t59_l04g14.md,0,
U2-10_0415,typoglyphs/59_glyphs/t59_l04g15.png,keywords/59_keywords/t59_l04g15.md,0,
U2-10_0416,typoglyphs/59_glyphs/t59_l04g16.png,keywords/59_keywords/t59_l04g16.md,0,
U2-10_0417,typoglyphs/59_glyphs/t59_l04g17.png,keywords/59_keywords/t59_l04g17.md,0,
U2-10_0418,typoglyphs/59_glyphs/t59_l04g18.png,keywords/59_keywords/t59_l04g18.md,0,
U2-10_0419,typoglyphs/59_glyphs/t59_l04g19.png,keywords/59_keywords/t59_l04g19.md,0,
U2-10_0420,typoglyphs/59_glyphs/t59_l04g20.png,keywords/59_keywords/t59_l04g20.md,0,
U2-10_0421,typoglyphs/59_glyphs/t59_l04g21.png,keywords/59_keywords/t59_l04g21.md,0,
U2-10_0422,typoglyphs/59_glyphs/t59_l04g22.png,keywords/59_keywords/t59_l04g22.md,0,
U2-10_0423,typoglyphs/59_glyphs/t59_l04g23.png,keywords/59_keywords/t59_l04g23.md,0,
U2-10_0424,typoglyphs/59_glyphs/t59_l04g24.png,keywords/59_keywords/t59_l04g24.md,0,
U2-10_0425,typoglyphs/59_glyphs/t59_l04g25.png,keywords/59_keywords/t59_l04g25.md,0,
U2-10_0426,typoglyphs/59_glyphs/t59_l04g26.png,keywords/59_keywords/t59_l04g26.md,0,
U2-10_0427,typoglyphs/59_glyphs/t59_l04g27.png,keywords/59_keywords/t59_l04g27.md,0,
U2-10_0428,typoglyphs/59_glyphs/t59_l04g28.png,keywords/59_keywords/t59_l04g28.md,0,
U2-10_0429,typoglyphs/59_glyphs/t59_l04g29.png,keywords/59_keywords/t59_l04g29.md,0,
U2-10_0430,typoglyphs/59_glyphs/t59_l04g30.png,keywords/59_keywords/t59_l04g30.md,0,
U2-10_0431,typoglyphs/59_glyphs/t59_l04g31.png,keywords/59_keywords/t59_l04g31.md,0,
U2-10_0432,typoglyphs/59_glyphs/t59_l04g32.png,keywords/59_keywords/t59_l04g32.md,0,
U2-10_0433,typoglyphs/59_glyphs/t59_l04g33.png,keywords/59_keywords/t59_l04g33.md,0,
U2-11_0101,typoglyphs/60_glyphs/t60_l01g01.png,keywords/60_keywords/t60_l01g01.md,0,
U2-11_0102,typoglyphs/60_glyphs/t60_l01g02.png,keywords/60_keywords/t60_l01g02.md,0,
U2-11_0103,typoglyphs/60_glyphs/t60_l01g03.png,keywords/60_keywords/t60_l01g03.md,0,
U2-11_0104,typoglyphs/60_glyphs/t60_l01g04.png,keywords/60_keywords/t60_l01g04.md,0,
U2-11_0105,typoglyphs/60_glyphs/t60_l01g05.png,keywords/60_keywords/t60_l01g05.md,0,
U2-11_0106,typoglyphs/60_glyphs/t60_l01g06.png,keywords/60_keywords/t60_l01g06.md,0,
U2-11_0107,typoglyphs/60_glyphs/t60_l01g07.png,keywords/60_keywords/t60_l01g07.md,0,
U2-11_0108,typoglyphs/60_glyphs/t60_l01g08.png,keywords/60_keywords/t60_l01g08.md,0,
U2-11_0109,typoglyphs/60_glyphs/t60_l01g09.png,keywords/60_keywords/t60_l01g09.md,0,
U2-11_0110,typoglyphs/60_glyphs/t60_l01g10.png,keywords/60_keywords/t60_l01g10.md,0,
U2-11_0111,typoglyphs/60_glyphs/t60_l01g11.png,keywords/60_keywords/t60_l01g11.md,0,
U2-11_0112,typoglyphs/60_glyphs/t60_l01g12.png,keywords/60_keywords/t60_l01g12.md,0,
U2-11_0113,typoglyphs/60_glyphs/t60_l01g13.png,keywords/60_keywords/t60_l01g13.md,0,
U2-11_0114,typoglyphs/60_glyphs/t60_l01g14.png,keywords/60_keywords/t60_l01g14.md,0,
U2-11_0115,typoglyphs/60_glyphs/t60_l01g15.png,keywords/60_keywords/t60_l01g15.md,0,
U2-11_0116,typoglyphs/60_glyphs/t60_l01g16.png,keywords/60_keywords/t60_l01g16.md,0,
U2-11_0117,typoglyphs/60_glyphs/t60_l01g17.png,keywords/60_keywords/t60_l01g17.md,0,
U2-11_0118,typoglyphs/60_glyphs/t60_l01g18.png,keywords/60_keywords/t60_l01g18.md,0,
U2-11_0119,typoglyphs/60_glyphs/t60_l01g19.png,keywords/60_keywords/t60_l01g19.md,0,
U2-12_0101,typoglyphs/61_glyphs/t61_l01g01.png,keywords/61_keywords/t61_l01g01.md,0,
U2-12_0102,typoglyphs/61_glyphs/t61_l01g02.png,keywords/61_keywords/t61_l01g02.md,0,
U2-12_0103,typoglyphs/61_glyphs/t61_l01g03.png,keywords/61_keywords/t61_l01g03.md,0,
U2-12_0104,typoglyphs/61_glyphs/t61_l01g04.png,keywords/61_keywords/t61_l01g04.md,0,
U2-12_0105,typoglyphs/61_glyphs/t61_l01g05.png,keywords/61_keywords/t61_l01g05.md,0,
U2-12_0106,typoglyphs/61_glyphs/t61_l01g06.png,keywords/61_keywords/t61_l01g06.md,0,
U2-12_0107,typoglyphs/61_glyphs/t61_l01g07.png,keywords/61_keywords/t61_l01g07.md,0,
U2-12_0108,typoglyphs/61_glyphs/t61_l01g08.png,keywords/61_keywords/t61_l01g08.md,0,
U2-12_0109,typoglyphs/61_glyphs/t61_l01g09.png,keywords/61_keywords/t61_l01g09.md,0,
U2-12_0110,typoglyphs/61_glyphs/t61_l01g10.png,keywords/61_keywords/t61_l01g10.md,0,
U2-12_0111,typoglyphs/61_glyphs/t61_l01g11.png,keywords/61_keywords/t61_l01g11.md,0,
U2-12_0112,typoglyphs/61_glyphs/t61_l01g12.png,keywords/61_keywords/t61_l01g12.md,0,
U2-12_0113,typoglyphs/61_glyphs/t61_l01g13.png,keywords/61_keywords/t61_l01g13.md,0,
U2-12_0114,typoglyphs/61_glyphs/t61_l01g14.png,keywords/61_keywords/t61_l01g14.md,0,
U2-12_0115,typoglyphs/61_glyphs/t61_l01g15.png,keywords/61_keywords/t61_l01g15.md,0,
U2-12_0201,typoglyphs/61_glyphs/t61_l02g01.png,keywords/61_keywords/t61_l02g01.md,0,
U2-12_0202,typoglyphs/61_glyphs/t61_l02g02.png,keywords/61_keywords/t61_l02g02.md,0,
U2-12_0203,typoglyphs/61_glyphs/t61_l02g03.png,keywords/61_keywords/t61_l02g03.md,0,
U2-12_0204,typoglyphs/61_glyphs/t61_l02g04.png,keywords/61_keywords/t61_l02g04.md,0,
U2-12_0205,typoglyphs/61_glyphs/t61_l02g05.png,keywords/61_keywords/t61_l02g05.md,0,
U2-12_0206,typoglyphs/61_glyphs/t61_l02g06.png,keywords/61_keywords/t61_l02g06.md,0,
U2-12_0207,typoglyphs/61_glyphs/t61_l02g07.png,keywords/61_keywords/t61_l02g07.md,0,
U2-12_0208,typoglyphs/61_glyphs/t61_l02g08.png,keywords/61_keywords/t61_l02g08.md,0,
U2-13_0101,typoglyphs/62_glyphs/t62_l01g01.png,keywords/62_keywords/t62_l01g01.md,0,
U2-13_0102,typoglyphs/62_glyphs/t62_l01g02.png,keywords/62_keywords/t62_l01g02.md,0,
U2-13_0103,typoglyphs/62_glyphs/t62_l01g03.png,keywords/62_keywords/t62_l01g03.md,0,
U2-13_0104,typoglyphs/62_glyphs/t62_l01g04.png,keywords/62_keywords/t62_l01g04.md,0,
U2-13_0105,typoglyphs/62_glyphs/t62_l01g05.png,keywords/62_keywords/t62_l01g05.md,0,
U2-13_0106,typoglyphs/62_glyphs/t62_l01g06.png,keywords/62_keywords/t62_l01g06.md,0,
U2-13_0107,typoglyphs/62_glyphs/t62_l01g07.png,keywords/62_keywords/t62_l01g07.md,0,
U2-13_0108,typoglyphs/62_glyphs/t62_l01g08.png,keywords/62_keywords/t62_l01g08.md,0,
U2-13_0109,typoglyphs/62_glyphs/t62_l01g09.png,keywords/62_keywords/t62_l01g09.md,0,
U2-13_0110,typoglyphs/62_glyphs/t62_l01g10.png,keywords/62_keywords/t62_l01g10.md,0,
U2-13_0111,typoglyphs/62_glyphs/t62_l01g11.png,keywords/62_keywords/t62_l01g11.md,0,
U2-13_0112,typoglyphs/62_glyphs/t62_l01g12.png,keywords/62_keywords/t62_l01g12.md,0,
U2-13_0113,typoglyphs/62_glyphs/t62_l01g13.png,keywords/62_keywords/t62_l01g13.md,0,
U2-13_0114,typoglyphs/62_glyphs/t62_l01g14.png,keywords/62_keywords/t62_l01g14.md,0,
U2-13_0115,typoglyphs/62_glyphs/t62_l01g15.png,keywords/62_keywords/t62_l01g15.md,0,
U2-13_0116,typoglyphs/62_glyphs/t62_l01g16.png,keywords/62_keywords/t62_l01g16.md,0,
U2-13_0117,typoglyphs/62_glyphs/t62_l01g17.png,keywords/62_keywords/t62_l01g17.md,0,
U2-13_0118,typoglyphs/62_glyphs/t62_l01g18.png,keywords/62_keywords/t62_l01g18.md,0,
U2-14_0101,typoglyphs/63_glyphs/t63_l01g01.png,keywords/63_keywords/t63_l01g01.md,0,
U2-14_0102,typoglyphs/63_glyphs/t63_l01g02.png,keywords/63_keywords/t63_l01g02.md,0,
U2-14_0103,typoglyphs/63_glyphs/t63_l01g03.png,keywords/63_keywords/t63_l01g03.md,0,
U2-14_0104,typoglyphs/63_glyphs/t63_l01g04.png,keywords/63_keywords/t63_l01g04.md,0,
U2-14_0105,typoglyphs/63_glyphs/t63_l01g05.png,keywords/63_keywords/t63_l01g05.md,0,
U2-14_0106,typoglyphs/63_glyphs/t63_l01g06.png,keywords/63_keywords/t63_l01g06.md,0,
U2-14_0107,typoglyphs/63_glyphs/t63_l01g07.png,keywords/63_keywords/t63_l01g07.md,0,
U2-14_0108,typoglyphs/63_glyphs/t63_l01g08.png,keywords/63_keywords/t63_l01g08.md,0,
U2-14_0109,typoglyphs/63_glyphs/t63_l01g09.png,keywords/63_keywords/t63_l01g09.md,0,
U2-14_0110,typoglyphs/63_glyphs/t63_l01g10.png,keywords/63_keywords/t63_l01g10.md,0,
U2-14_0111,typoglyphs/63_glyphs/t63_l01g11.png,keywords/63_keywords/t63_l01g11.md,0,
U2-14_0112,typoglyphs/63_glyphs/t63_l01g12.png,keywords/63_keywords/t63_l01g12.md,0,
U2-14_0113,typoglyphs/63_glyphs/t63_l01g13.png,keywords/63_keywords/t63_l01g13.md,0,
U2-14_0114,typoglyphs/63_glyphs/t63_l01g14.png,keywords/63_keywords/t63_l01g14.md,0,
U2-14_0115,typoglyphs/63_glyphs/t63_l01g15.png,keywords/63_keywords/t63_l01g15.md,0,
U2-14_0116,typoglyphs/63_glyphs/t63_l01g16.png,keywords/63_keywords/t63_l01g16.md,0,
U2-14_0117,typoglyphs/63_glyphs/t63_l01g17.png,keywords/63_keywords/t63_l01g17.md,0,
U2-14_0118,typoglyphs/63_glyphs/t63_l01g18.png,keywords/63_keywords/t63_l01g18.md,0,
U2-14_0201,typoglyphs/63_glyphs/t63_l02g01.png,keywords/63_keywords/t63_l02g01.md,0,
U2-14_0202,typoglyphs/63_glyphs/t63_l02g02.png,keywords/63_keywords/t63_l02g02.md,0,
U2-14_0203,typoglyphs/63_glyphs/t63_l02g03.png,keywords/63_keywords/t63_l02g03.md,0,
U2-14_0204,typoglyphs/63_glyphs/t63_l02g04.png,keywords/63_keywords/t63_l02g04.md,0,
U2-14_0205,typoglyphs/63_glyphs/t63_l02g05.png,keywords/63_keywords/t63_l02g05.md,0,
U2-14_0301,typoglyphs/63_glyphs/t63_l03g01.png,keywords/63_keywords/t63_l03g01.md,0,
U2-14_0302,typoglyphs/63_glyphs/t63_l03g02.png,keywords/63_keywords/t63_l03g02.md,0,
U2-14_0303,typoglyphs/63_glyphs/t63_l03g03.png,keywords/63_keywords/t63_l03g03.md,0,
U2-14_0304,typoglyphs/63_glyphs/t63_l03g04.png,keywords/63_keywords/t63_l03g04.md,0,
U2-14_0305,typoglyphs/63_glyphs/t63_l03g05.png,keywords/63_keywords/t63_l03g05.md,0,
U2-14_0306,typoglyphs/63_glyphs/t63_l03g06.png,keywords/63_keywords/t63_l03g06.md,0,
U2-14_0307,typoglyphs/63_glyphs/t63_l03g07.png,keywords/63_keywords/t63_l03g07.md,0,
U2-14_0308,typoglyphs/63_glyphs/t63_l03g08.png,keywords/63_keywords/t63_l03g08.md,0,
U2-14_0309,typoglyphs/63_glyphs/t63_l03g09.png,keywords/63_keywords/t63_l03g09.md,0,
U2-14_0310,typoglyphs/63_glyphs/t63_l03g10.png,keywords/63_keywords/t63_l03g10.md,0,
U2-14_0311,typoglyphs/63_glyphs/t63_l03g11.png,keywords/63_keywords/t63_l03g11.md,0,
U2-14_0312,typoglyphs/63_glyphs/t63_l03g12.png,keywords/63_keywords/t63_l03g12.md,0,
U2-14_0313,typoglyphs/63_glyphs/t63_l03g13.png,keywords/63_keywords/t63_l03g13.md,0,
U2-14_0314,typoglyphs/63_glyphs/t63_l03g14.png,keywords/63_keywords/t63_l03g14.md,0,
U2-14_0315,typoglyphs/63_glyphs/t63_l03g15.png,keywords/63_keywords/t63_l03g15.md,0,
U2-14_0316,typoglyphs/63_glyphs/t63_l03g16.png,keywords/63_keywords/t63_l03g16.md,0,
U2-14_0317,typoglyphs/63_glyphs/t63_l03g17.png,keywords/63_keywords/t63_l03g17.md,0,
U2-14_0318,typoglyphs/63_glyphs/t63_l03g18.png,keywords/63_keywords/t63_l03g18.md,0,
U2-14_0319,typoglyphs/63_glyphs/t63_l03g19.png,keywords/63_keywords/t63_l03g19.md,0,
U2-14_0320,typoglyphs/63_glyphs/t63_l03g20.png,keywords/63_keywords/t63_l03g20.md,0,
U2-14_0321,typoglyphs/63_glyphs/t63_l03g21.png,keywords/63_keywords/t63_l03g21.md,0,
U2-14_0322,typoglyphs/63_glyphs/t63_l03g22.png,keywords/63_keywords/t63_l03g22.md,0,
U2-14_0323,typoglyphs/63_glyphs/t63_l03g23.png,keywords/63_keywords/t63_l03g23.md,0,
U2-14_0324,typoglyphs/63_glyphs/t63_l03g24.png,keywords/63_keywords/t63_l03g24.md,0,
U2-14_0325,typoglyphs/63_glyphs/t63_l03g25.png,keywords/63_keywords/t63_l03g25.md,0,
U2-14_0326,typoglyphs/63_glyphs/t63_l03g26.png,keywords/63_keywords/t63_l03g26.md,0,
U2-14_0327,typoglyphs/63_glyphs/t63_l03g27.png,keywords/63_keywords/t63_l03g27.md,0,
U2-14_0328,typoglyphs/63_glyphs/t63_l03g28.png,keywords/63_keywords/t63_l03g28.md,1,descriptions/63_descriptions/t63_l03g28.md
U2-14_0329,typoglyphs/63_glyphs/t63_l03g29.png,keywords/63_keywords/t63_l03g29.md,0,
U2-14_0330,typoglyphs/63_glyphs/t63_l03g30.png,keywords/63_keywords/t63_l03g30.md,0,
U2-14_0331,typoglyphs/63_glyphs/t63_l03g31.png,keywords/63_keywords/t63_l03g31.md,0,
U2-14_0401,typoglyphs/63_glyphs/t63_l04g01.png,keywords/63_keywords/t63_l04g01.md,0,
U2-14_0402,typoglyphs/63_glyphs/t63_l04g02.png,keywords/63_keywords/t63_l04g02.md,0,
U2-14_0403,typoglyphs/63_glyphs/t63_l04g03.png,keywords/63_keywords/t63_l04g03.md,0,
U2-14_0404,typoglyphs/63_glyphs/t63_l04g04.png,keywords/63_keywords/t63_l04g04.md,0,
U2-14_0405,typoglyphs/63_glyphs/t63_l04g05.png,keywords/63_keywords/t63_l04g05.md,0,
U2-14_0406,typoglyphs/63_glyphs/t63_l04g06.png,keywords/63_keywords/t63_l04g06.md,0,
U2-14_0407,typoglyphs/63_glyphs/t63_l04g07.png,keywords/63_keywords/t63_l04g07.md,0,
U2-14_0408,typoglyphs/63_glyphs/t63_l04g08.png,keywords/63_keywords/t63_l04g08.md,0,
U2-14_0409,typoglyphs/63_glyphs/t63_l04g09.png,keywords/63_keywords/t63_l04g09.md,0,
U2-14_0410,typoglyphs/63_glyphs/t63_l04g10.png,keywords/63_keywords/t63_l04g10.md,0,
U2-15_0101,typoglyphs/64_glyphs/t64_l01g01.png,keywords/64_keywords/t64_l01g01.md,0,
U2-15_0102,typoglyphs/64_glyphs/t64_l01g02.png,keywords/64_keywords/t64_l01g02.md,0,
U2-15_0103,typoglyphs/64_glyphs/t64_l01g03.png,keywords/64_keywords/t64_l01g03.md,0,
U2-15_0104,typoglyphs/64_glyphs/t64_l01g04.png,keywords/64_keywords/t64_l01g04.md,0,
U2-15_0105,typoglyphs/64_glyphs/t64_l01g05.png,keywords/64_keywords/t64_l01g05.md,0,
U2-15_0106,typoglyphs/64_glyphs/t64_l01g06.png,keywords/64_keywords/t64_l01g06.md,0,
U2-15_0107,typoglyphs/64_glyphs/t64_l01g07.png,keywords/64_keywords/t64_l01g07.md,0,
U2-15_0108,typoglyphs/64_glyphs/t64_l01g08.png,keywords/64_keywords/t64_l01g08.md,0,
U2-15_0109,typoglyphs/64_glyphs/t64_l01g09.png,keywords/64_keywords/t64_l01g09.md,0,
U2-15_0110,typoglyphs/64_glyphs/t64_l01g10.png,keywords/64_keywords/t64_l01g10.md,0,
U2-15_0111,typoglyphs/64_glyphs/t64_l01g11.png,keywords/64_keywords/t64_l01g11.md,0,
U2-15_0112,typoglyphs/64_glyphs/t64_l01g12.png,keywords/64_keywords/t64_l01g12.md,0,
U2-15_0113,typoglyphs/64_glyphs/t64_l01g13.png,keywords/64_keywords/t64_l01g13.md,0,
U2-15_0114,typoglyphs/64_glyphs/t64_l01g14.png,keywords/64_keywords/t64_l01g14.md,0,
U2-15_0115,typoglyphs/64_glyphs/t64_l01g15.png,keywords/64_keywords/t64_l01g15.md,0,
U2-15_0116,typoglyphs/64_glyphs/t64_l01g16.png,keywords/64_keywords/t64_l01g16.md,0,
U2-15_0117,typoglyphs/64_glyphs/t64_l01g17.png,keywords/64_keywords/t64_l01g17.md,0,
U2-15_0118,typoglyphs/64_glyphs/t64_l01g18.png,keywords/64_keywords/t64_l01g18.md,0,
U2-15_0119,typoglyphs/64_glyphs/t64_l01g19.png,keywords/64_keywords/t64_l01g19.md,0,
U2-15_0120,typoglyphs/64_glyphs/t64_l01g20.png,keywords/64_keywords/t64_l01g20.md,0,
U2-15_0121,typoglyphs/64_glyphs/t64_l01g21.png,keywords/64_keywords/t64_l01g21.md,0,
U2-15_0122,typoglyphs/64_glyphs/t64_l01g22.png,keywords/64_keywords/t64_l01g22.md,0,
U2-15_0201,typoglyphs/64_glyphs/t64_l02g01.png,keywords/64_keywords/t64_l02g01.md,0,
U2-15_0202,typoglyphs/64_glyphs/t64_l02g02.png,keywords/64_keywords/t64_l02g02.md,0,
U2-15_0203,typoglyphs/64_glyphs/t64_l02g03.png,keywords/64_keywords/t64_l02g03.md,0,
U2-15_0204,typoglyphs/64_glyphs/t64_l02g04.png,keywords/64_keywords/t64_l02g04.md,0,
U2-15_0205,typoglyphs/64_glyphs/t64_l02g05.png,keywords/64_keywords/t64_l02g05.md,0,
U2-15_0206,typoglyphs/64_glyphs/t64_l02g06.png,keywords/64_keywords/t64_l02g06.md,0,
U2-15_0207,typoglyphs/64_glyphs/t64_l02g07.png,keywords/64_keywords/t64_l02g07.md,0,
U2-15_0208,typoglyphs/64_glyphs/t64_l02g08.png,keywords/64_keywords/t64_l02g08.md,0,
U2-15_0209,typoglyphs/64_glyphs/t64_l02g09.png,keywords/64_keywords/t64_l02g09.md,0,
U2-15_0210,typoglyphs/64_glyphs/t64_l02g10.png,keywords/64_keywords/t64_l02g10.md,0,
U2-15_0211,typoglyphs/64_glyphs/t64_l02g11.png,keywords/64_keywords/t64_l02g11.md,0,
U2-15_0212,typoglyphs/64_glyphs/t64_l02g12.png,keywords/64_keywords/t64_l02g12.md,0,
U2-15_0213,typoglyphs/64_glyphs/t64_l02g13.png,keywords/64_keywords/t64_l02g13.md,0,
U2-15_0214,typoglyphs/64_glyphs/t64_l02g14.png,keywords/64_keywords/t64_l02g14.md,0,
U2-15_0215,typoglyphs/64_glyphs/t64_l02g15.png,keywords/64_keywords/t64_l02g15.md,0,
U2-15_0216,typoglyphs/64_glyphs/t64_l02g16.png,keywords/64_keywords/t64_l02g16.md,0,
U2-15_0217,typoglyphs/64_glyphs/t64_l02g17.png,keywords/64_keywords/t64_l02g17.md,0,
U2-15_0218,typoglyphs/64_glyphs/t64_l02g18.png,keywords/64_keywords/t64_l02g18.md,0,
U2-15_0219,typoglyphs/64_glyphs/t64_l02g19.png,keywords/64_keywords/t64_l02g19.md,0,
U2-15_0220,typoglyphs/64_glyphs/t64_l02g20.png,keywords/64_keywords/t64_l02g20.md,0,
U2-15_0221,typoglyphs/64_glyphs/t64_l02g21.png,keywords/64_keywords/t64_l02g21.md,0,
U2-15_0222,typoglyphs/64_glyphs/t64_l02g22.png,keywords/64_keywords/t64_l02g22.md,0,
U2-15_0223,typoglyphs/64_glyphs/t64_l02g23.png,keywords/64_keywords/t64_l02g23.md,0,
U2-15_0224,typoglyphs/64_glyphs/t64_l02g24.png,keywords/64_keywords/t64_l02g24.md,0,
U2-15_0225,typoglyphs/64_glyphs/t64_l02g25.png,keywords/64_keywords/t64_l02g25.md,0,
U2-15_0226,typoglyphs/64_glyphs/t64_l02g26.png,keywords/64_keywords/t64_l02g26.md,0,
U2-15_0227,typoglyphs/64_glyphs/t64_l02g27.png,keywords/64_keywords/t64_l02g27.md,0,
U2-15_0228,typoglyphs/64_glyphs/t64_l02g28.png,keywords/64_keywords/t64_l02g28.md,0,
U2-15_0229,typoglyphs/64_glyphs/t64_l02g29.png,keywords/64_keywords/t64_l02g29.md,0,
U2-15_0230,typoglyphs/64_glyphs/t64_l02g30.png,keywords/64_keywords/t64_l02g30.md,0,
U2-15_0231,typoglyphs/64_glyphs/t64_l02g31.png,keywords/64_keywords/t64_l02g31.md,0,
U2-15_0232,typoglyphs/64_glyphs/t64_l02g32.png,keywords/64_keywords/t64_l02g32.md,0,
U2-15_0233,typoglyphs/64_glyphs/t64_l02g33.png,keywords/64_keywords/t64_l02g33.md,0,
U2-15_0301,typoglyphs/64_glyphs/t64_l03g01.png,keywords/64_keywords/t64_l03g01.md,0,
U2-15_0302,typoglyphs/64_glyphs/t64_l03g02.png,keywords/64_keywords/t64_l03g02.md,0,
U2-15_0303,typoglyphs/64_glyphs/t64_l03g03.png,keywords/64_keywords/t64_l03g03.md,0,
U2-15_0304,typoglyphs/64_glyphs/t64_l03g04.png,keywords/64_keywords/t64_l03g04.md,0,
U2-15_0305,typoglyphs/64_glyphs/t64_l03g05.png,keywords/64_keywords/t64_l03g05.md,0,
U2-15_0306,typoglyphs/64_glyphs/t64_l03g06.png,keywords/64_keywords/t64_l03g06.md,0,
U2-15_0307,typoglyphs/64_glyphs/t64_l03g07.png,keywords/64_keywords/t64_l03g07.md,0,
U2-15_0308,typoglyphs/64_glyphs/t64_l03g08.png,keywords/64_keywords/t64_l03g08.md,0,
U2-15_0309,typoglyphs/64_glyphs/t64_l03g09.png,keywords/64_keywords/t64_l03g09.md,0,
U2-15_0310,typoglyphs/64_glyphs/t64_l03g10.png,keywords/64_keywords/t64_l03g10.md,0,
U2-15_0311,typoglyphs/64_glyphs/t64_l03g11.png,keywords/64_keywords/t64_l03g11.md,0,
U2-15_0312,typoglyphs/64_glyphs/t64_l03g12.png,keywords/64_keywords/t64_l03g12.md,0,
U2-15_0313,typoglyphs/64_glyphs/t64_l03g13.png,keywords/64_keywords/t64_l03g13.md,0,
U2-15_0314,typoglyphs/64_glyphs/t64_l03g14.png,keywords/64_keywords/t64_l03g14.md,0,
U2-15_0315,typoglyphs/64_glyphs/t64_l03g15.png,keywords/64_keywords/t64_l03g15.md,0,
U2-15_0316,typoglyphs/64_glyphs/t64_l03g16.png,keywords/64_keywords/t64_l03g16.md,0,
U2-15_0317,typoglyphs/64_glyphs/t64_l03g17.png,keywords/64_keywords/t64_l03g17.md,0,
U2-15_0318,typoglyphs/64_glyphs/t64_l03g18.png,keywords/64_keywords/t64_l03g18.md,0,
U2-15_0319,typoglyphs/64_glyphs/t64_l03g19.png,keywords/64_keywords/t64_l03g19.md,0,
U2-15_0320,typoglyphs/64_glyphs/t64_l03g20.png,keywords/64_keywords/t64_l03g20.md,0,
U2-15_0321,typoglyphs/64_glyphs/t64_l03g21.png,keywords/64_keywords/t64_l03g21.md,0,
U2-15_0322,typoglyphs/64_glyphs/t64_l03g22.png,keywords/64_keywords/t64_l03g22.md,0,
U2-15_0323,typoglyphs/64_glyphs/t64_l03g23.png,keywords/64_keywords/t64_l03g23.md,0,
U2-15_0324,typoglyphs/64_glyphs/t64_l03g24.png,keywords/64_keywords/t64_l03g24.md,0,
U2-15_0325,typoglyphs/64_glyphs/t64_l03g25.png,keywords/64_keywords/t64_l03g25.md,0,
U2-15_0326,typoglyphs/64_glyphs/t64_l03g26.png,keywords/64_keywords/t64_l03g26.md,0,
U2-15_0327,typoglyphs/64_glyphs/t64_l03g27.png,keywords/64_keywords/t64_l03g27.md,0,
U2-15_0328,typoglyphs/64_glyphs/t64_l03g28.png,keywords/64_keywords/t64_l03g28.md,0,
U2-15_0329,typoglyphs/64_glyphs/t64_l03g29.png,keywords/64_keywords/t64_l03g29.md,0,
U2-15_0401,typoglyphs/64_glyphs/t64_l04g01.png,keywords/64_keywords/t64_l04g01.md,0,
U2-15_0402,typoglyphs/64_glyphs/t64_l04g02.png,keywords/64_keywords/t64_l04g02.md,0,
U2-15_0403,typoglyphs/64_glyphs/t64_l04g03.png,keywords/64_keywords/t64_l04g03.md,0,
U2-15_0404,typoglyphs/64_glyphs/t64_l04g04.png,keywords/64_keywords/t64_l04g04.md,0,
U2-15_0405,typoglyphs/64_glyphs/t64_l04g05.png,keywords/64_keywords/t64_l04g05.md,0,
U2-15_0406,typoglyphs/64_glyphs/t64_l04g06.png,keywords/64_keywords/t64_l04g06.md,0,
U2-15_0407,typoglyphs/64_glyphs/t64_l04g07.png,keywords/64_keywords/t64_l04g07.md,0,
U2-15_0408,typoglyphs/64_glyphs/t64_l04g08.png,keywords/64_keywords/t64_l04g08.md,0,
U2-15_0409,typoglyphs/64_glyphs/t64_l04g09.png,keywords/64_keywords/t64_l04g09.md,0,
U2-15_0410,typoglyphs/64_glyphs/t64_l04g10.png,keywords/64_keywords/t64_l04g10.md,0,
U2-15_0411,typoglyphs/64_glyphs/t64_l04g11.png,keywords/64_keywords/t64_l04g11.md,0,
U2-15_0412,typoglyphs/64_glyphs/t64_l04g12.png,keywords/64_keywords/t64_l04g12.md,0,
U2-15_0413,typoglyphs/64_glyphs/t64_l04g13.png,keywords/64_keywords/t64_l04g13.md,0,
U2-15_0414,typoglyphs/64_glyphs/t64_l04g14.png,keywords/64_keywords/t64_l04g14.md,0,
U2-15_0415,typoglyphs/64_glyphs/t64_l04g15.png,keywords/64_keywords/t64_l04g15.md,0,
U2-15_0416,typoglyphs/64_glyphs/t64_l04g16.png,keywords/64_keywords/t64_l04g16.md,0,
U2-15_0417,typoglyphs/64_glyphs/t64_l04g17.png,keywords/64_keywords/t64_l04g17.md,0,
U2-15_0418,typoglyphs/64_glyphs/t64_l04g18.png,keywords/64_keywords/t64_l04g18.md,0,
U2-15_0419,typoglyphs/64_glyphs/t64_l04g19.png,keywords/64_keywords/t64_l04g19.md,0,
U2-15_0420,typoglyphs/64_glyphs/t64_l04g20.png,keywords/64_keywords/t64_l04g20.md,0,
U2-15_0421,typoglyphs/64_glyphs/t64_l04g21.png,keywords/64_keywords/t64_l04g21.md,0,
U2-15_0422,typoglyphs/64_glyphs/t64_l04g22.png,keywords/64_keywords/t64_l04g22.md,0,
U2-15_0423,typoglyphs/64_glyphs/t64_l04g23.png,keywords/64_keywords/t64_l04g23.md,0,
U2-16_0101,typoglyphs/65_glyphs/t65_l01g01.png,keywords/65_keywords/t65_l01g01.md,0,
U2-16_0102,typoglyphs/65_glyphs/t65_l01g02.png,keywords/65_keywords/t65_l01g02.md,0,
U2-16_0103,typoglyphs/65_glyphs/t65_l01g03.png,keywords/65_keywords/t65_l01g03.md,0,
U2-16_0104,typoglyphs/65_glyphs/t65_l01g04.png,keywords/65_keywords/t65_l01g04.md,0,
U2-16_0105,typoglyphs/65_glyphs/t65_l01g05.png,keywords/65_keywords/t65_l01g05.md,0,
U2-16_0106,typoglyphs/65_glyphs/t65_l01g06.png,keywords/65_keywords/t65_l01g06.md,0,
U2-16_0107,typoglyphs/65_glyphs/t65_l01g07.png,keywords/65_keywords/t65_l01g07.md,0,
U2-16_0108,typoglyphs/65_glyphs/t65_l01g08.png,keywords/65_keywords/t65_l01g08.md,0,
U2-16_0109,typoglyphs/65_glyphs/t65_l01g09.png,keywords/65_keywords/t65_l01g09.md,0,
U2-16_0110,typoglyphs/65_glyphs/t65_l01g10.png,keywords/65_keywords/t65_l01g10.md,0,
U2-16_0111,typoglyphs/65_glyphs/t65_l01g11.png,keywords/65_keywords/t65_l01g11.md,0,
U2-16_0112,typoglyphs/65_glyphs/t65_l01g12.png,keywords/65_keywords/t65_l01g12.md,0,
U2-16_0113,typoglyphs/65_glyphs/t65_l01g13.png,keywords/65_keywords/t65_l01g13.md,0,
U2-16_0114,typoglyphs/65_glyphs/t65_l01g14.png,keywords/65_keywords/t65_l01g14.md,0,
U2-16_0115,typoglyphs/65_glyphs/t65_l01g15.png,keywords/65_keywords/t65_l01g15.md,0,
U2-16_0116,typoglyphs/65_glyphs/t65_l01g16.png,keywords/65_keywords/t65_l01g16.md,0,
U2-16_0117,typoglyphs/65_glyphs/t65_l01g17.png,keywords/65_keywords/t65_l01g17.md,0,
U2-16_0118,typoglyphs/65_glyphs/t65_l01g18.png,keywords/65_keywords/t65_l01g18.md,0,
U2-16_0119,typoglyphs/65_glyphs/t65_l01g19.png,keywords/65_keywords/t65_l01g19.md,0,
U2-16_0120,typoglyphs/65_glyphs/t65_l01g20.png,keywords/65_keywords/t65_l01g20.md,0,
U2-16_0121,typoglyphs/65_glyphs/t65_l01g21.png,keywords/65_keywords/t65_l01g21.md,0,
U2-16_0122,typoglyphs/65_glyphs/t65_l01g22.png,keywords/65_keywords/t65_l01g22.md,0,
U2-16_0123,typoglyphs/65_glyphs/t65_l01g23.png,keywords/65_keywords/t65_l01g23.md,0,
U2-16_0124,typoglyphs/65_glyphs/t65_l01g24.png,keywords/65_keywords/t65_l01g24.md,0,
U2-16_0125,typoglyphs/65_glyphs/t65_l01g25.png,keywords/65_keywords/t65_l01g25.md,0,
U2-16_0126,typoglyphs/65_glyphs/t65_l01g26.png,keywords/65_keywords/t65_l01g26.md,0,
U2-16_0127,typoglyphs/65_glyphs/t65_l01g27.png,keywords/65_keywords/t65_l01g27.md,0,
U2-16_0128,typoglyphs/65_glyphs/t65_l01g28.png,keywords/65_keywords/t65_l01g28.md,0,
U2-16_0129,typoglyphs/65_glyphs/t65_l01g29.png,keywords/65_keywords/t65_l01g29.md,0,
U2-16_0201,typoglyphs/65_glyphs/t65_l02g01.png,keywords/65_keywords/t65_l02g01.md,0,
U2-16_0202,typoglyphs/65_glyphs/t65_l02g02.png,keywords/65_keywords/t65_l02g02.md,0,
U2-16_0203,typoglyphs/65_glyphs/t65_l02g03.png,keywords/65_keywords/t65_l02g03.md,0,
U2-16_0204,typoglyphs/65_glyphs/t65_l02g04.png,keywords/65_keywords/t65_l02g04.md,0,
U2-16_0205,typoglyphs/65_glyphs/t65_l02g05.png,keywords/65_keywords/t65_l02g05.md,0,
U2-16_0206,typoglyphs/65_glyphs/t65_l02g06.png,keywords/65_keywords/t65_l02g06.md,0,
U2-16_0207,typoglyphs/65_glyphs/t65_l02g07.png,keywords/65_keywords/t65_l02g07.md,0,
U2-16_0208,typoglyphs/65_glyphs/t65_l02g08.png,keywords/65_keywords/t65_l02g08.md,0,
U2-16_0209,typoglyphs/65_glyphs/t65_l02g09.png,keywords/65_keywords/t65_l02g09.md,0,
U2-16_0210,typoglyphs/65_glyphs/t65_l02g10.png,keywords/65_keywords/t65_l02g10.md,0,
U2-16_0211,typoglyphs/65_glyphs/t65_l02g11.png,keywords/65_keywords/t65_l02g11.md,0,
U2-16_0212,typoglyphs/65_glyphs/t65_l02g12.png,keywords/65_keywords/t65_l02g12.md,0,
U2-16_0213,typoglyphs/65_glyphs/t65_l02g13.png,keywords/65_keywords/t65_l02g13.md,0,
U2-16_0214,typoglyphs/65_glyphs/t65_l02g14.png,keywords/65_keywords/t65_l02g14.md,0,
U2-16_0215,typoglyphs/65_glyphs/t65_l02g15.png,keywords/65_keywords/t65_l02g15.md,0,
U2-16_0216,typoglyphs/65_glyphs/t65_l02g16.png,keywords/65_keywords/t65_l02g16.md,0,
U2-16_0217,typoglyphs/65_glyphs/t65_l02g17.png,keywords/65_keywords/t65_l02g17.md,0,
U2-16_0218,typoglyphs/65_glyphs/t65_l02g18.png,keywords/65_keywords/t65_l02g18.md,0,
U2-16_0219,typoglyphs/65_glyphs/t65_l02g19.png,keywords/65_keywords/t65_l02g19.md,0,
U2-16_0220,typoglyphs/65_glyphs/t65_l02g20.png,keywords/65_keywords/t65_l02g20.md,0,
U2-16_0221,typoglyphs/65_glyphs/t65_l02g21.png,keywords/65_keywords/t65_l02g21.md,0,
U2-16_0222,typoglyphs/65_glyphs/t65_l02g22.png,keywords/65_keywords/t65_l02g22.md,0,
U2-16_0223,typoglyphs/65_glyphs/t65_l02g23.png,keywords/65_keywords/t65_l02g23.md,0,
U2-16_0224,typoglyphs/65_glyphs/t65_l02g24.png,keywords/65_keywords/t65_l02g24.md,0,
U2-16_0225,typoglyphs/65_glyphs/t65_l02g25.png,keywords/65_keywords/t65_l02g25.md,0,
U2-16_0226,typoglyphs/65_glyphs/t65_l02g26.png,keywords/65_keywords/t65_l02g26.md,0,
U2-16_0227,typoglyphs/65_glyphs/t65_l02g27.png,keywords/65_keywords/t65_l02g27.md,0,
U2-16_0228,typoglyphs/65_glyphs/t65_l02g28.png,keywords/65_keywords/t65_l02g28.md,0,
U2-16_0229,typoglyphs/65_glyphs/t65_l02g29.png,keywords/65_keywords/t65_l02g29.md,0,
U2-16_0230,typoglyphs/65_glyphs/t65_l02g30.png,keywords/65_keywords/t65_l02g30.md,0,
U2-16_0231,typoglyphs/65_glyphs/t65_l02g31.png,keywords/65_keywords/t65_l02g31.md,0,
U2-16_0232,typoglyphs/65_glyphs/t65_l02g32.png,keywords/65_keywords/t65_l02g32.md,0,
U2-16_0233,typoglyphs/65_glyphs/t65_l02g33.png,keywords/65_keywords/t65_l02g33.md,0,
U2-16_0234,typoglyphs/65_glyphs/t65_l02g34.png,keywords/65_keywords/t65_l02g34.md,0,
U2-16_0235,typoglyphs/65_glyphs/t65_l02g35.png,keywords/65_keywords/t65_l02g35.md,0,
U2-16_0236,typoglyphs/65_glyphs/t65_l02g36.png,keywords/65_keywords/t65_l02g36.md,0,
U2-16_0237,typoglyphs/65_glyphs/t65_l02g37.png,keywords/65_keywords/t65_l02g37.md,0,
U2-16_0238,typoglyphs/65_glyphs/t65_l02g38.png,keywords/65_keywords/t65_l02g38.md,0,
U2-16_0239,typoglyphs/65_glyphs/t65_l02g39.png,keywords/65_keywords/t65_l02g39.md,0,
U2-16_0240,typoglyphs/65_glyphs/t65_l02g40.png,keywords/65_keywords/t65_l02g40.md,0,
U2-16_0241,typoglyphs/65_glyphs/t65_l02g41.png,keywords/65_keywords/t65_l02g41.md,0,
U2-16_0242,typoglyphs/65_glyphs/t65_l02g42.png,keywords/65_keywords/t65_l02g42.md,0,
U2-16_0243,typoglyphs/65_glyphs/t65_l02g43.png,keywords/65_keywords/t65_l02g43.md,0,
U2-16_0244,typoglyphs/65_glyphs/t65_l02g44.png,keywords/65_keywords/t65_l02g44.md,0,
U2-16_0301,typoglyphs/65_glyphs/t65_l03g01.png,keywords/65_keywords/t65_l03g01.md,0,
U2-16_0302,typoglyphs/65_glyphs/t65_l03g02.png,keywords/65_keywords/t65_l03g02.md,0,
U2-16_0303,typoglyphs/65_glyphs/t65_l03g03.png,keywords/65_keywords/t65_l03g03.md,0,
U2-16_0304,typoglyphs/65_glyphs/t65_l03g04.png,keywords/65_keywords/t65_l03g04.md,0,
U2-16_0305,typoglyphs/65_glyphs/t65_l03g05.png,keywords/65_keywords/t65_l03g05.md,0,
U2-16_0306,typoglyphs/65_glyphs/t65_l03g06.png,keywords/65_keywords/t65_l03g06.md,0,
U2-16_0307,typoglyphs/65_glyphs/t65_l03g07.png,keywords/65_keywords/t65_l03g07.md,0,
U2-16_0308,typoglyphs/65_glyphs/t65_l03g08.png,keywords/65_keywords/t65_l03g08.md,0,
U2-16_0309,typoglyphs/65_glyphs/t65_l03g09.png,keywords/65_keywords/t65_l03g09.md,0,
U2-16_0310,typoglyphs/65_glyphs/t65_l03g10.png,keywords/65_keywords/t65_l03g10.md,0,
U2-16_0311,typoglyphs/65_glyphs/t65_l03g11.png,keywords/65_keywords/t65_l03g11.md,0,
U2-16_0312,typoglyphs/65_glyphs/t65_l03g12.png,keywords/65_keywords/t65_l03g12.md,0,
U2-16_0313,typoglyphs/65_glyphs/t65_l03g13.png,keywords/65_keywords/t65_l03g13.md,0,
U2-16_0314,typoglyphs/65_glyphs/t65_l03g14.png,keywords/65_keywords/t65_l03g14.md,0,
U2-16_0315,typoglyphs/65_glyphs/t65_l03g15.png,keywords/65_keywords/t65_l03g15.md,0,
U2-16_0316,typoglyphs/65_glyphs/t65_l03g16.png,keywords/65_keywords/t65_l03g16.md,0,
U2-16_0317,typoglyphs/65_glyphs/t65_l03g17.png,keywords/65_keywords/t65_l03g17.md,0,
U2-16_0318,typoglyphs/65_glyphs/t65_l03g18.png,keywords/65_keywords/t65_l03g18.md,0,
U2-16_0319,typoglyphs/65_glyphs/t65_l03g19.png,keywords/65_keywords/t65_l03g19.md,0,
U2-16_0320,typoglyphs/65_glyphs/t65_l03g20.png,keywords/65_keywords/t65_l03g20.md,0,
U2-16_0321,typoglyphs/65_glyphs/t65_l03g21.png,keywords/65_keywords/t65_l03g21.md,0,
U2-16_0322,typoglyphs/65_glyphs/t65_l03g22.png,keywords/65_keywords/t65_l03g22.md,0,
U2-16_0323,typoglyphs/65_glyphs/t65_l03g23.png,keywords/65_keywords/t65_l03g23.md,0,
U2-16_0324,typoglyphs/65_glyphs/t65_l03g24.png,keywords/65_keywords/t65_l03g24.md,0,
U2-16_0325,typoglyphs/65_glyphs/t65_l03g25.png,keywords/65_keywords/t65_l03g25.md,0,
U2-16_0326,typoglyphs/65_glyphs/t65_l03g26.png,keywords/65_keywords/t65_l03g26.md,0,
U2-16_0327,typoglyphs/65_glyphs/t65_l03g27.png,keywords/65_keywords/t65_l03g27.md,0,
U2-16_0328,typoglyphs/65_glyphs/t65_l03g28.png,keywords/65_keywords/t65_l03g28.md,0,
U2-16_0329,typoglyphs/65_glyphs/t65_l03g29.png,keywords/65_keywords/t65_l03g29.md,0,
U2-16_0330,typoglyphs/65_glyphs/t65_l03g30.png,keywords/65_keywords/t65_l03g30.md,0,
U2-16_0331,typoglyphs/65_glyphs/t65_l03g31.png,keywords/65_keywords/t65_l03g31.md,0,
U2-16_0332,typoglyphs/65_glyphs/t65_l03g32.png,keywords/65_keywords/t65_l03g32.md,0,
U2-16_0333,typoglyphs/65_glyphs/t65_l03g33.png,keywords/65_keywords/t65_l03g33.md,0,
U2-16_0334,typoglyphs/65_glyphs/t65_l03g34.png,keywords/65_keywords/t65_l03g34.md,0,
U2-16_0335,typoglyphs/65_glyphs/t65_l03g35.png,keywords/65_keywords/t65_l03g35.md,0,
U2-16_0336,typoglyphs/65_glyphs/t65_l03g36.png,keywords/65_keywords/t65_l03g36.md,0,
U2-16_0337,typoglyphs/65_glyphs/t65_l03g37.png,keywords/65_keywords/t65_l03g37.md,0,
U2-16_0338,typoglyphs/65_glyphs/t65_l03g38.png,keywords/65_keywords/t65_l03g38.md,0,
U2-16_0339,typoglyphs/65_glyphs/t65_l03g39.png,keywords/65_keywords/t65_l03g39.md,0,
U2-16_0340,typoglyphs/65_glyphs/t65_l03g40.png,keywords/65_keywords/t65_l03g40.md,0,
U2-16_0341,typoglyphs/65_glyphs/t65_l03g41.png,keywords/65_keywords/t65_l03g41.md,0,
U2-16_0342,typoglyphs/65_glyphs/t65_l03g42.png,keywords/65_keywords/t65_l03g42.md,0,
U2-16_0343,typoglyphs/65_glyphs/t65_l03g43.png,keywords/65_keywords/t65_l03g43.md,0,
U2-16_0344,typoglyphs/65_glyphs/t65_l03g44.png,keywords/65_keywords/t65_l03g44.md,0,
U2-16_0345,typoglyphs/65_glyphs/t65_l03g45.png,keywords/65_keywords/t65_l03g45.md,0,
U2-16_0401,typoglyphs/65_glyphs/t65_l04g01.png,keywords/65_keywords/t65_l04g01.md,0,
U2-16_0402,typoglyphs/65_glyphs/t65_l04g02.png,keywords/65_keywords/t65_l04g02.md,0,
U2-16_0403,typoglyphs/65_glyphs/t65_l04g03.png,keywords/65_keywords/t65_l04g03.md,0,
U2-16_0404,typoglyphs/65_glyphs/t65_l04g04.png,keywords/65_keywords/t65_l04g04.md,0,
U2-16_0405,typoglyphs/65_glyphs/t65_l04g05.png,keywords/65_keywords/t65_l04g05.md,0,
U2-16_0406,typoglyphs/65_glyphs/t65_l04g06.png,keywords/65_keywords/t65_l04g06.md,0,
U2-16_0407,typoglyphs/65_glyphs/t65_l04g07.png,keywords/65_keywords/t65_l04g07.md,0,
U2-16_0408,typoglyphs/65_glyphs/t65_l04g08.png,keywords/65_keywords/t65_l04g08.md,0,
U2-16_0409,typoglyphs/65_glyphs/t65_l04g09.png,keywords/65_keywords/t65_l04g09.md,0,
U2-16_0410,typoglyphs/65_glyphs/t65_l04g10.png,keywords/65_keywords/t65_l04g10.md,0,
U2-16_0411,typoglyphs/65_glyphs/t65_l04g11.png,keywords/65_keywords/t65_l04g11.md,0,
U2-16_0412,typoglyphs/65_glyphs/t65_l04g12.png,keywords/65_keywords/t65_l04g12.md,0,
U2-16_0501,typoglyphs/65_glyphs/t65_l05g01.png,keywords/65_keywords/t65_l05g01.md,0,
U2-16_0601,typoglyphs/65_glyphs/t65_l06g01.png,keywords/65_keywords/t65_l06g01.md,0,
U2-16_0602,typoglyphs/65_glyphs/t65_l06g02.png,keywords/65_keywords/t65_l06g02.md,0,
U2-16_0603,typoglyphs/65_glyphs/t65_l06g03.png,keywords/65_keywords/t65_l06g03.md,0,
U2-16_0701,typoglyphs/65_glyphs/t65_l07g01.png,keywords/65_keywords/t65_l07g01.md,0,
U2-17_0101,typoglyphs/66_glyphs/t66_l01g01.png,keywords/66_keywords/t66_l01g01.md,0,
U2-17_0102,typoglyphs/66_glyphs/t66_l01g02.png,keywords/66_keywords/t66_l01g02.md,0,
U2-17_0103,typoglyphs/66_glyphs/t66_l01g03.png,keywords/66_keywords/t66_l01g03.md,0,
U2-17_0104,typoglyphs/66_glyphs/t66_l01g04.png,keywords/66_keywords/t66_l01g04.md,0,
U2-17_0105,typoglyphs/66_glyphs/t66_l01g05.png,keywords/66_keywords/t66_l01g05.md,0,
U2-17_0106,typoglyphs/66_glyphs/t66_l01g06.png,keywords/66_keywords/t66_l01g06.md,0,
U2-17_0107,typoglyphs/66_glyphs/t66_l01g07.png,keywords/66_keywords/t66_l01g07.md,0,
U2-17_0108,typoglyphs/66_glyphs/t66_l01g08.png,keywords/66_keywords/t66_l01g08.md,0,
U2-17_0109,typoglyphs/66_glyphs/t66_l01g09.png,keywords/66_keywords/t66_l01g09.md,0,
U2-17_0110,typoglyphs/66_glyphs/t66_l01g10.png,keywords/66_keywords/t66_l01g10.md,0,
U2-17_0111,typoglyphs/66_glyphs/t66_l01g11.png,keywords/66_keywords/t66_l01g11.md,0,
U2-17_0112,typoglyphs/66_glyphs/t66_l01g12.png,keywords/66_keywords/t66_l01g12.md,0,
U2-17_0113,typoglyphs/66_glyphs/t66_l01g13.png,keywords/66_keywords/t66_l01g13.md,0,
U2-17_0114,typoglyphs/66_glyphs/t66_l01g14.png,keywords/66_keywords/t66_l01g14.md,0,
U2-17_0115,typoglyphs/66_glyphs/t66_l01g15.png,keywords/66_keywords/t66_l01g15.md,0,
U2-17_0116,typoglyphs/66_glyphs/t66_l01g16.png,keywords/66_keywords/t66_l01g16.md,0,
U2-17_0117,typoglyphs/66_glyphs/t66_l01g17.png,keywords/66_keywords/t66_l01g17.md,0,
U2-17_0118,typoglyphs/66_glyphs/t66_l01g18.png,keywords/66_keywords/t66_l01g18.md,0,
U2-17_0119,typoglyphs/66_glyphs/t66_l01g19.png,keywords/66_keywords/t66_l01g19.md,0,
U2-17_0120,typoglyphs/66_glyphs/t66_l01g20.png,keywords/66_keywords/t66_l01g20.md,0,
U2-17_0121,typoglyphs/66_glyphs/t66_l01g21.png,keywords/66_keywords/t66_l01g21.md,0,
U2-17_0122,typoglyphs/66_glyphs/t66_l01g22.png,keywords/66_keywords/t66_l01g22.md,0,
U2-17_0123,typoglyphs/66_glyphs/t66_l01g23.png,keywords/66_keywords/t66_l01g23.md,0,
U2-17_0124,typoglyphs/66_glyphs/t66_l01g24.png,keywords/66_keywords/t66_l01g24.md,0,
U2-17_0125,typoglyphs/66_glyphs/t66_l01g25.png,keywords/66_keywords/t66_l01g25.md,0,
U2-17_0126,typoglyphs/66_glyphs/t66_l01g26.png,keywords/66_keywords/t66_l01g26.md,0,
U2-17_0127,typoglyphs/66_glyphs/t66_l01g27.png,keywords/66_keywords/t66_l01g27.md,0,
U2-17_0201,typoglyphs/66_glyphs/t66_l02g01.png,keywords/66_keywords/t66_l02g01.md,0,
U2-17_0202,typoglyphs/66_glyphs/t66_l02g02.png,keywords/66_keywords/t66_l02g02.md,0,
U2-17_0203,typoglyphs/66_glyphs/t66_l02g03.png,keywords/66_keywords/t66_l02g03.md,0,
U2-17_0204,typoglyphs/66_glyphs/t66_l02g04.png,keywords/66_keywords/t66_l02g04.md,0,
U2-17_0205,typoglyphs/66_glyphs/t66_l02g05.png,keywords/66_keywords/t66_l02g05.md,0,
U2-17_0206,typoglyphs/66_glyphs/t66_l02g06.png,keywords/66_keywords/t66_l02g06.md,0,
U2-17_0207,typoglyphs/66_glyphs/t66_l02g07.png,keywords/66_keywords/t66_l02g07.md,0,
U2-17_0208,typoglyphs/66_glyphs/t66_l02g08.png,keywords/66_keywords/t66_l02g08.md,0,
U2-17_0209,typoglyphs/66_glyphs/t66_l02g09.png,keywords/66_keywords/t66_l02g09.md,0,
U2-17_0210,typoglyphs/66_glyphs/t66_l02g10.png,keywords/66_keywords/t66_l02g10.md,0,
U2-17_0211,typoglyphs/66_glyphs/t66_l02g11.png,keywords/66_keywords/t66_l02g11.md,0,
U2-17_0212,typoglyphs/66_glyphs/t66_l02g12.png,keywords/66_keywords/t66_l02g12.md,0,
U2-17_0213,typoglyphs/66_glyphs/t66_l02g13.png,keywords/66_keywords/t66_l02g13.md,0,
U2-17_0214,typoglyphs/66_glyphs/t66_l02g14.png,keywords/66_keywords/t66_l02g14.md,0,
U2-17_0215,typoglyphs/66_glyphs/t66_l02g15.png,keywords/66_keywords/t66_l02g15.md,0,
U2-17_0216,typoglyphs/66_glyphs/t66_l02g16.png,keywords/66_keywords/t66_l02g16.md,0,
U2-17_0217,typoglyphs/66_glyphs/t66_l02g17.png,keywords/66_keywords/t66_l02g17.md,0,
U2-17_0218,typoglyphs/66_glyphs/t66_l02g18.png,keywords/66_keywords/t66_l02g18.md,0,
U2-17_0219,typoglyphs/66_glyphs/t66_l02g19.png,keywords/66_keywords/t66_l02g19.md,0,
U2-17_0220,typoglyphs/66_glyphs/t66_l02g20.png,keywords/66_keywords/t66_l02g20.md,0,
U2-17_0221,typoglyphs/66_glyphs/t66_l02g21.png,keywords/66_keywords/t66_l02g21.md,0,
U2-17_0222,typoglyphs/66_glyphs/t66_l02g22.png,keywords/66_keywords/t66_l02g22.md,0,
U2-17_0223,typoglyphs/66_glyphs/t66_l02g23.png,keywords/66_keywords/t66_l02g23.md,0,
U2-17_0224,typoglyphs/66_glyphs/t66_l02g24.png,keywords/66_keywords/t66_l02g24.md,0,
U2-17_0225,typoglyphs/66_glyphs/t66_l02g25.png,keywords/66_keywords/t66_l02g25.md,0,
U2-17_0226,typoglyphs/66_glyphs/t66_l02g26.png,keywords/66_keywords/t66_l02g26.md,0,
U2-17_0227,typoglyphs/66_glyphs/t66_l02g27.png,keywords/66_keywords/t66_l02g27.md,0,
U2-17_0228,typoglyphs/66_glyphs/t66_l02g28.png,keywords/66_keywords/t66_l02g28.md,0,
U2-17_0229,typoglyphs/66_glyphs/t66_l02g29.png,keywords/66_keywords/t66_l02g29.md,0,
U2-17_0230,typoglyphs/66_glyphs/t66_l02g30.png,keywords/66_keywords/t66_l02g30.md,0,
U2-17_0231,typoglyphs/66_glyphs/t66_l02g31.png,keywords/66_keywords/t66_l02g31.md,0,
U2-17_0232,typoglyphs/66_glyphs/t66_l02g32.png,keywords/66_keywords/t66_l02g32.md,0,
U2-17_0233,typoglyphs/66_glyphs/t66_l02g33.png,keywords/66_keywords/t66_l02g33.md,0,
U2-17_0234,typoglyphs/66_glyphs/t66_l02g34.png,keywords/66_keywords/t66_l02g34.md,0,
U2-17_0235,typoglyphs/66_glyphs/t66_l02g35.png,keywords/66_keywords/t66_l02g35.md,0,
U2-17_0236,typoglyphs/66_glyphs/t66_l02g36.png,keywords/66_keywords/t66_l02g36.md,0,
U2-17_0237,typoglyphs/66_glyphs/t66_l02g37.png,keywords/66_keywords/t66_l02g37.md,0,
U2-17_0238,typoglyphs/66_glyphs/t66_l02g38.png,keywords/66_keywords/t66_l02g38.md,0,
U2-17_0301,typoglyphs/66_glyphs/t66_l03g01.png,keywords/66_keywords/t66_l03g01.md,0,
U2-17_0302,typoglyphs/66_glyphs/t66_l03g02.png,keywords/66_keywords/t66_l03g02.md,0,
U2-17_0303,typoglyphs/66_glyphs/t66_l03g03.png,keywords/66_keywords/t66_l03g03.md,0,
U2-17_0304,typoglyphs/66_glyphs/t66_l03g04.png,keywords/66_keywords/t66_l03g04.md,0,
U2-17_0305,typoglyphs/66_glyphs/t66_l03g05.png,keywords/66_keywords/t66_l03g05.md,0,
U2-17_0306,typoglyphs/66_glyphs/t66_l03g06.png,keywords/66_keywords/t66_l03g06.md,0,
U2-17_0307,typoglyphs/66_glyphs/t66_l03g07.png,keywords/66_keywords/t66_l03g07.md,0,
U2-17_0308,typoglyphs/66_glyphs/t66_l03g08.png,keywords/66_keywords/t66_l03g08.md,0,
U2-17_0309,typoglyphs/66_glyphs/t66_l03g09.png,keywords/66_keywords/t66_l03g09.md,0,
U2-17_0310,typoglyphs/66_glyphs/t66_l03g10.png,keywords/66_keywords/t66_l03g10.md,0,
U2-17_0311,typoglyphs/66_glyphs/t66_l03g11.png,keywords/66_keywords/t66_l03g11.md,0,
U2-17_0312,typoglyphs/66_glyphs/t66_l03g12.png,keywords/66_keywords/t66_l03g12.md,0,
U2-17_0313,typoglyphs/66_glyphs/t66_l03g13.png,keywords/66_keywords/t66_l03g13.md,0,
U2-17_0314,typoglyphs/66_glyphs/t66_l03g14.png,keywords/66_keywords/t66_l03g14.md,0,
U2-17_0315,typoglyphs/66_glyphs/t66_l03g15.png,keywords/66_keywords/t66_l03g15.md,0,
U2-17_0316,typoglyphs/66_glyphs/t66_l03g16.png,keywords/66_keywords/t66_l03g16.md,0,
U2-17_0317,typoglyphs/66_glyphs/t66_l03g17.png,keywords/66_keywords/t66_l03g17.md,0,
U2-17_0318,typoglyphs/66_glyphs/t66_l03g18.png,keywords/66_keywords/t66_l03g18.md,0,
U2-17_0319,typoglyphs/66_glyphs/t66_l03g19.png,keywords/66_keywords/t66_l03g19.md,0,
U2-17_0320,typoglyphs/66_glyphs/t66_l03g20.png,keywords/66_keywords/t66_l03g20.md,0,
U2-17_0321,typoglyphs/66_glyphs/t66_l03g21.png,keywords/66_keywords/t66_l03g21.md,0,
U2-17_0322,typoglyphs/66_glyphs/t66_l03g22.png,keywords/66_keywords/t66_l03g22.md,0,
U2-17_0323,typoglyphs/66_glyphs/t66_l03g23.png,keywords/66_keywords/t66_l03g23.md,0,
U2-17_0324,typoglyphs/66_glyphs/t66_l03g24.png,keywords/66_keywords/t66_l03g24.md,0,
U2-17_0325,typoglyphs/66_glyphs/t66_l03g25.png,keywords/66_keywords/t66_l03g25.md,0,
U2-17_0326,typoglyphs/66_glyphs/t66_l03g26.png,keywords/66_keywords/t66_l03g26.md,0,
U2-17_0327,typoglyphs/66_glyphs/t66_l03g27.png,keywords/66_keywords/t66_l03g27.md,0,
U2-17_0328,typoglyphs/66_glyphs/t66_l03g28.png,keywords/66_keywords/t66_l03g28.md,0,
U2-17_0329,typoglyphs/66_glyphs/t66_l03g29.png,keywords/66_keywords/t66_l03g29.md,0,
U2-17_0330,typoglyphs/66_glyphs/t66_l03g30.png,keywords/66_keywords/t66_l03g30.md,0,
U2-17_0331,typoglyphs/66_glyphs/t66_l03g31.png,keywords/66_keywords/t66_l03g31.md,0,
U2-17_0332,typoglyphs/66_glyphs/t66_l03g32.png,keywords/66_keywords/t66_l03g32.md,0,
U2-17_0333,typoglyphs/66_glyphs/t66_l03g33.png,keywords/66_keywords/t66_l03g33.md,0,
U2-17_0334,typoglyphs/66_glyphs/t66_l03g34.png,keywords/66_keywords/t66_l03g34.md,0,
U2-17_0335,typoglyphs/66_glyphs/t66_l03g35.png,keywords/66_keywords/t66_l03g35.md,0,
U2-17_0336,typoglyphs/66_glyphs/t66_l03g36.png,keywords/66_keywords/t66_l03g36.md,0,
U2-17_0401,typoglyphs/66_glyphs/t66_l04g01.png,keywords/66_keywords/t66_l04g01.md,0,
U2-17_0402,typoglyphs/66_glyphs/t66_l04g02.png,keywords/66_keywords/t66_l04g02.md,0,
U2-17_0403,typoglyphs/66_glyphs/t66_l04g03.png,keywords/66_keywords/t66_l04g03.md,0,
U2-17_0404,typoglyphs/66_glyphs/t66_l04g04.png,keywords/66_keywords/t66_l04g04.md,0,
U2-17_0405,typoglyphs/66_glyphs/t66_l04g05.png,keywords/66_keywords/t66_l04g05.md,0,
U2-17_0406,typoglyphs/66_glyphs/t66_l04g06.png,keywords/66_keywords/t66_l04g06.md,0,
U2-17_0407,typoglyphs/66_glyphs/t66_l04g07.png,keywords/66_keywords/t66_l04g07.md,0,
U2-17_0408,typoglyphs/66_glyphs/t66_l04g08.png,keywords/66_keywords/t66_l04g08.md,0,
U2-17_0409,typoglyphs/66_glyphs/t66_l04g09.png,keywords/66_keywords/t66_l04g09.md,0,
U2-17_0410,typoglyphs/66_glyphs/t66_l04g10.png,keywords/66_keywords/t66_l04g10.md,1,descriptions/66_descriptions/t66_l04g10.md
U2-17_0411,typoglyphs/66_glyphs/t66_l04g11.png,keywords/66_keywords/t66_l04g11.md,0,
U2-17_0412,typoglyphs/66_glyphs/t66_l04g12.png,keywords/66_keywords/t66_l04g12.md,0,
U2-17_0413,typoglyphs/66_glyphs/t66_l04g13.png,keywords/66_keywords/t66_l04g13.md,0,
U2-17_0414,typoglyphs/66_glyphs/t66_l04g14.png,keywords/66_keywords/t66_l04g14.md,0,
U2-17_0415,typoglyphs/66_glyphs/t66_l04g15.png,keywords/66_keywords/t66_l04g15.md,0,
U2-17_0416,typoglyphs/66_glyphs/t66_l04g16.png,keywords/66_keywords/t66_l04g16.md,0,
U2-17_0417,typoglyphs/66_glyphs/t66_l04g17.png,keywords/66_keywords/t66_l04g17.md,0,
U2-17_0418,typoglyphs/66_glyphs/t66_l04g18.png,keywords/66_keywords/t66_l04g18.md,0,
U2-17_0419,typoglyphs/66_glyphs/t66_l04g19.png,keywords/66_keywords/t66_l04g19.md,0,
U2-17_0420,typoglyphs/66_glyphs/t66_l04g20.png,keywords/66_keywords/t66_l04g20.md,0,
U2-17_0421,typoglyphs/66_glyphs/t66_l04g21.png,keywords/66_keywords/t66_l04g21.md,0,
U2-17_0422,typoglyphs/66_glyphs/t66_l04g22.png,keywords/66_keywords/t66_l04g22.md,0,
U2-17_0423,typoglyphs/66_glyphs/t66_l04g23.png,keywords/66_keywords/t66_l04g23.md,0,
U2-17_0424,typoglyphs/66_glyphs/t66_l04g24.png,keywords/66_keywords/t66_l04g24.md,0,
U2-17_0425,typoglyphs/66_glyphs/t66_l04g25.png,keywords/66_keywords/t66_l04g25.md,0,
U2-17_0426,typoglyphs/66_glyphs/t66_l04g26.png,keywords/66_keywords/t66_l04g26.md,0,
U2-17_0427,typoglyphs/66_glyphs/t66_l04g27.png,keywords/66_keywords/t66_l04g27.md,0,
U2-17_0428,typoglyphs/66_glyphs/t66_l04g28.png,keywords/66_keywords/t66_l04g28.md,0,
U2-18_0101,typoglyphs/67_glyphs/t67_l01g01.png,keywords/67_keywords/t67_l01g01.md,0,
U2-18_0102,typoglyphs/67_glyphs/t67_l01g02.png,keywords/67_keywords/t67_l01g02.md,0,
U2-18_0103,typoglyphs/67_glyphs/t67_l01g03.png,keywords/67_keywords/t67_l01g03.md,0,
U2-18_0104,typoglyphs/67_glyphs/t67_l01g04.png,keywords/67_keywords/t67_l01g04.md,0,
U2-18_0105,typoglyphs/67_glyphs/t67_l01g05.png,keywords/67_keywords/t67_l01g05.md,0,
U2-18_0106,typoglyphs/67_glyphs/t67_l01g06.png,keywords/67_keywords/t67_l01g06.md,0,
U2-18_0107,typoglyphs/67_glyphs/t67_l01g07.png,keywords/67_keywords/t67_l01g07.md,0,
U2-18_0108,typoglyphs/67_glyphs/t67_l01g08.png,keywords/67_keywords/t67_l01g08.md,0,
U2-18_0109,typoglyphs/67_glyphs/t67_l01g09.png,keywords/67_keywords/t67_l01g09.md,0,
U2-18_0110,typoglyphs/67_glyphs/t67_l01g10.png,keywords/67_keywords/t67_l01g10.md,0,
U2-18_0111,typoglyphs/67_glyphs/t67_l01g11.png,keywords/67_keywords/t67_l01g11.md,0,
U2-18_0112,typoglyphs/67_glyphs/t67_l01g12.png,keywords/67_keywords/t67_l01g12.md,0,
U2-18_0113,typoglyphs/67_glyphs/t67_l01g13.png,keywords/67_keywords/t67_l01g13.md,0,
U2-18_0114,typoglyphs/67_glyphs/t67_l01g14.png,keywords/67_keywords/t67_l01g14.md,0,
U2-18_0115,typoglyphs/67_glyphs/t67_l01g15.png,keywords/67_keywords/t67_l01g15.md,0,
U2-18_0116,typoglyphs/67_glyphs/t67_l01g16.png,keywords/67_keywords/t67_l01g16.md,0,
U2-18_0117,typoglyphs/67_glyphs/t67_l01g17.png,keywords/67_keywords/t67_l01g17.md,0,
U2-18_0118,typoglyphs/67_glyphs/t67_l01g18.png,keywords/67_keywords/t67_l01g18.md,0,
U2-18_0119,typoglyphs/67_glyphs/t67_l01g19.png,keywords/67_keywords/t67_l01g19.md,0,
U2-18_0120,typoglyphs/67_glyphs/t67_l01g20.png,keywords/67_keywords/t67_l01g20.md,0,
U2-18_0121,typoglyphs/67_glyphs/t67_l01g21.png,keywords/67_keywords/t67_l01g21.md,0,
U2-18_0122,typoglyphs/67_glyphs/t67_l01g22.png,keywords/67_keywords/t67_l01g22.md,0,
U2-18_0123,typoglyphs/67_glyphs/t67_l01g23.png,keywords/67_keywords/t67_l01g23.md,0,
U2-18_0124,typoglyphs/67_glyphs/t67_l01g24.png,keywords/67_keywords/t67_l01g24.md,0,
U2-18_0125,typoglyphs/67_glyphs/t67_l01g25.png,keywords/67_keywords/t67_l01g25.md,0,
U2-18_0201,typoglyphs/67_glyphs/t67_l02g01.png,keywords/67_keywords/t67_l02g01.md,0,
U2-18_0202,typoglyphs/67_glyphs/t67_l02g02.png,keywords/67_keywords/t67_l02g02.md,0,
U2-18_0203,typoglyphs/67_glyphs/t67_l02g03.png,keywords/67_keywords/t67_l02g03.md,0,
U2-18_0204,typoglyphs/67_glyphs/t67_l02g04.png,keywords/67_keywords/t67_l02g04.md,0,
U2-18_0205,typoglyphs/67_glyphs/t67_l02g05.png,keywords/67_keywords/t67_l02g05.md,0,
U2-18_0206,typoglyphs/67_glyphs/t67_l02g06.png,keywords/67_keywords/t67_l02g06.md,0,
U2-18_0207,typoglyphs/67_glyphs/t67_l02g07.png,keywords/67_keywords/t67_l02g07.md,0,
U2-18_0208,typoglyphs/67_glyphs/t67_l02g08.png,keywords/67_keywords/t67_l02g08.md,0,
U2-18_0209,typoglyphs/67_glyphs/t67_l02g09.png,keywords/67_keywords/t67_l02g09.md,0,
U2-18_0210,typoglyphs/67_glyphs/t67_l02g10.png,keywords/67_keywords/t67_l02g10.md,0,
U2-18_0211,typoglyphs/67_glyphs/t67_l02g11.png,keywords/67_keywords/t67_l02g11.md,0,
U2-18_0212,typoglyphs/67_glyphs/t67_l02g12.png,keywords/67_keywords/t67_l02g12.md,0,
U2-18_0213,typoglyphs/67_glyphs/t67_l02g13.png,keywords/67_keywords/t67_l02g13.md,0,
U2-18_0214,typoglyphs/67_glyphs/t67_l02g14.png,keywords/67_keywords/t67_l02g14.md,0,
U2-18_0215,typoglyphs/67_glyphs/t67_l02g15.png,keywords/67_keywords/t67_l02g15.md,0,
U2-18_0216,typoglyphs/67_glyphs/t67_l02g16.png,keywords/67_keywords/t67_l02g16.md,0,
U2-18_0217,typoglyphs/67_glyphs/t67_l02g17.png,keywords/67_keywords/t67_l02g17.md,0,
U2-18_0218,typoglyphs/67_glyphs/t67_l02g18.png,keywords/67_keywords/t67_l02g18.md,0,
U2-18_0219,typoglyphs/67_glyphs/t67_l02g19.png,keywords/67_keywords/t67_l02g19.md,0,
U2-18_0220,typoglyphs/67_glyphs/t67_l02g20.png,keywords/67_keywords/t67_l02g20.md,0,
U2-18_0221,typoglyphs/67_glyphs/t67_l02g21.png,keywords/67_keywords/t67_l02g21.md,0,
U2-18_0222,typoglyphs/67_glyphs/t67_l02g22.png,keywords/67_keywords/t67_l02g22.md,0,
U2-18_0223,typoglyphs/67_glyphs/t67_l02g23.png,keywords/67_keywords/t67_l02g23.md,0,
U2-18_0224,typoglyphs/67_glyphs/t67_l02g24.png,keywords/67_keywords/t67_l02g24.md,0,
U2-18_0225,typoglyphs/67_glyphs/t67_l02g25.png,keywords/67_keywords/t67_l02g25.md,0,
U2-18_0226,typoglyphs/67_glyphs/t67_l02g26.png,keywords/67_keywords/t67_l02g26.md,0,
U2-18_0227,typoglyphs/67_glyphs/t67_l02g27.png,keywords/67_keywords/t67_l02g27.md,0,
U2-18_0228,typoglyphs/67_glyphs/t67_l02g28.png,keywords/67_keywords/t67_l02g28.md,0,
U2-18_0229,typoglyphs/67_glyphs/t67_l02g29.png,keywords/67_keywords/t67_l02g29.md,0,
U2-18_0230,typoglyphs/67_glyphs/t67_l02g30.png,keywords/67_keywords/t67_l02g30.md,0,
U2-18_0231,typoglyphs/67_glyphs/t67_l02g31.png,keywords/67_keywords/t67_l02g31.md,0,
U2-18_0232,typoglyphs/67_glyphs/t67_l02g32.png,keywords/67_keywords/t67_l02g32.md,0,
U2-18_0233,typoglyphs/67_glyphs/t67_l02g33.png,keywords/67_keywords/t67_l02g33.md,0,
U2-18_0234,typoglyphs/67_glyphs/t67_l02g34.png,keywords/67_keywords/t67_l02g34.md,0,
U2-18_0235,typoglyphs/67_glyphs/t67_l02g35.png,keywords/67_keywords/t67_l02g35.md,0,
U2-18_0236,typoglyphs/67_glyphs/t67_l02g36.png,keywords/67_keywords/t67_l02g36.md,0,
U2-18_0237,typoglyphs/67_glyphs/t67_l02g37.png,keywords/67_keywords/t67_l02g37.md,0,
U2-18_0238,typoglyphs/67_glyphs/t67_l02g38.png,keywords/67_keywords/t67_l02g38.md,0,
U2-18_0239,typoglyphs/67_glyphs/t67_l02g39.png,keywords/67_keywords/t67_l02g39.md,0,
U2-18_0240,typoglyphs/67_glyphs/t67_l02g40.png,keywords/67_keywords/t67_l02g40.md,1,descriptions/67_descriptions/t67_l02g40.md
U2-18_0241,typoglyphs/67_glyphs/t67_l02g41.png,keywords/67_keywords/t67_l02g41.md,0,
U2-18_0242,typoglyphs/67_glyphs/t67_l02g42.png,keywords/67_keywords/t67_l02g42.md,0,
U2-18_0243,typoglyphs/67_glyphs/t67_l02g43.png,keywords/67_keywords/t67_l02g43.md,0,
U2-18_0301,typoglyphs/67_glyphs/t67_l03g01.png,keywords/67_keywords/t67_l03g01.md,0,
U2-18_0302,typoglyphs/67_glyphs/t67_l03g02.png,keywords/67_keywords/t67_l03g02.md,0,
U2-18_0303,typoglyphs/67_glyphs/t67_l03g03.png,keywords/67_keywords/t67_l03g03.md,0,
U2-18_0304,typoglyphs/67_glyphs/t67_l03g04.png,keywords/67_keywords/t67_l03g04.md,0,
U2-18_0305,typoglyphs/67_glyphs/t67_l03g05.png,keywords/67_keywords/t67_l03g05.md,0,
U2-18_0306,typoglyphs/67_glyphs/t67_l03g06.png,keywords/67_keywords/t67_l03g06.md,0,
U2-18_0401,typoglyphs/67_glyphs/t67_l04g01.png,keywords/67_keywords/t67_l04g01.md,0,
U2-18_0402,typoglyphs/67_glyphs/t67_l04g02.png,keywords/67_keywords/t67_l04g02.md,0,
U2-18_0403,typoglyphs/67_glyphs/t67_l04g03.png,keywords/67_keywords/t67_l04g03.md,0,
U2-18_0404,typoglyphs/67_glyphs/t67_l04g04.png,keywords/67_keywords/t67_l04g04.md,0,
U2-18_0405,typoglyphs/67_glyphs/t67_l04g05.png,keywords/67_keywords/t67_l04g05.md,0,
U2-18_0406,typoglyphs/67_glyphs/t67_l04g06.png,keywords/67_keywords/t67_l04g06.md,0,
U2-18_0407,typoglyphs/67_glyphs/t67_l04g07.png,keywords/67_keywords/t67_l04g07.md,0,
U2-18_0408,typoglyphs/67_glyphs/t67_l04g08.png,keywords/67_keywords/t67_l04g08.md,0,
U2-18_0409,typoglyphs/67_glyphs/t67_l04g09.png,keywords/67_keywords/t67_l04g09.md,0,
U2-18_0410,typoglyphs/67_glyphs/t67_l04g10.png,keywords/67_keywords/t67_l04g10.md,0,
U2-19_0101,typoglyphs/68_glyphs/t68_l01g01.png,keywords/68_keywords/t68_l01g01.md,0,
U2-19_0102,typoglyphs/68_glyphs/t68_l01g02.png,keywords/68_keywords/t68_l01g02.md,0,
U2-19_0103,typoglyphs/68_glyphs/t68_l01g03.png,keywords/68_keywords/t68_l01g03.md,0,
U2-19_0104,typoglyphs/68_glyphs/t68_l01g04.png,keywords/68_keywords/t68_l01g04.md,0,
U2-19_0105,typoglyphs/68_glyphs/t68_l01g05.png,keywords/68_keywords/t68_l01g05.md,0,
U2-19_0106,typoglyphs/68_glyphs/t68_l01g06.png,keywords/68_keywords/t68_l01g06.md,0,
U2-19_0107,typoglyphs/68_glyphs/t68_l01g07.png,keywords/68_keywords/t68_l01g07.md,0,
U2-19_0108,typoglyphs/68_glyphs/t68_l01g08.png,keywords/68_keywords/t68_l01g08.md,0,
U2-19_0109,typoglyphs/68_glyphs/t68_l01g09.png,keywords/68_keywords/t68_l01g09.md,0,
U2-19_0110,typoglyphs/68_glyphs/t68_l01g10.png,keywords/68_keywords/t68_l01g10.md,0,
U2-19_0111,typoglyphs/68_glyphs/t68_l01g11.png,keywords/68_keywords/t68_l01g11.md,0,
U2-19_0112,typoglyphs/68_glyphs/t68_l01g12.png,keywords/68_keywords/t68_l01g12.md,0,
U2-19_0113,typoglyphs/68_glyphs/t68_l01g13.png,keywords/68_keywords/t68_l01g13.md,0,
U2-19_0114,typoglyphs/68_glyphs/t68_l01g14.png,keywords/68_keywords/t68_l01g14.md,0,
U2-19_0115,typoglyphs/68_glyphs/t68_l01g15.png,keywords/68_keywords/t68_l01g15.md,0,
U2-19_0116,typoglyphs/68_glyphs/t68_l01g16.png,keywords/68_keywords/t68_l01g16.md,0,
U2-19_0117,typoglyphs/68_glyphs/t68_l01g17.png,keywords/68_keywords/t68_l01g17.md,0,
U2-19_0118,typoglyphs/68_glyphs/t68_l01g18.png,keywords/68_keywords/t68_l01g18.md,0,
U2-19_0119,typoglyphs/68_glyphs/t68_l01g19.png,keywords/68_keywords/t68_l01g19.md,0,
U2-19_0120,typoglyphs/68_glyphs/t68_l01g20.png,keywords/68_keywords/t68_l01g20.md,0,
U2-19_0121,typoglyphs/68_glyphs/t68_l01g21.png,keywords/68_keywords/t68_l01g21.md,0,
U2-19_0122,typoglyphs/68_glyphs/t68_l01g22.png,keywords/68_keywords/t68_l01g22.md,0,
U2-19_0123,typoglyphs/68_glyphs/t68_l01g23.png,keywords/68_keywords/t68_l01g23.md,0,
U2-19_0124,typoglyphs/68_glyphs/t68_l01g24.png,keywords/68_keywords/t68_l01g24.md,0,
U2-19_0125,typoglyphs/68_glyphs/t68_l01g25.png,keywords/68_keywords/t68_l01g25.md,0,
U2-19_0201,typoglyphs/68_glyphs/t68_l02g01.png,keywords/68_keywords/t68_l02g01.md,0,
U2-19_0202,typoglyphs/68_glyphs/t68_l02g02.png,keywords/68_keywords/t68_l02g02.md,0,
U2-19_0203,typoglyphs/68_glyphs/t68_l02g03.png,keywords/68_keywords/t68_l02g03.md,0,
U2-19_0204,typoglyphs/68_glyphs/t68_l02g04.png,keywords/68_keywords/t68_l02g04.md,0,
U2-19_0205,typoglyphs/68_glyphs/t68_l02g05.png,keywords/68_keywords/t68_l02g05.md,0,
U2-19_0206,typoglyphs/68_glyphs/t68_l02g06.png,keywords/68_keywords/t68_l02g06.md,0,
U2-19_0207,typoglyphs/68_glyphs/t68_l02g07.png,keywords/68_keywords/t68_l02g07.md,0,
U2-19_0208,typoglyphs/68_glyphs/t68_l02g08.png,keywords/68_keywords/t68_l02g08.md,0,
U2-19_0209,typoglyphs/68_glyphs/t68_l02g09.png,keywords/68_keywords/t68_l02g09.md,0,
U2-19_0210,typoglyphs/68_glyphs/t68_l02g10.png,keywords/68_keywords/t68_l02g10.md,0,
U2-19_0211,typoglyphs/68_glyphs/t68_l02g11.png,keywords/68_keywords/t68_l02g11.md,0,
U2-19_0212,typoglyphs/68_glyphs/t68_l02g12.png,keywords/68_keywords/t68_l02g12.md,0,
U2-19_0213,typoglyphs/68_glyphs/t68_l02g13.png,keywords/68_keywords/t68_l02g13.md,0,
U2-19_0214,typoglyphs/68_glyphs/t68_l02g14.png,keywords/68_keywords/t68_l02g14.md,0,
U2-19_0215,typoglyphs/68_glyphs/t68_l02g15.png,keywords/68_keywords/t68_l02g15.md,0,
U2-19_0216,typoglyphs/68_glyphs/t68_l02g16.png,keywords/68_keywords/t68_l02g16.md,0,
U2-19_0217,typoglyphs/68_glyphs/t68_l02g17.png,keywords/68_keywords/t68_l02g17.md,0,
U2-19_0218,typoglyphs/68_glyphs/t68_l02g18.png,keywords/68_keywords/t68_l02g18.md,0,
U2-19_0219,typoglyphs/68_glyphs/t68_l02g19.png,keywords/68_keywords/t68_l02g19.md,0,
U2-19_0220,typoglyphs/68_glyphs/t68_l02g20.png,keywords/68_keywords/t68_l02g20.md,0,
U2-19_0221,typoglyphs/68_glyphs/t68_l02g21.png,keywords/68_keywords/t68_l02g21.md,0,
U2-19_0222,typoglyphs/68_glyphs/t68_l02g22.png,keywords/68_keywords/t68_l02g22.md,0,
U2-19_0223,typoglyphs/68_glyphs/t68_l02g23.png,keywords/68_keywords/t68_l02g23.md,0,
U2-19_0224,typoglyphs/68_glyphs/t68_l02g24.png,keywords/68_keywords/t68_l02g24.md,0,
U2-19_0225,typoglyphs/68_glyphs/t68_l02g25.png,keywords/68_keywords/t68_l02g25.md,0,
U2-19_0226,typoglyphs/68_glyphs/t68_l02g26.png,keywords/68_keywords/t68_l02g26.md,0,
U2-19_0227,typoglyphs/68_glyphs/t68_l02g27.png,keywords/68_keywords/t68_l02g27.md,0,
U2-19_0228,typoglyphs/68_glyphs/t68_l02g28.png,keywords/68_keywords/t68_l02g28.md,0,
U2-19_0229,typoglyphs/68_glyphs/t68_l02g29.png,keywords/68_keywords/t68_l02g29.md,0,
U2-19_0230,typoglyphs/68_glyphs/t68_l02g30.png,keywords/68_keywords/t68_l02g30.md,0,
U2-19_0231,typoglyphs/68_glyphs/t68_l02g31.png,keywords/68_keywords/t68_l02g31.md,0,
U2-19_0232,typoglyphs/68_glyphs/t68_l02g32.png,keywords/68_keywords/t68_l02g32.md,0,
U2-19_0233,typoglyphs/68_glyphs/t68_l02g33.png,keywords/68_keywords/t68_l02g33.md,0,
U2-19_0234,typoglyphs/68_glyphs/t68_l02g34.png,keywords/68_keywords/t68_l02g34.md,0,
U2-19_0235,typoglyphs/68_glyphs/t68_l02g35.png,keywords/68_keywords/t68_l02g35.md,0,
U2-19_0236,typoglyphs/68_glyphs/t68_l02g36.png,keywords/68_keywords/t68_l02g36.md,0,
U2-19_0237,typoglyphs/68_glyphs/t68_l02g37.png,keywords/68_keywords/t68_l02g37.md,0,
U2-19_0238,typoglyphs/68_glyphs/t68_l02g38.png,keywords/68_keywords/t68_l02g38.md,0,
U2-19_0239,typoglyphs/68_glyphs/t68_l02g39.png,keywords/68_keywords/t68_l02g39.md,0,
U2-19_0240,typoglyphs/68_glyphs/t68_l02g40.png,keywords/68_keywords/t68_l02g40.md,0,
U2-19_0241,typoglyphs/68_glyphs/t68_l02g41.png,keywords/68_keywords/t68_l02g41.md,0,
U2-19_0242,typoglyphs/68_glyphs/t68_l02g42.png,keywords/68_keywords/t68_l02g42.md,0,
U2-19_0243,typoglyphs/68_glyphs/t68_l02g43.png,keywords/68_keywords/t68_l02g43.md,0,
U2-19_0301,typoglyphs/68_glyphs/t68_l03g01.png,keywords/68_keywords/t68_l03g01.md,0,
U2-19_0302,typoglyphs/68_glyphs/t68_l03g02.png,keywords/68_keywords/t68_l03g02.md,0,
U2-19_0303,typoglyphs/68_glyphs/t68_l03g03.png,keywords/68_keywords/t68_l03g03.md,0,
U2-19_0304,typoglyphs/68_glyphs/t68_l03g04.png,keywords/68_keywords/t68_l03g04.md,0,
U2-19_0305,typoglyphs/68_glyphs/t68_l03g05.png,keywords/68_keywords/t68_l03g05.md,0,
U2-19_0306,typoglyphs/68_glyphs/t68_l03g06.png,keywords/68_keywords/t68_l03g06.md,0,
U2-19_0307,typoglyphs/68_glyphs/t68_l03g07.png,keywords/68_keywords/t68_l03g07.md,0,
U2-19_0308,typoglyphs/68_glyphs/t68_l03g08.png,keywords/68_keywords/t68_l03g08.md,0,
U2-19_0309,typoglyphs/68_glyphs/t68_l03g09.png,keywords/68_keywords/t68_l03g09.md,0,
U2-19_0310,typoglyphs/68_glyphs/t68_l03g10.png,keywords/68_keywords/t68_l03g10.md,0,
U2-19_0311,typoglyphs/68_glyphs/t68_l03g11.png,keywords/68_keywords/t68_l03g11.md,0,
U2-19_0312,typoglyphs/68_glyphs/t68_l03g12.png,keywords/68_keywords/t68_l03g12.md,0,
U2-19_0313,typoglyphs/68_glyphs/t68_l03g13.png,keywords/68_keywords/t68_l03g13.md,0,
U2-19_0314,typoglyphs/68_glyphs/t68_l03g14.png,keywords/68_keywords/t68_l03g14.md,0,
U2-19_0315,typoglyphs/68_glyphs/t68_l03g15.png,keywords/68_keywords/t68_l03g15.md,0,
U2-19_0316,typoglyphs/68_glyphs/t68_l03g16.png,keywords/68_keywords/t68_l03g16.md,1,descriptions/68_descriptions/t68_l03g16.md
U2-19_0317,typoglyphs/68_glyphs/t68_l03g17.png,keywords/68_keywords/t68_l03g17.md,0,
U2-19_0318,typoglyphs/68_glyphs/t68_l03g18.png,keywords/68_keywords/t68_l03g18.md,0,
U2-19_0319,typoglyphs/68_glyphs/t68_l03g19.png,keywords/68_keywords/t68_l03g19.md,0,
U2-19_0320,typoglyphs/68_glyphs/t68_l03g20.png,keywords/68_keywords/t68_l03g20.md,0,
U2-19_0321,typoglyphs/68_glyphs/t68_l03g21.png,keywords/68_keywords/t68_l03g21.md,0,
U2-19_0322,typoglyphs/68_glyphs/t68_l03g22.png,keywords/68_keywords/t68_l03g22.md,0,
U2-19_0323,typoglyphs/68_glyphs/t68_l03g23.png,keywords/68_keywords/t68_l03g23.md,0,
U2-19_0324,typoglyphs/68_glyphs/t68_l03g24.png,keywords/68_keywords/t68_l03g24.md,0,
U2-19_0325,typoglyphs/68_glyphs/t68_l03g25.png,keywords/68_keywords/t68_l03g25.md,0,
U2-19_0326,typoglyphs/68_glyphs/t68_l03g26.png,keywords/68_keywords/t68_l03g26.md,0,
U2-19_0327,typoglyphs/68_glyphs/t68_l03g27.png,keywords/68_keywords/t68_l03g27.md,0,
U2-19_0328,typoglyphs/68_glyphs/t68_l03g28.png,keywords/68_keywords/t68_l03g28.md,0,
U2-19_0329,typoglyphs/68_glyphs/t68_l03g29.png,keywords/68_keywords/t68_l03g29.md,0,
U2-19_0330,typoglyphs/68_glyphs/t68_l03g30.png,keywords/68_keywords/t68_l03g30.md,0,
U2-19_0331,typoglyphs/68_glyphs/t68_l03g31.png,keywords/68_keywords/t68_l03g31.md,0,
U2-19_0332,typoglyphs/68_glyphs/t68_l03g32.png,keywords/68_keywords/t68_l03g32.md,0,
U2-19_0333,typoglyphs/68_glyphs/t68_l03g33.png,keywords/68_keywords/t68_l03g33.md,0,
U2-19_0334,typoglyphs/68_glyphs/t68_l03g34.png,keywords/68_keywords/t68_l03g34.md,0,
U2-19_0335,typoglyphs/68_glyphs/t68_l03g35.png,keywords/68_keywords/t68_l03g35.md,0,
U2-19_0336,typoglyphs/68_glyphs/t68_l03g36.png,keywords/68_keywords/t68_l03g36.md,0,
U2-19_0337,typoglyphs/68_glyphs/t68_l03g37.png,keywords/68_keywords/t68_l03g37.md,0,
U2-19_0401,typoglyphs/68_glyphs/t68_l04g01.png,keywords/68_keywords/t68_l04g01.md,0,
U2-19_0402,typoglyphs/68_glyphs/t68_l04g02.png,keywords/68_keywords/t68_l04g02.md,0,
U2-19_0403,typoglyphs/68_glyphs/t68_l04g03.png,keywords/68_keywords/t68_l04g03.md,0,
U2-19_0404,typoglyphs/68_glyphs/t68_l04g04.png,keywords/68_keywords/t68_l04g04.md,0,
U2-19_0405,typoglyphs/68_glyphs/t68_l04g05.png,keywords/68_keywords/t68_l04g05.md,0,
U2-19_0406,typoglyphs/68_glyphs/t68_l04g06.png,keywords/68_keywords/t68_l04g06.md,0,
U2-19_0407,typoglyphs/68_glyphs/t68_l04g07.png,keywords/68_keywords/t68_l04g07.md,0,
U2-19_0408,typoglyphs/68_glyphs/t68_l04g08.png,keywords/68_keywords/t68_l04g08.md,0,
U2-19_0409,typoglyphs/68_glyphs/t68_l04g09.png,keywords/68_keywords/t68_l04g09.md,0,
U2-19_0410,typoglyphs/68_glyphs/t68_l04g10.png,keywords/68_keywords/t68_l04g10.md,0,
U2-20_0101,typoglyphs/69_glyphs/t69_l01g01.png,keywords/69_keywords/t69_l01g01.md,0,
U2-20_0102,typoglyphs/69_glyphs/t69_l01g02.png,keywords/69_keywords/t69_l01g02.md,0,
U2-20_0103,typoglyphs/69_glyphs/t69_l01g03.png,keywords/69_keywords/t69_l01g03.md,0,
U2-20_0104,typoglyphs/69_glyphs/t69_l01g04.png,keywords/69_keywords/t69_l01g04.md,0,
U2-20_0105,typoglyphs/69_glyphs/t69_l01g05.png,keywords/69_keywords/t69_l01g05.md,0,
U2-20_0106,typoglyphs/69_glyphs/t69_l01g06.png,keywords/69_keywords/t69_l01g06.md,0,
U2-20_0107,typoglyphs/69_glyphs/t69_l01g07.png,keywords/69_keywords/t69_l01g07.md,0,
U2-20_0108,typoglyphs/69_glyphs/t69_l01g08.png,keywords/69_keywords/t69_l01g08.md,0,
U2-20_0109,typoglyphs/69_glyphs/t69_l01g09.png,keywords/69_keywords/t69_l01g09.md,0,
U2-20_0110,typoglyphs/69_glyphs/t69_l01g10.png,keywords/69_keywords/t69_l01g10.md,0,
U2-20_0111,typoglyphs/69_glyphs/t69_l01g11.png,keywords/69_keywords/t69_l01g11.md,0,
U2-20_0112,typoglyphs/69_glyphs/t69_l01g12.png,keywords/69_keywords/t69_l01g12.md,0,
U2-20_0113,typoglyphs/69_glyphs/t69_l01g13.png,keywords/69_keywords/t69_l01g13.md,0,
U2-20_0114,typoglyphs/69_glyphs/t69_l01g14.png,keywords/69_keywords/t69_l01g14.md,0,
U2-20_0115,typoglyphs/69_glyphs/t69_l01g15.png,keywords/69_keywords/t69_l01g15.md,0,
U2-20_0116,typoglyphs/69_glyphs/t69_l01g16.png,keywords/69_keywords/t69_l01g16.md,0,
U2-20_0117,typoglyphs/69_glyphs/t69_l01g17.png,keywords/69_keywords/t69_l01g17.md,0,
U2-20_0118,typoglyphs/69_glyphs/t69_l01g18.png,keywords/69_keywords/t69_l01g18.md,0,
U2-20_0119,typoglyphs/69_glyphs/t69_l01g19.png,keywords/69_keywords/t69_l01g19.md,0,
U2-20_0120,typoglyphs/69_glyphs/t69_l01g20.png,keywords/69_keywords/t69_l01g20.md,0,
U2-20_0121,typoglyphs/69_glyphs/t69_l01g21.png,keywords/69_keywords/t69_l01g21.md,0,
U2-20_0122,typoglyphs/69_glyphs/t69_l01g22.png,keywords/69_keywords/t69_l01g22.md,0,
U2-20_0123,typoglyphs/69_glyphs/t69_l01g23.png,keywords/69_keywords/t69_l01g23.md,0,
U2-20_0124,typoglyphs/69_glyphs/t69_l01g24.png,keywords/69_keywords/t69_l01g24.md,0,
U2-20_0125,typoglyphs/69_glyphs/t69_l01g25.png,keywords/69_keywords/t69_l01g25.md,0,
U2-20_0126,typoglyphs/69_glyphs/t69_l01g26.png,keywords/69_keywords/t69_l01g26.md,0,
U2-20_0201,typoglyphs/69_glyphs/t69_l02g01.png,keywords/69_keywords/t69_l02g01.md,0,
U2-20_0202,typoglyphs/69_glyphs/t69_l02g02.png,keywords/69_keywords/t69_l02g02.md,0,
U2-20_0203,typoglyphs/69_glyphs/t69_l02g03.png,keywords/69_keywords/t69_l02g03.md,0,
U2-20_0204,typoglyphs/69_glyphs/t69_l02g04.png,keywords/69_keywords/t69_l02g04.md,0,
U2-20_0205,typoglyphs/69_glyphs/t69_l02g05.png,keywords/69_keywords/t69_l02g05.md,0,
U2-20_0206,typoglyphs/69_glyphs/t69_l02g06.png,keywords/69_keywords/t69_l02g06.md,0,
U2-20_0207,typoglyphs/69_glyphs/t69_l02g07.png,keywords/69_keywords/t69_l02g07.md,0,
U2-20_0208,typoglyphs/69_glyphs/t69_l02g08.png,keywords/69_keywords/t69_l02g08.md,0,
U2-20_0209,typoglyphs/69_glyphs/t69_l02g09.png,keywords/69_keywords/t69_l02g09.md,0,
U2-20_0210,typoglyphs/69_glyphs/t69_l02g10.png,keywords/69_keywords/t69_l02g10.md,0,
U2-20_0211,typoglyphs/69_glyphs/t69_l02g11.png,keywords/69_keywords/t69_l02g11.md,0,
U2-20_0212,typoglyphs/69_glyphs/t69_l02g12.png,keywords/69_keywords/t69_l02g12.md,0,
U2-20_0213,typoglyphs/69_glyphs/t69_l02g13.png,keywords/69_keywords/t69_l02g13.md,0,
U2-20_0214,typoglyphs/69_glyphs/t69_l02g14.png,keywords/69_keywords/t69_l02g14.md,0,
U2-20_0215,typoglyphs/69_glyphs/t69_l02g15.png,keywords/69_keywords/t69_l02g15.md,0,
U2-20_0216,typoglyphs/69_glyphs/t69_l02g16.png,keywords/69_keywords/t69_l02g16.md,0,
U2-20_0217,typoglyphs/69_glyphs/t69_l02g17.png,keywords/69_keywords/t69_l02g17.md,0,
U2-20_0218,typoglyphs/69_glyphs/t69_l02g18.png,keywords/69_keywords/t69_l02g18.md,0,
U2-20_0219,typoglyphs/69_glyphs/t69_l02g19.png,keywords/69_keywords/t69_l02g19.md,0,
U2-20_0220,typoglyphs/69_glyphs/t69_l02g20.png,keywords/69_keywords/t69_l02g20.md,0,
U2-20_0221,typoglyphs/69_glyphs/t69_l02g21.png,keywords/69_keywords/t69_l02g21.md,0,
U2-20_0222,typoglyphs/69_glyphs/t69_l02g22.png,keywords/69_keywords/t69_l02g22.md,0,
U2-20_0223,typoglyphs/69_glyphs/t69_l02g23.png,keywords/69_keywords/t69_l02g23.md,0,
U2-20_0224,typoglyphs/69_glyphs/t69_l02g24.png,keywords/69_keywords/t69_l02g24.md,0,
U2-20_0225,typoglyphs/69_glyphs/t69_l02g25.png,keywords/69_keywords/t69_l02g25.md,0,
U2-20_0226,typoglyphs/69_glyphs/t69_l02g26.png,keywords/69_keywords/t69_l02g26.md,0,
U2-20_0227,typoglyphs/69_glyphs/t69_l02g27.png,keywords/69_keywords/t69_l02g27.md,0,
U2-20_0228,typoglyphs/69_glyphs/t69_l02g28.png,keywords/69_keywords/t69_l02g28.md,0,
U2-20_0229,typoglyphs/69_glyphs/t69_l02g29.png,keywords/69_keywords/t69_l02g29.md,0,
U2-20_0230,typoglyphs/69_glyphs/t69_l02g30.png,keywords/69_keywords/t69_l02g30.md,0,
U2-20_0231,typoglyphs/69_glyphs/t69_l02g31.png,keywords/69_keywords/t69_l02g31.md,0,
U2-20_0232,typoglyphs/69_glyphs/t69_l02g32.png,keywords/69_keywords/t69_l02g32.md,0,
U2-20_0233,typoglyphs/69_glyphs/t69_l02g33.png,keywords/69_keywords/t69_l02g33.md,0,
U2-20_0234,typoglyphs/69_glyphs/t69_l02g34.png,keywords/69_keywords/t69_l02g34.md,0,
U2-20_0235,typoglyphs/69_glyphs/t69_l02g35.png,keywords/69_keywords/t69_l02g35.md,0,
U2-20_0236,typoglyphs/69_glyphs/t69_l02g36.png,keywords/69_keywords/t69_l02g36.md,0,
U2-20_0237,typoglyphs/69_glyphs/t69_l02g37.png,keywords/69_keywords/t69_l02g37.md,0,
U2-20_0238,typoglyphs/69_glyphs/t69_l02g38.png,keywords/69_keywords/t69_l02g38.md,0,
U2-20_0239,typoglyphs/69_glyphs/t69_l02g39.png,keywords/69_keywords/t69_l02g39.md,0,
U2-20_0240,typoglyphs/69_glyphs/t69_l02g40.png,keywords/69_keywords/t69_l02g40.md,0,
U2-20_0301,typoglyphs/69_glyphs/t69_l03g01.png,keywords/69_keywords/t69_l03g01.md,0,
U2-20_0302,typoglyphs/69_glyphs/t69_l03g02.png,keywords/69_keywords/t69_l03g02.md,0,
U2-20_0303,typoglyphs/69_glyphs/t69_l03g03.png,keywords/69_keywords/t69_l03g03.md,0,
U2-20_0304,typoglyphs/69_glyphs/t69_l03g04.png,keywords/69_keywords/t69_l03g04.md,0,
U2-20_0305,typoglyphs/69_glyphs/t69_l03g05.png,keywords/69_keywords/t69_l03g05.md,0,
U2-20_0306,typoglyphs/69_glyphs/t69_l03g06.png,keywords/69_keywords/t69_l03g06.md,0,
U2-20_0307,typoglyphs/69_glyphs/t69_l03g07.png,keywords/69_keywords/t69_l03g07.md,0,
U2-20_0308,typoglyphs/69_glyphs/t69_l03g08.png,keywords/69_keywords/t69_l03g08.md,0,
U2-20_0309,typoglyphs/69_glyphs/t69_l03g09.png,keywords/69_keywords/t69_l03g09.md,0,
U2-20_0310,typoglyphs/69_glyphs/t69_l03g10.png,keywords/69_keywords/t69_l03g10.md,0,
U2-20_0311,typoglyphs/69_glyphs/t69_l03g11.png,keywords/69_keywords/t69_l03g11.md,0,
U2-20_0312,typoglyphs/69_glyphs/t69_l03g12.png,keywords/69_keywords/t69_l03g12.md,0,
U2-20_0313,typoglyphs/69_glyphs/t69_l03g13.png,keywords/69_keywords/t69_l03g13.md,0,
U2-20_0314,typoglyphs/69_glyphs/t69_l03g14.png,keywords/69_keywords/t69_l03g14.md,0,
U2-20_0315,typoglyphs/69_glyphs/t69_l03g15.png,keywords/69_keywords/t69_l03g15.md,0,
U2-20_0316,typoglyphs/69_glyphs/t69_l03g16.png,keywords/69_keywords/t69_l03g16.md,0,
U2-20_0317,typoglyphs/69_glyphs/t69_l03g17.png,keywords/69_keywords/t69_l03g17.md,0,
U2-20_0318,typoglyphs/69_glyphs/t69_l03g18.png,keywords/69_keywords/t69_l03g18.md,0,
U2-20_0319,typoglyphs/69_glyphs/t69_l03g19.png,keywords/69_keywords/t69_l03g19.md,0,
U2-20_0320,typoglyphs/69_glyphs/t69_l03g20.png,keywords/69_keywords/t69_l03g20.md,0,
U2-20_0321,typoglyphs/69_glyphs/t69_l03g21.png,keywords/69_keywords/t69_l03g21.md,0,
U2-20_0322,typoglyphs/69_glyphs/t69_l03g22.png,keywords/69_keywords/t69_l03g22.md,0,
U2-20_0323,typoglyphs/69_glyphs/t69_l03g23.png,keywords/69_keywords/t69_l03g23.md,0,
U2-20_0324,typoglyphs/69_glyphs/t69_l03g24.png,keywords/69_keywords/t69_l03g24.md,0,
U2-20_0325,typoglyphs/69_glyphs/t69_l03g25.png,keywords/69_keywords/t69_l03g25.md,0,
U2-20_0326,typoglyphs/69_glyphs/t69_l03g26.png,keywords/69_keywords/t69_l03g26.md,0,
U2-20_0327,typoglyphs/69_glyphs/t69_l03g27.png,keywords/69_keywords/t69_l03g27.md,0,
U2-20_0328,typoglyphs/69_glyphs/t69_l03g28.png,keywords/69_keywords/t69_l03g28.md,0,
U2-20_0329,typoglyphs/69_glyphs/t69_l03g29.png,keywords/69_keywords/t69_l03g29.md,0,
U2-20_0330,typoglyphs/69_glyphs/t69_l03g30.png,keywords/69_keywords/t69_l03g30.md,0,
U2-20_0331,typoglyphs/69_glyphs/t69_l03g31.png,keywords/69_keywords/t69_l03g31.md,0,
U2-20_0332,typoglyphs/69_glyphs/t69_l03g32.png,keywords/69_keywords/t69_l03g32.md,0,
U2-20_0333,typoglyphs/69_glyphs/t69_l03g33.png,keywords/69_keywords/t69_l03g33.md,0,
U2-20_0334,typoglyphs/69_glyphs/t69_l03g34.png,keywords/69_keywords/t69_l03g34.md,0,
U2-20_0401,typoglyphs/69_glyphs/t69_l04g01.png,keywords/69_keywords/t69_l04g01.md,0,
U2-20_0402,typoglyphs/69_glyphs/t69_l04g02.png,keywords/69_keywords/t69_l04g02.md,0,
U2-20_0403,typoglyphs/69_glyphs/t69_l04g03.png,keywords/69_keywords/t69_l04g03.md,0,
U2-20_0404,typoglyphs/69_glyphs/t69_l04g04.png,keywords/69_keywords/t69_l04g04.md,0,
U2-20_0405,typoglyphs/69_glyphs/t69_l04g05.png,keywords/69_keywords/t69_l04g05.md,0,
U2-20_0406,typoglyphs/69_glyphs/t69_l04g06.png,keywords/69_keywords/t69_l04g06.md,0,
U2-20_0407,typoglyphs/69_glyphs/t69_l04g07.png,keywords/69_keywords/t69_l04g07.md,0,
U2-20_0408,typoglyphs/69_glyphs/t69_l04g08.png,keywords/69_keywords/t69_l04g08.md,0,
U2-20_0409,typoglyphs/69_glyphs/t69_l04g09.png,keywords/69_keywords/t69_l04g09.md,0,
U2-20_0410,typoglyphs/69_glyphs/t69_l04g10.png,keywords/69_keywords/t69_l04g10.md,0,
U2-20_0411,typoglyphs/69_glyphs/t69_l04g11.png,keywords/69_keywords/t69_l04g11.md,0,
U2-20_0412,typoglyphs/69_glyphs/t69_l04g12.png,keywords/69_keywords/t69_l04g12.md,0,
U2-20_0413,typoglyphs/69_glyphs/t69_l04g13.png,keywords/69_keywords/t69_l04g13.md,0,
U2-20_0414,typoglyphs/69_glyphs/t69_l04g14.png,keywords/69_keywords/t69_l04g14.md,0,
U2-20_0415,typoglyphs/69_glyphs/t69_l04g15.png,keywords/69_keywords/t69_l04g15.md,0,
U2-20_0416,typoglyphs/69_glyphs/t69_l04g16.png,keywords/69_keywords/t69_l04g16.md,0,
U2-20_0417,typoglyphs/69_glyphs/t69_l04g17.png,keywords/69_keywords/t69_l04g17.md,0,
U2-20_0418,typoglyphs/69_glyphs/t69_l04g18.png,keywords/69_keywords/t69_l04g18.md,0,
U2-20_0419,typoglyphs/69_glyphs/t69_l04g19.png,keywords/69_keywords/t69_l04g19.md,0,
U2-20_0420,typoglyphs/69_glyphs/t69_l04g20.png,keywords/69_keywords/t69_l04g20.md,0,
U2-20_0421,typoglyphs/69_glyphs/t69_l04g21.png,keywords/69_keywords/t69_l04g21.md,0,
U2-20_0422,typoglyphs/69_glyphs/t69_l04g22.png,keywords/69_keywords/t69_l04g22.md,0,
U2-20_0423,typoglyphs/69_glyphs/t69_l04g23.png,keywords/69_keywords/t69_l04g23.md,0,
U2-20_0424,typoglyphs/69_glyphs/t69_l04g24.png,keywords/69_keywords/t69_l04g24.md,0,
U2-20_0425,typoglyphs/69_glyphs/t69_l04g25.png,keywords/69_keywords/t69_l04g25.md,0,
U2-20_0426,typoglyphs/69_glyphs/t69_l04g26.png,keywords/69_keywords/t69_l04g26.md,0,
U2-20_0427,typoglyphs/69_glyphs/t69_l04g27.png,keywords/69_keywords/t69_l04g27.md,0,
U2-20_0428,typoglyphs/69_glyphs/t69_l04g28.png,keywords/69_keywords/t69_l04g28.md,0,
U2-21_0101,typoglyphs/70_glyphs/t70_l01g01.png,keywords/70_keywords/t70_l01g01.md,0,
U2-21_0102,typoglyphs/70_glyphs/t70_l01g02.png,keywords/70_keywords/t70_l01g02.md,0,
U2-21_0103,typoglyphs/70_glyphs/t70_l01g03.png,keywords/70_keywords/t70_l01g03.md,0,
U2-21_0104,typoglyphs/70_glyphs/t70_l01g04.png,keywords/70_keywords/t70_l01g04.md,0,
U2-21_0105,typoglyphs/70_glyphs/t70_l01g05.png,keywords/70_keywords/t70_l01g05.md,0,
U2-21_0106,typoglyphs/70_glyphs/t70_l01g06.png,keywords/70_keywords/t70_l01g06.md,0,
U2-21_0107,typoglyphs/70_glyphs/t70_l01g07.png,keywords/70_keywords/t70_l01g07.md,0,
U2-21_0108,typoglyphs/70_glyphs/t70_l01g08.png,keywords/70_keywords/t70_l01g08.md,0,
U2-21_0109,typoglyphs/70_glyphs/t70_l01g09.png,keywords/70_keywords/t70_l01g09.md,0,
U2-21_0110,typoglyphs/70_glyphs/t70_l01g10.png,keywords/70_keywords/t70_l01g10.md,0,
U2-21_0111,typoglyphs/70_glyphs/t70_l01g11.png,keywords/70_keywords/t70_l01g11.md,0,
U2-21_0112,typoglyphs/70_glyphs/t70_l01g12.png,keywords/70_keywords/t70_l01g12.md,0,
U2-21_0113,typoglyphs/70_glyphs/t70_l01g13.png,keywords/70_keywords/t70_l01g13.md,0,
U2-21_0114,typoglyphs/70_glyphs/t70_l01g14.png,keywords/70_keywords/t70_l01g14.md,0,
U2-21_0115,typoglyphs/70_glyphs/t70_l01g15.png,keywords/70_keywords/t70_l01g15.md,0,
U2-21_0116,typoglyphs/70_glyphs/t70_l01g16.png,keywords/70_keywords/t70_l01g16.md,0,
U2-21_0117,typoglyphs/70_glyphs/t70_l01g17.png,keywords/70_keywords/t70_l01g17.md,0,
U2-21_0118,typoglyphs/70_glyphs/t70_l01g18.png,keywords/70_keywords/t70_l01g18.md,0,
U2-21_0119,typoglyphs/70_glyphs/t70_l01g19.png,keywords/70_keywords/t70_l01g19.md,0,
U2-21_0201,typoglyphs/70_glyphs/t70_l02g01.png,keywords/70_keywords/t70_l02g01.md,0,
U2-21_0202,typoglyphs/70_glyphs/t70_l02g02.png,keywords/70_keywords/t70_l02g02.md,0,
U2-21_0203,typoglyphs/70_glyphs/t70_l02g03.png,keywords/70_keywords/t70_l02g03.md,0,
U2-21_0204,typoglyphs/70_glyphs/t70_l02g04.png,keywords/70_keywords/t70_l02g04.md,0,
U2-21_0205,typoglyphs/70_glyphs/t70_l02g05.png,keywords/70_keywords/t70_l02g05.md,0,
U2-21_0206,typoglyphs/70_glyphs/t70_l02g06.png,keywords/70_keywords/t70_l02g06.md,0,
U2-21_0207,typoglyphs/70_glyphs/t70_l02g07.png,keywords/70_keywords/t70_l02g07.md,0,
U2-21_0208,typoglyphs/70_glyphs/t70_l02g08.png,keywords/70_keywords/t70_l02g08.md,0,
U2-21_0209,typoglyphs/70_glyphs/t70_l02g09.png,keywords/70_keywords/t70_l02g09.md,0,
U2-21_0210,typoglyphs/70_glyphs/t70_l02g10.png,keywords/70_keywords/t70_l02g10.md,0,
U2-21_0211,typoglyphs/70_glyphs/t70_l02g11.png,keywords/70_keywords/t70_l02g11.md,0,
U2-21_0212,typoglyphs/70_glyphs/t70_l02g12.png,keywords/70_keywords/t70_l02g12.md,0,
U2-21_0213,typoglyphs/70_glyphs/t70_l02g13.png,keywords/70_keywords/t70_l02g13.md,0,
U2-21_0214,typoglyphs/70_glyphs/t70_l02g14.png,keywords/70_keywords/t70_l02g14.md,0,
U2-21_0215,typoglyphs/70_glyphs/t70_l02g15.png,keywords/70_keywords/t70_l02g15.md,0,
U2-21_0216,typoglyphs/70_glyphs/t70_l02g16.png,keywords/70_keywords/t70_l02g16.md,0,
U2-21_0217,typoglyphs/70_glyphs/t70_l02g17.png,keywords/70_keywords/t70_l02g17.md,0,
U2-21_0218,typoglyphs/70_glyphs/t70_l02g18.png,keywords/70_keywords/t70_l02g18.md,0,
U2-21_0219,typoglyphs/70_glyphs/t70_l02g19.png,keywords/70_keywords/t70_l02g19.md,0,
U2-21_0220,typoglyphs/70_glyphs/t70_l02g20.png,keywords/70_keywords/t70_l02g20.md,0,
U2-21_0221,typoglyphs/70_glyphs/t70_l02g21.png,keywords/70_keywords/t70_l02g21.md,0,
U2-21_0222,typoglyphs/70_glyphs/t70_l02g22.png,keywords/70_keywords/t70_l02g22.md,0,
U2-21_0223,typoglyphs/70_glyphs/t70_l02g23.png,keywords/70_keywords/t70_l02g23.md,0,
U2-21_0224,typoglyphs/70_glyphs/t70_l02g24.png,keywords/70_keywords/t70_l02g24.md,0,
U2-21_0225,typoglyphs/70_glyphs/t70_l02g25.png,keywords/70_keywords/t70_l02g25.md,0,
U2-21_0226,typoglyphs/70_glyphs/t70_l02g26.png,keywords/70_keywords/t70_l02g26.md,0,
U2-21_0227,typoglyphs/70_glyphs/t70_l02g27.png,keywords/70_keywords/t70_l02g27.md,0,
U2-21_0228,typoglyphs/70_glyphs/t70_l02g28.png,keywords/70_keywords/t70_l02g28.md,0,
U2-21_0229,typoglyphs/70_glyphs/t70_l02g29.png,keywords/70_keywords/t70_l02g29.md,0,
U2-21_0230,typoglyphs/70_glyphs/t70_l02g30.png,keywords/70_keywords/t70_l02g30.md,0,
U2-21_0301,typoglyphs/70_glyphs/t70_l03g01.png,keywords/70_keywords/t70_l03g01.md,0,
U2-21_0302,typoglyphs/70_glyphs/t70_l03g02.png,keywords/70_keywords/t70_l03g02.md,0,
U2-21_0303,typoglyphs/70_glyphs/t70_l03g03.png,keywords/70_keywords/t70_l03g03.md,0,
U2-21_0304,typoglyphs/70_glyphs/t70_l03g04.png,keywords/70_keywords/t70_l03g04.md,0,
U2-21_0305,typoglyphs/70_glyphs/t70_l03g05.png,keywords/70_keywords/t70_l03g05.md,0,
U2-21_0306,typoglyphs/70_glyphs/t70_l03g06.png,keywords/70_keywords/t70_l03g06.md,0,
U2-21_0307,typoglyphs/70_glyphs/t70_l03g07.png,keywords/70_keywords/t70_l03g07.md,0,
U2-21_0308,typoglyphs/70_glyphs/t70_l03g08.png,keywords/70_keywords/t70_l03g08.md,0,
U2-21_0309,typoglyphs/70_glyphs/t70_l03g09.png,keywords/70_keywords/t70_l03g09.md,0,
U2-21_0310,typoglyphs/70_glyphs/t70_l03g10.png,keywords/70_keywords/t70_l03g10.md,0,
U2-21_0311,typoglyphs/70_glyphs/t70_l03g11.png,keywords/70_keywords/t70_l03g11.md,0,
U2-21_0312,typoglyphs/70_glyphs/t70_l03g12.png,keywords/70_keywords/t70_l03g12.md,0,
U2-21_0313,typoglyphs/70_glyphs/t70_l03g13.png,keywords/70_keywords/t70_l03g13.md,0,
U2-21_0314,typoglyphs/70_glyphs/t70_l03g14.png,keywords/70_keywords/t70_l03g14.md,0,
U2-21_0315,typoglyphs/70_glyphs/t70_l03g15.png,keywords/70_keywords/t70_l03g15.md,0,
U2-21_0316,typoglyphs/70_glyphs/t70_l03g16.png,keywords/70_keywords/t70_l03g16.md,0,
U2-21_0317,typoglyphs/70_glyphs/t70_l03g17.png,keywords/70_keywords/t70_l03g17.md,0,
U2-21_0318,typoglyphs/70_glyphs/t70_l03g18.png,keywords/70_keywords/t70_l03g18.md,0,
U2-21_0319,typoglyphs/70_glyphs/t70_l03g19.png,keywords/70_keywords/t70_l03g19.md,0,
U2-21_0320,typoglyphs/70_glyphs/t70_l03g20.png,keywords/70_keywords/t70_l03g20.md,0,
U2-21_0321,typoglyphs/70_glyphs/t70_l03g21.png,keywords/70_keywords/t70_l03g21.md,0,
U2-21_0322,typoglyphs/70_glyphs/t70_l03g22.png,keywords/70_keywords/t70_l03g22.md,0,
U2-21_0323,typoglyphs/70_glyphs/t70_l03g23.png,keywords/70_keywords/t70_l03g23.md,0,
U2-21_0324,typoglyphs/70_glyphs/t70_l03g24.png,keywords/70_keywords/t70_l03g24.md,0,
U2-21_0325,typoglyphs/70_glyphs/t70_l03g25.png,keywords/70_keywords/t70_l03g25.md,0,
U2-21_0326,typoglyphs/70_glyphs/t70_l03g26.png,keywords/70_keywords/t70_l03g26.md,0,
U2-21_0327,typoglyphs/70_glyphs/t70_l03g27.png,keywords/70_keywords/t70_l03g27.md,0,
U2-21_0328,typoglyphs/70_glyphs/t70_l03g28.png,keywords/70_keywords/t70_l03g28.md,0,
U2-21_0329,typoglyphs/70_glyphs/t70_l03g29.png,keywords/70_keywords/t70_l03g29.md,0,
U2-22_0101,typoglyphs/71_glyphs/t71_l01g01.png,keywords/71_keywords/t71_l01g01.md,0,
U2-22_0102,typoglyphs/71_glyphs/t71_l01g02.png,keywords/71_keywords/t71_l01g02.md,0,
U2-22_0103,typoglyphs/71_glyphs/t71_l01g03.png,keywords/71_keywords/t71_l01g03.md,0,
U2-22_0104,typoglyphs/71_glyphs/t71_l01g04.png,keywords/71_keywords/t71_l01g04.md,0,
U2-22_0105,typoglyphs/71_glyphs/t71_l01g05.png,keywords/71_keywords/t71_l01g05.md,0,
U2-22_0106,typoglyphs/71_glyphs/t71_l01g06.png,keywords/71_keywords/t71_l01g06.md,0,
U2-22_0107,typoglyphs/71_glyphs/t71_l01g07.png,keywords/71_keywords/t71_l01g07.md,0,
U2-22_0108,typoglyphs/71_glyphs/t71_l01g08.png,keywords/71_keywords/t71_l01g08.md,0,
U2-22_0109,typoglyphs/71_glyphs/t71_l01g09.png,keywords/71_keywords/t71_l01g09.md,0,
U2-22_0110,typoglyphs/71_glyphs/t71_l01g10.png,keywords/71_keywords/t71_l01g10.md,0,
U2-22_0111,typoglyphs/71_glyphs/t71_l01g11.png,keywords/71_keywords/t71_l01g11.md,0,
U2-22_0112,typoglyphs/71_glyphs/t71_l01g12.png,keywords/71_keywords/t71_l01g12.md,0,
U2-22_0113,typoglyphs/71_glyphs/t71_l01g13.png,keywords/71_keywords/t71_l01g13.md,0,
U2-22_0114,typoglyphs/71_glyphs/t71_l01g14.png,keywords/71_keywords/t71_l01g14.md,0,
U2-22_0201,typoglyphs/71_glyphs/t71_l02g01.png,keywords/71_keywords/t71_l02g01.md,0,
U2-22_0202,typoglyphs/71_glyphs/t71_l02g02.png,keywords/71_keywords/t71_l02g02.md,0,
U2-22_0203,typoglyphs/71_glyphs/t71_l02g03.png,keywords/71_keywords/t71_l02g03.md,0,
U2-22_0204,typoglyphs/71_glyphs/t71_l02g04.png,keywords/71_keywords/t71_l02g04.md,0,
U2-22_0205,typoglyphs/71_glyphs/t71_l02g05.png,keywords/71_keywords/t71_l02g05.md,0,
U2-22_0206,typoglyphs/71_glyphs/t71_l02g06.png,keywords/71_keywords/t71_l02g06.md,0,
U2-22_0207,typoglyphs/71_glyphs/t71_l02g07.png,keywords/71_keywords/t71_l02g07.md,0,
U2-22_0208,typoglyphs/71_glyphs/t71_l02g08.png,keywords/71_keywords/t71_l02g08.md,0,
U2-22_0209,typoglyphs/71_glyphs/t71_l02g09.png,keywords/71_keywords/t71_l02g09.md,0,
U2-22_0210,typoglyphs/71_glyphs/t71_l02g10.png,keywords/71_keywords/t71_l02g10.md,0,
U2-22_0211,typoglyphs/71_glyphs/t71_l02g11.png,keywords/71_keywords/t71_l02g11.md,0,
U2-22_0212,typoglyphs/71_glyphs/t71_l02g12.png,keywords/71_keywords/t71_l02g12.md,0,
U2-22_0213,typoglyphs/71_glyphs/t71_l02g13.png,keywords/71_keywords/t71_l02g13.md,0,
U2-22_0214,typoglyphs/71_glyphs/t71_l02g14.png,keywords/71_keywords/t71_l02g14.md,0,
U2-22_0215,typoglyphs/71_glyphs/t71_l02g15.png,keywords/71_keywords/t71_l02g15.md,0,
U2-22_0216,typoglyphs/71_glyphs/t71_l02g16.png,keywords/71_keywords/t71_l02g16.md,0,
U2-22_0217,typoglyphs/71_glyphs/t71_l02g17.png,keywords/71_keywords/t71_l02g17.md,0,
U2-22_0218,typoglyphs/71_glyphs/t71_l02g18.png,keywords/71_keywords/t71_l02g18.md,0,
U2-22_0219,typoglyphs/71_glyphs/t71_l02g19.png,keywords/71_keywords/t71_l02g19.md,0,
U2-22_0220,typoglyphs/71_glyphs/t71_l02g20.png,keywords/71_keywords/t71_l02g20.md,0,
U2-22_0221,typoglyphs/71_glyphs/t71_l02g21.png,keywords/71_keywords/t71_l02g21.md,0,
U2-22_0301,typoglyphs/71_glyphs/t71_l03g01.png,keywords/71_keywords/t71_l03g01.md,0,
U2-22_0302,typoglyphs/71_glyphs/t71_l03g02.png,keywords/71_keywords/t71_l03g02.md,0,
U2-22_0303,typoglyphs/71_glyphs/t71_l03g03.png,keywords/71_keywords/t71_l03g03.md,0,
U2-22_0304,typoglyphs/71_glyphs/t71_l03g04.png,keywords/71_keywords/t71_l03g04.md,0,
U2-22_0305,typoglyphs/71_glyphs/t71_l03g05.png,keywords/71_keywords/t71_l03g05.md,0,
U2-22_0306,typoglyphs/71_glyphs/t71_l03g06.png,keywords/71_keywords/t71_l03g06.md,0,
U2-22_0307,typoglyphs/71_glyphs/t71_l03g07.png,keywords/71_keywords/t71_l03g07.md,0,
U2-22_0308,typoglyphs/71_glyphs/t71_l03g08.png,keywords/71_keywords/t71_l03g08.md,0,
U2-22_0309,typoglyphs/71_glyphs/t71_l03g09.png,keywords/71_keywords/t71_l03g09.md,0,
U2-22_0310,typoglyphs/71_glyphs/t71_l03g10.png,keywords/71_keywords/t71_l03g10.md,0,
U2-22_0311,typoglyphs/71_glyphs/t71_l03g11.png,keywords/71_keywords/t71_l03g11.md,0,
U2-22_0312,typoglyphs/71_glyphs/t71_l03g12.png,keywords/71_keywords/t71_l03g12.md,0,
U2-22_0313,typoglyphs/71_glyphs/t71_l03g13.png,keywords/71_keywords/t71_l03g13.md,0,
U2-22_0314,typoglyphs/71_glyphs/t71_l03g14.png,keywords/71_keywords/t71_l03g14.md,0,
U2-22_0315,typoglyphs/71_glyphs/t71_l03g15.png,keywords/71_keywords/t71_l03g15.md,0,
Wi-01_0101,typoglyphs/72_glyphs/t72_l01g01.png,keywords/72_keywords/t72_l01g01.md,0,
Wi-01_0102,typoglyphs/72_glyphs/t72_l01g02.png,keywords/72_keywords/t72_l01g02.md,0,
Wi-01_0103,typoglyphs/72_glyphs/t72_l01g03.png,keywords/72_keywords/t72_l01g03.md,0,
Wi-01_0104,typoglyphs/72_glyphs/t72_l01g04.png,keywords/72_keywords/t72_l01g04.md,0,
Wi-01_0105,typoglyphs/72_glyphs/t72_l01g05.png,keywords/72_keywords/t72_l01g05.md,0,
Wi-01_0106,typoglyphs/72_glyphs/t72_l01g06.png,keywords/72_keywords/t72_l01g06.md,0,
Wi-01_0107,typoglyphs/72_glyphs/t72_l01g07.png,keywords/72_keywords/t72_l01g07.md,0,
Wi-01_0108,typoglyphs/72_glyphs/t72_l01g08.png,keywords/72_keywords/t72_l01g08.md,0,
Wi-01_0109,typoglyphs/72_glyphs/t72_l01g09.png,keywords/72_keywords/t72_l01g09.md,0,
Wi-01_0110,typoglyphs/72_glyphs/t72_l01g10.png,keywords/72_keywords/t72_l01g10.md,0,
Wi-01_0111,typoglyphs/72_glyphs/t72_l01g11.png,keywords/72_keywords/t72_l01g11.md,0,
Wi-01_0112,typoglyphs/72_glyphs/t72_l01g12.png,keywords/72_keywords/t72_l01g12.md,0,
Wi-01_0113,typoglyphs/72_glyphs/t72_l01g13.png,keywords/72_keywords/t72_l01g13.md,0,
Wi-01_0114,typoglyphs/72_glyphs/t72_l01g14.png,keywords/72_keywords/t72_l01g14.md,0,
Wi-01_0115,typoglyphs/72_glyphs/t72_l01g15.png,keywords/72_keywords/t72_l01g15.md,0,
Wi-01_0116,typoglyphs/72_glyphs/t72_l01g16.png,keywords/72_keywords/t72_l01g16.md,0,
Wi-01_0117,typoglyphs/72_glyphs/t72_l01g17.png,keywords/72_keywords/t72_l01g17.md,0,
Wi-01_0118,typoglyphs/72_glyphs/t72_l01g18.png,keywords/72_keywords/t72_l01g18.md,0,
Wi-01_0119,typoglyphs/72_glyphs/t72_l01g19.png,keywords/72_keywords/t72_l01g19.md,0,
Wi-01_0201,typoglyphs/72_glyphs/t72_l02g01.png,keywords/72_keywords/t72_l02g01.md,0,
Wi-01_0202,typoglyphs/72_glyphs/t72_l02g02.png,keywords/72_keywords/t72_l02g02.md,0,
Wi-01_0203,typoglyphs/72_glyphs/t72_l02g03.png,keywords/72_keywords/t72_l02g03.md,0,
Wi-01_0204,typoglyphs/72_glyphs/t72_l02g04.png,keywords/72_keywords/t72_l02g04.md,0,
Wi-01_0205,typoglyphs/72_glyphs/t72_l02g05.png,keywords/72_keywords/t72_l02g05.md,0,
Wi-01_0206,typoglyphs/72_glyphs/t72_l02g06.png,keywords/72_keywords/t72_l02g06.md,0,
Wi-01_0207,typoglyphs/72_glyphs/t72_l02g07.png,keywords/72_keywords/t72_l02g07.md,0,
Wi-01_0301,typoglyphs/72_glyphs/t72_l03g01.png,keywords/72_keywords/t72_l03g01.md,0,
Wi-01_0302,typoglyphs/72_glyphs/t72_l03g02.png,keywords/72_keywords/t72_l03g02.md,0,
Wi-01_0303,typoglyphs/72_glyphs/t72_l03g03.png,keywords/72_keywords/t72_l03g03.md,0,
Wi-01_0304,typoglyphs/72_glyphs/t72_l03g04.png,keywords/72_keywords/t72_l03g04.md,0,
Wi-01_0305,typoglyphs/72_glyphs/t72_l03g05.png,keywords/72_keywords/t72_l03g05.md,0,
Wi-01_0306,typoglyphs/72_glyphs/t72_l03g06.png,keywords/72_keywords/t72_l03g06.md,0,
Wi-01_0307,typoglyphs/72_glyphs/t72_l03g07.png,keywords/72_keywords/t72_l03g07.md,0,
Wi-01_0308,typoglyphs/72_glyphs/t72_l03g08.png,keywords/72_keywords/t72_l03g08.md,0,
Wi-01_0309,typoglyphs/72_glyphs/t72_l03g09.png,keywords/72_keywords/t72_l03g09.md,0,
Wi-01_0310,typoglyphs/72_glyphs/t72_l03g10.png,keywords/72_keywords/t72_l03g10.md,0,
Wi-01_0311,typoglyphs/72_glyphs/t72_l03g11.png,keywords/72_keywords/t72_l03g11.md,0,
Wi-01_0312,typoglyphs/72_glyphs/t72_l03g12.png,keywords/72_keywords/t72_l03g12.md,0,
Wi-01_0313,typoglyphs/72_glyphs/t72_l03g13.png,keywords/72_keywords/t72_l03g13.md,0,
Wi-01_0314,typoglyphs/72_glyphs/t72_l03g14.png,keywords/72_keywords/t72_l03g14.md,0,
Wi-01_0315,typoglyphs/72_glyphs/t72_l03g15.png,keywords/72_keywords/t72_l03g15.md,0,
Wi-01_0316,typoglyphs/72_glyphs/t72_l03g16.png,keywords/72_keywords/t72_l03g16.md,0,
Wi-01_0317,typoglyphs/72_glyphs/t72_l03g17.png,keywords/72_keywords/t72_l03g17.md,0,
Wi-01_0318,typoglyphs/72_glyphs/t72_l03g18.png,keywords/72_keywords/t72_l03g18.md,0,
Wi-01_0319,typoglyphs/72_glyphs/t72_l03g19.png,keywords/72_keywords/t72_l03g19.md,0,
Wi-01_0320,typoglyphs/72_glyphs/t72_l03g20.png,keywords/72_keywords/t72_l03g20.md,0,
Wi-01_0321,typoglyphs/72_glyphs/t72_l03g21.png,keywords/72_keywords/t72_l03g21.md,0,
Wi-01_0322,typoglyphs/72_glyphs/t72_l03g22.png,keywords/72_keywords/t72_l03g22.md,0,
Wi-01_0323,typoglyphs/72_glyphs/t72_l03g23.png,keywords/72_keywords/t72_l03g23.md,0,
Wi-01_0324,typoglyphs/72_glyphs/t72_l03g24.png,keywords/72_keywords/t72_l03g24.md,0,
Wi-01_0325,typoglyphs/72_glyphs/t72_l03g25.png,keywords/72_keywords/t72_l03g25.md,0,
Wi-01_0326,typoglyphs/72_glyphs/t72_l03g26.png,keywords/72_keywords/t72_l03g26.md,0,
Wi-01_0327,typoglyphs/72_glyphs/t72_l03g27.png,keywords/72_keywords/t72_l03g27.md,0,
Wi-01_0328,typoglyphs/72_glyphs/t72_l03g28.png,keywords/72_keywords/t72_l03g28.md,0,
Wi-01_0329,typoglyphs/72_glyphs/t72_l03g29.png,keywords/72_keywords/t72_l03g29.md,0,
Wi-01_0401,typoglyphs/72_glyphs/t72_l04g01.png,keywords/72_keywords/t72_l04g01.md,0,
Wi-01_0402,typoglyphs/72_glyphs/t72_l04g02.png,keywords/72_keywords/t72_l04g02.md,0,
Wi-01_0403,typoglyphs/72_glyphs/t72_l04g03.png,keywords/72_keywords/t72_l04g03.md,0,
Wi-01_0404,typoglyphs/72_glyphs/t72_l04g04.png,keywords/72_keywords/t72_l04g04.md,0,
Wi-01_0405,typoglyphs/72_glyphs/t72_l04g05.png,keywords/72_keywords/t72_l04g05.md,0,
Wi-01_0406,typoglyphs/72_glyphs/t72_l04g06.png,keywords/72_keywords/t72_l04g06.md,0,
Wi-01_0407,typoglyphs/72_glyphs/t72_l04g07.png,keywords/72_keywords/t72_l04g07.md,0,
Wi-01_0408,typoglyphs/72_glyphs/t72_l04g08.png,keywords/72_keywords/t72_l04g08.md,0,
Wi-01_0409,typoglyphs/72_glyphs/t72_l04g09.png,keywords/72_keywords/t72_l04g09.md,0,
Wi-01_0410,typoglyphs/72_glyphs/t72_l04g10.png,keywords/72_keywords/t72_l04g10.md,0,
Wi-01_0411,typoglyphs/72_glyphs/t72_l04g11.png,keywords/72_keywords/t72_l04g11.md,0,
Wi-01_0412,typoglyphs/72_glyphs/t72_l04g12.png,keywords/72_keywords/t72_l04g12.md,0,
Wi-01_0413,typoglyphs/72_glyphs/t72_l04g13.png,keywords/72_keywords/t72_l04g13.md,0,
Wi-01_0414,typoglyphs/72_glyphs/t72_l04g14.png,keywords/72_keywords/t72_l04g14.md,0,
Wi-01_0415,typoglyphs/72_glyphs/t72_l04g15.png,keywords/72_keywords/t72_l04g15.md,0,
Wi-01_0416,typoglyphs/72_glyphs/t72_l04g16.png,keywords/72_keywords/t72_l04g16.md,0,
Wi-01_0417,typoglyphs/72_glyphs/t72_l04g17.png,keywords/72_keywords/t72_l04g17.md,0,
Wi-01_0418,typoglyphs/72_glyphs/t72_l04g18.png,keywords/72_keywords/t72_l04g18.md,0,
Wi-01_0419,typoglyphs/72_glyphs/t72_l04g19.png,keywords/72_keywords/t72_l04g19.md,0,
Wi-01_0420,typoglyphs/72_glyphs/t72_l04g20.png,keywords/72_keywords/t72_l04g20.md,0,
Wi-01_0421,typoglyphs/72_glyphs/t72_l04g21.png,keywords/72_keywords/t72_l04g21.md,1,descriptions/72_descriptions/t72_l04g21.md
Wi-01_0422,typoglyphs/72_glyphs/t72_l04g22.png,keywords/72_keywords/t72_l04g22.md,0,
Wi-01_0423,typoglyphs/72_glyphs/t72_l04g23.png,keywords/72_keywords/t72_l04g23.md,0,
Wi-01_0424,typoglyphs/72_glyphs/t72_l04g24.png,keywords/72_keywords/t72_l04g24.md,0,
Wi-01_0425,typoglyphs/72_glyphs/t72_l04g25.png,keywords/72_keywords/t72_l04g25.md,0,
Wi-01_0426,typoglyphs/72_glyphs/t72_l04g26.png,keywords/72_keywords/t72_l04g26.md,0,
Wi-01_0427,typoglyphs/72_glyphs/t72_l04g27.png,keywords/72_keywords/t72_l04g27.md,0,
Wi-01_0428,typoglyphs/72_glyphs/t72_l04g28.png,keywords/72_keywords/t72_l04g28.md,0,
Wi-01_0429,typoglyphs/72_glyphs/t72_l04g29.png,keywords/72_keywords/t72_l04g29.md,0,
Wi-01_0430,typoglyphs/72_glyphs/t72_l04g30.png,keywords/72_keywords/t72_l04g30.md,0,
Wi-01u0101,typoglyphs/73_glyphs/t73_l01g01.png,keywords/73_keywords/t73_l01g01.md,0,
Wi-01u0102,typoglyphs/73_glyphs/t73_l01g02.png,keywords/73_keywords/t73_l01g02.md,0,
Wi-01u0103,typoglyphs/73_glyphs/t73_l01g03.png,keywords/73_keywords/t73_l01g03.md,0,
Wi-01u0104,typoglyphs/73_glyphs/t73_l01g04.png,keywords/73_keywords/t73_l01g04.md,0,
Wi-02_0101,typoglyphs/74_glyphs/t74_l01g01.png,keywords/74_keywords/t74_l01g01.md,0,
Wi-02_0102,typoglyphs/74_glyphs/t74_l01g02.png,keywords/74_keywords/t74_l01g02.md,0,
Wi-02_0103,typoglyphs/74_glyphs/t74_l01g03.png,keywords/74_keywords/t74_l01g03.md,0,
Wi-02_0104,typoglyphs/74_glyphs/t74_l01g04.png,keywords/74_keywords/t74_l01g04.md,0,
Wi-02_0105,typoglyphs/74_glyphs/t74_l01g05.png,keywords/74_keywords/t74_l01g05.md,0,
Wi-02_0106,typoglyphs/74_glyphs/t74_l01g06.png,keywords/74_keywords/t74_l01g06.md,0,
Wi-02_0107,typoglyphs/74_glyphs/t74_l01g07.png,keywords/74_keywords/t74_l01g07.md,0,
Wi-02_0108,typoglyphs/74_glyphs/t74_l01g08.png,keywords/74_keywords/t74_l01g08.md,0,
Wi-02_0109,typoglyphs/74_glyphs/t74_l01g09.png,keywords/74_keywords/t74_l01g09.md,0,
Wi-02_0110,typoglyphs/74_glyphs/t74_l01g10.png,keywords/74_keywords/t74_l01g10.md,0,
Wi-02_0111,typoglyphs/74_glyphs/t74_l01g11.png,keywords/74_keywords/t74_l01g11.md,0,
Wi-02_0112,typoglyphs/74_glyphs/t74_l01g12.png,keywords/74_keywords/t74_l01g12.md,0,
Wi-02_0113,typoglyphs/74_glyphs/t74_l01g13.png,keywords/74_keywords/t74_l01g13.md,0,
Wi-02_0114,typoglyphs/74_glyphs/t74_l01g14.png,keywords/74_keywords/t74_l01g14.md,0,
Wi-02_0115,typoglyphs/74_glyphs/t74_l01g15.png,keywords/74_keywords/t74_l01g15.md,0,
Wi-02_0116,typoglyphs/74_glyphs/t74_l01g16.png,keywords/74_keywords/t74_l01g16.md,0,
Wi-02_0117,typoglyphs/74_glyphs/t74_l01g17.png,keywords/74_keywords/t74_l01g17.md,0,
Wi-02_0118,typoglyphs/74_glyphs/t74_l01g18.png,keywords/74_keywords/t74_l01g18.md,0,
Wi-02_0119,typoglyphs/74_glyphs/t74_l01g19.png,keywords/74_keywords/t74_l01g19.md,0,
Wi-02_0120,typoglyphs/74_glyphs/t74_l01g20.png,keywords/74_keywords/t74_l01g20.md,0,
Wi-02_0121,typoglyphs/74_glyphs/t74_l01g21.png,keywords/74_keywords/t74_l01g21.md,0,
Wi-02_0122,typoglyphs/74_glyphs/t74_l01g22.png,keywords/74_keywords/t74_l01g22.md,0,
Wi-02_0201,typoglyphs/74_glyphs/t74_l02g01.png,keywords/74_keywords/t74_l02g01.md,0,
Wi-02_0202,typoglyphs/74_glyphs/t74_l02g02.png,keywords/74_keywords/t74_l02g02.md,0,
Wi-02_0203,typoglyphs/74_glyphs/t74_l02g03.png,keywords/74_keywords/t74_l02g03.md,0,
Wi-02_0204,typoglyphs/74_glyphs/t74_l02g04.png,keywords/74_keywords/t74_l02g04.md,0,
Wi-02_0205,typoglyphs/74_glyphs/t74_l02g05.png,keywords/74_keywords/t74_l02g05.md,0,
Wi-02_0206,typoglyphs/74_glyphs/t74_l02g06.png,keywords/74_keywords/t74_l02g06.md,0,
Wi-02_0207,typoglyphs/74_glyphs/t74_l02g07.png,keywords/74_keywords/t74_l02g07.md,0,
Wi-02_0208,typoglyphs/74_glyphs/t74_l02g08.png,keywords/74_keywords/t74_l02g08.md,0,
Wi-02_0209,typoglyphs/74_glyphs/t74_l02g09.png,keywords/74_keywords/t74_l02g09.md,0,
Wi-02_0210,typoglyphs/74_glyphs/t74_l02g10.png,keywords/74_keywords/t74_l02g10.md,0,
Wi-02_0211,typoglyphs/74_glyphs/t74_l02g11.png,keywords/74_keywords/t74_l02g11.md,0,
Wi-02_0212,typoglyphs/74_glyphs/t74_l02g12.png,keywords/74_keywords/t74_l02g12.md,0,
Wi-02_0213,typoglyphs/74_glyphs/t74_l02g13.png,keywords/74_keywords/t74_l02g13.md,0,
Wi-02_0214,typoglyphs/74_glyphs/t74_l02g14.png,keywords/74_keywords/t74_l02g14.md,0,
Wi-02_0215,typoglyphs/74_glyphs/t74_l02g15.png,keywords/74_keywords/t74_l02g15.md,0,
Wi-02_0216,typoglyphs/74_glyphs/t74_l02g16.png,keywords/74_keywords/t74_l02g16.md,0,
Wi-02_0217,typoglyphs/74_glyphs/t74_l02g17.png,keywords/74_keywords/t74_l02g17.md,0,
Wi-02_0218,typoglyphs/74_glyphs/t74_l02g18.png,keywords/74_keywords/t74_l02g18.md,0,
Wi-02_0219,typoglyphs/74_glyphs/t74_l02g19.png,keywords/74_keywords/t74_l02g19.md,0,
Wi-02_0220,typoglyphs/74_glyphs/t74_l02g20.png,keywords/74_keywords/t74_l02g20.md,0,
Wi-02_0221,typoglyphs/74_glyphs/t74_l02g21.png,keywords/74_keywords/t74_l02g21.md,0,
Wi-02_0222,typoglyphs/74_glyphs/t74_l02g22.png,keywords/74_keywords/t74_l02g22.md,0,
Wi-02_0223,typoglyphs/74_glyphs/t74_l02g23.png,keywords/74_keywords/t74_l02g23.md,0,
Wi-02_0224,typoglyphs/74_glyphs/t74_l02g24.png,keywords/74_keywords/t74_l02g24.md,0,
Wi-02_0225,typoglyphs/74_glyphs/t74_l02g25.png,keywords/74_keywords/t74_l02g25.md,0,
Wi-02_0226,typoglyphs/74_glyphs/t74_l02g26.png,keywords/74_keywords/t74_l02g26.md,0,
Wi-02_0227,typoglyphs/74_glyphs/t74_l02g27.png,keywords/74_keywords/t74_l02g27.md,0,
Wi-02_0228,typoglyphs/74_glyphs/t74_l02g28.png,keywords/74_keywords/t74_l02g28.md,0,
Wi-02_0229,typoglyphs/74_glyphs/t74_l02g29.png,keywords/74_keywords/t74_l02g29.md,0,
Wi-02_0230,typoglyphs/74_glyphs/t74_l02g30.png,keywords/74_keywords/t74_l02g30.md,0,
Wi-02_0231,typoglyphs/74_glyphs/t74_l02g31.png,keywords/74_keywords/t74_l02g31.md,0,
Wi-02_0232,typoglyphs/74_glyphs/t74_l02g32.png,keywords/74_keywords/t74_l02g32.md,0,
Wi-02_0233,typoglyphs/74_glyphs/t74_l02g33.png,keywords/74_keywords/t74_l02g33.md,0,
Wi-02_0234,typoglyphs/74_glyphs/t74_l02g34.png,keywords/74_keywords/t74_l02g34.md,0,
Wi-02_0235,typoglyphs/74_glyphs/t74_l02g35.png,keywords/74_keywords/t74_l02g35.md,0,
Wi-02_0236,typoglyphs/74_glyphs/t74_l02g36.png,keywords/74_keywords/t74_l02g36.md,0,
Wi-02_0237,typoglyphs/74_glyphs/t74_l02g37.png,keywords/74_keywords/t74_l02g37.md,0,
Wi-02_0238,typoglyphs/74_glyphs/t74_l02g38.png,keywords/74_keywords/t74_l02g38.md,0,
Wi-02_0301,typoglyphs/74_glyphs/t74_l03g01.png,keywords/74_keywords/t74_l03g01.md,0,
Wi-02_0302,typoglyphs/74_glyphs/t74_l03g02.png,keywords/74_keywords/t74_l03g02.md,0,
Wi-02_0303,typoglyphs/74_glyphs/t74_l03g03.png,keywords/74_keywords/t74_l03g03.md,0,
Wi-02_0304,typoglyphs/74_glyphs/t74_l03g04.png,keywords/74_keywords/t74_l03g04.md,1,descriptions/74_descriptions/t74_l03g04.md
Wi-02_0305,typoglyphs/74_glyphs/t74_l03g05.png,keywords/74_keywords/t74_l03g05.md,0,
Wi-02_0306,typoglyphs/74_glyphs/t74_l03g06.png,keywords/74_keywords/t74_l03g06.md,0,
Wi-02_0307,typoglyphs/74_glyphs/t74_l03g07.png,keywords/74_keywords/t74_l03g07.md,0,
Wi-02_0308,typoglyphs/74_glyphs/t74_l03g08.png,keywords/74_keywords/t74_l03g08.md,0,
Wi-02_0309,typoglyphs/74_glyphs/t74_l03g09.png,keywords/74_keywords/t74_l03g09.md,0,
Wi-02_0310,typoglyphs/74_glyphs/t74_l03g10.png,keywords/74_keywords/t74_l03g10.md,0,
Wi-02_0311,typoglyphs/74_glyphs/t74_l03g11.png,keywords/74_keywords/t74_l03g11.md,0,
Wi-02_0312,typoglyphs/74_glyphs/t74_l03g12.png,keywords/74_keywords/t74_l03g12.md,0,
Wi-02u0101,typoglyphs/75_glyphs/t75_l01g01.png,keywords/75_keywords/t75_l01g01.md,0,
Wi-02u0102,typoglyphs/75_glyphs/t75_l01g02.png,keywords/75_keywords/t75_l01g02.md,0,
Wi-02u0103,typoglyphs/75_glyphs/t75_l01g03.png,keywords/75_keywords/t75_l01g03.md,0,
Wi-02u0104,typoglyphs/75_glyphs/t75_l01g04.png,keywords/75_keywords/t75_l01g04.md,0,
Wi-02u0105,typoglyphs/75_glyphs/t75_l01g05.png,keywords/75_keywords/t75_l01g05.md,0,
Wi-02u0106,typoglyphs/75_glyphs/t75_l01g06.png,keywords/75_keywords/t75_l01g06.md,0,
Wi-02u0107,typoglyphs/75_glyphs/t75_l01g07.png,keywords/75_keywords/t75_l01g07.md,0,
Wi-02u0108,typoglyphs/75_glyphs/t75_l01g08.png,keywords/75_keywords/t75_l01g08.md,0,
Wi-02u0109,typoglyphs/75_glyphs/t75_l01g09.png,keywords/75_keywords/t75_l01g09.md,0,
Wi-02u0110,typoglyphs/75_glyphs/t75_l01g10.png,keywords/75_keywords/t75_l01g10.md,0,
Wi-02u0111,typoglyphs/75_glyphs/t75_l01g11.png,keywords/75_keywords/t75_l01g11.md,1,descriptions/75_descriptions/t75_l01g11.md
Wi-02u0112,typoglyphs/75_glyphs/t75_l01g12.png,keywords/75_keywords/t75_l01g12.md,0,
Wi-03_0101,typoglyphs/76_glyphs/t76_l01g01.png,keywords/76_keywords/t76_l01g01.md,0,
Wi-03_0102,typoglyphs/76_glyphs/t76_l01g02.png,keywords/76_keywords/t76_l01g02.md,0,
Wi-03_0103,typoglyphs/76_glyphs/t76_l01g03.png,keywords/76_keywords/t76_l01g03.md,0,
Wi-03_0104,typoglyphs/76_glyphs/t76_l01g04.png,keywords/76_keywords/t76_l01g04.md,0,
Wi-03_0105,typoglyphs/76_glyphs/t76_l01g05.png,keywords/76_keywords/t76_l01g05.md,0,
Wi-03_0106,typoglyphs/76_glyphs/t76_l01g06.png,keywords/76_keywords/t76_l01g06.md,0,
Wi-03_0107,typoglyphs/76_glyphs/t76_l01g07.png,keywords/76_keywords/t76_l01g07.md,0,
Wi-03_0108,typoglyphs/76_glyphs/t76_l01g08.png,keywords/76_keywords/t76_l01g08.md,0,
Wi-03_0109,typoglyphs/76_glyphs/t76_l01g09.png,keywords/76_keywords/t76_l01g09.md,0,
Wi-03_0110,typoglyphs/76_glyphs/t76_l01g10.png,keywords/76_keywords/t76_l01g10.md,0,
Wi-03_0111,typoglyphs/76_glyphs/t76_l01g11.png,keywords/76_keywords/t76_l01g11.md,0,
Wi-03_0112,typoglyphs/76_glyphs/t76_l01g12.png,keywords/76_keywords/t76_l01g12.md,0,
Wi-03_0113,typoglyphs/76_glyphs/t76_l01g13.png,keywords/76_keywords/t76_l01g13.md,0,
Wi-03_0114,typoglyphs/76_glyphs/t76_l01g14.png,keywords/76_keywords/t76_l01g14.md,0,
Wi-03_0115,typoglyphs/76_glyphs/t76_l01g15.png,keywords/76_keywords/t76_l01g15.md,0,
Wi-03_0116,typoglyphs/76_glyphs/t76_l01g16.png,keywords/76_keywords/t76_l01g16.md,0,
Wi-03_0117,typoglyphs/76_glyphs/t76_l01g17.png,keywords/76_keywords/t76_l01g17.md,0,
Wi-03_0118,typoglyphs/76_glyphs/t76_l01g18.png,keywords/76_keywords/t76_l01g18.md,0,
Wi-03_0119,typoglyphs/76_glyphs/t76_l01g19.png,keywords/76_keywords/t76_l01g19.md,0,
Wi-03_0120,typoglyphs/76_glyphs/t76_l01g20.png,keywords/76_keywords/t76_l01g20.md,0,
Wi-03_0121,typoglyphs/76_glyphs/t76_l01g21.png,keywords/76_keywords/t76_l01g21.md,0,
Wi-03_0122,typoglyphs/76_glyphs/t76_l01g22.png,keywords/76_keywords/t76_l01g22.md,0,
Wi-03_0123,typoglyphs/76_glyphs/t76_l01g23.png,keywords/76_keywords/t76_l01g23.md,0,
Wi-03_0124,typoglyphs/76_glyphs/t76_l01g24.png,keywords/76_keywords/t76_l01g24.md,0,
Wi-03_0125,typoglyphs/76_glyphs/t76_l01g25.png,keywords/76_keywords/t76_l01g25.md,0,
Wi-03_0201,typoglyphs/76_glyphs/t76_l02g01.png,keywords/76_keywords/t76_l02g01.md,0,
Wi-03_0202,typoglyphs/76_glyphs/t76_l02g02.png,keywords/76_keywords/t76_l02g02.md,0,
Wi-03_0203,typoglyphs/76_glyphs/t76_l02g03.png,keywords/76_keywords/t76_l02g03.md,0,
Wi-03_0204,typoglyphs/76_glyphs/t76_l02g04.png,keywords/76_keywords/t76_l02g04.md,0,
Wi-03_0205,typoglyphs/76_glyphs/t76_l02g05.png,keywords/76_keywords/t76_l02g05.md,0,
Wi-03_0206,typoglyphs/76_glyphs/t76_l02g06.png,keywords/76_keywords/t76_l02g06.md,0,
Wi-03_0207,typoglyphs/76_glyphs/t76_l02g07.png,keywords/76_keywords/t76_l02g07.md,0,
Wi-03_0208,typoglyphs/76_glyphs/t76_l02g08.png,keywords/76_keywords/t76_l02g08.md,0,
Wi-03_0209,typoglyphs/76_glyphs/t76_l02g09.png,keywords/76_keywords/t76_l02g09.md,0,
Wi-03_0210,typoglyphs/76_glyphs/t76_l02g10.png,keywords/76_keywords/t76_l02g10.md,0,
Wi-03_0211,typoglyphs/76_glyphs/t76_l02g11.png,keywords/76_keywords/t76_l02g11.md,0,
Wi-03_0212,typoglyphs/76_glyphs/t76_l02g12.png,keywords/76_keywords/t76_l02g12.md,0,
Wi-03_0213,typoglyphs/76_glyphs/t76_l02g13.png,keywords/76_keywords/t76_l02g13.md,0,
Wi-03_0214,typoglyphs/76_glyphs/t76_l02g14.png,keywords/76_keywords/t76_l02g14.md,0,
Wi-03_0215,typoglyphs/76_glyphs/t76_l02g15.png,keywords/76_keywords/t76_l02g15.md,0,
Wi-03_0216,typoglyphs/76_glyphs/t76_l02g16.png,keywords/76_keywords/t76_l02g16.md,0,
Wi-03_0217,typoglyphs/76_glyphs/t76_l02g17.png,keywords/76_keywords/t76_l02g17.md,0,
Wi-03_0218,typoglyphs/76_glyphs/t76_l02g18.png,keywords/76_keywords/t76_l02g18.md,0,
Wi-03_0219,typoglyphs/76_glyphs/t76_l02g19.png,keywords/76_keywords/t76_l02g19.md,0,
Wi-03_0220,typoglyphs/76_glyphs/t76_l02g20.png,keywords/76_keywords/t76_l02g20.md,0,
Wi-03_0221,typoglyphs/76_glyphs/t76_l02g21.png,keywords/76_keywords/t76_l02g21.md,0,
Wi-03_0222,typoglyphs/76_glyphs/t76_l02g22.png,keywords/76_keywords/t76_l02g22.md,0,
Wi-03_0223,typoglyphs/76_glyphs/t76_l02g23.png,keywords/76_keywords/t76_l02g23.md,0,
Wi-03_0224,typoglyphs/76_glyphs/t76_l02g24.png,keywords/76_keywords/t76_l02g24.md,0,
Wi-03_0225,typoglyphs/76_glyphs/t76_l02g25.png,keywords/76_keywords/t76_l02g25.md,0,
Wi-03_0226,typoglyphs/76_glyphs/t76_l02g26.png,keywords/76_keywords/t76_l02g26.md,0,
Wi-03_0227,typoglyphs/76_glyphs/t76_l02g27.png,keywords/76_keywords/t76_l02g27.md,0,
Wi-03_0228,typoglyphs/76_glyphs/t76_l02g28.png,keywords/76_keywords/t76_l02g28.md,0,
Wi-03_0229,typoglyphs/76_glyphs/t76_l02g29.png,keywords/76_keywords/t76_l02g29.md,0,
Wi-03_0230,typoglyphs/76_glyphs/t76_l02g30.png,keywords/76_keywords/t76_l02g30.md,0,
Wi-03_0231,typoglyphs/76_glyphs/t76_l02g31.png,keywords/76_keywords/t76_l02g31.md,0,
Wi-03_0232,typoglyphs/76_glyphs/t76_l02g32.png,keywords/76_keywords/t76_l02g32.md,0,
Wi-03_0233,typoglyphs/76_glyphs/t76_l02g33.png,keywords/76_keywords/t76_l02g33.md,0,
Wi-03_0234,typoglyphs/76_glyphs/t76_l02g34.png,keywords/76_keywords/t76_l02g34.md,0,
Wi-03_0235,typoglyphs/76_glyphs/t76_l02g35.png,keywords/76_keywords/t76_l02g35.md,0,
Wi-03_0236,typoglyphs/76_glyphs/t76_l02g36.png,keywords/76_keywords/t76_l02g36.md,0,
Wi-03_0237,typoglyphs/76_glyphs/t76_l02g37.png,keywords/76_keywords/t76_l02g37.md,0,
Wi-03_0238,typoglyphs/76_glyphs/t76_l02g38.png,keywords/76_keywords/t76_l02g38.md,0,
Wi-03_0301,typoglyphs/76_glyphs/t76_l03g01.png,keywords/76_keywords/t76_l03g01.md,0,
Wi-03_0302,typoglyphs/76_glyphs/t76_l03g02.png,keywords/76_keywords/t76_l03g02.md,0,
Wi-03_0303,typoglyphs/76_glyphs/t76_l03g03.png,keywords/76_keywords/t76_l03g03.md,0,
Wi-03_0304,typoglyphs/76_glyphs/t76_l03g04.png,keywords/76_keywords/t76_l03g04.md,0,
Wi-03_0305,typoglyphs/76_glyphs/t76_l03g05.png,keywords/76_keywords/t76_l03g05.md,0,
Wi-03_0306,typoglyphs/76_glyphs/t76_l03g06.png,keywords/76_keywords/t76_l03g06.md,1,descriptions/76_descriptions/t76_l03g06.md
Wi-03_0307,typoglyphs/76_glyphs/t76_l03g07.png,keywords/76_keywords/t76_l03g07.md,1,descriptions/76_descriptions/t76_l03g07.md
Wi-03_0308,typoglyphs/76_glyphs/t76_l03g08.png,keywords/76_keywords/t76_l03g08.md,0,
Wi-03_0309,typoglyphs/76_glyphs/t76_l03g09.png,keywords/76_keywords/t76_l03g09.md,0,
Wi-03_0310,typoglyphs/76_glyphs/t76_l03g10.png,keywords/76_keywords/t76_l03g10.md,0,
Wi-03_0311,typoglyphs/76_glyphs/t76_l03g11.png,keywords/76_keywords/t76_l03g11.md,0,
Wi-03_0312,typoglyphs/76_glyphs/t76_l03g12.png,keywords/76_keywords/t76_l03g12.md,0,
Wi-03_0313,typoglyphs/76_glyphs/t76_l03g13.png,keywords/76_keywords/t76_l03g13.md,0,
Wi-03_0314,typoglyphs/76_glyphs/t76_l03g14.png,keywords/76_keywords/t76_l03g14.md,0,
Wi-03_0315,typoglyphs/76_glyphs/t76_l03g15.png,keywords/76_keywords/t76_l03g15.md,0,
Wi-03_0316,typoglyphs/76_glyphs/t76_l03g16.png,keywords/76_keywords/t76_l03g16.md,0,
Wi-03_0317,typoglyphs/76_glyphs/t76_l03g17.png,keywords/76_keywords/t76_l03g17.md,0,
Wi-03_0318,typoglyphs/76_glyphs/t76_l03g18.png,keywords/76_keywords/t76_l03g18.md,0,
Wi-03_0319,typoglyphs/76_glyphs/t76_l03g19.png,keywords/76_keywords/t76_l03g19.md,0,
Wi-03_0320,typoglyphs/76_glyphs/t76_l03g20.png,keywords/76_keywords/t76_l03g20.md,0,
Wi-03_0321,typoglyphs/76_glyphs/t76_l03g21.png,keywords/76_keywords/t76_l03g21.md,0,
Wi-03_0322,typoglyphs/76_glyphs/t76_l03g22.png,keywords/76_keywords/t76_l03g22.md,0,
Wi-03_0323,typoglyphs/76_glyphs/t76_l03g23.png,keywords/76_keywords/t76_l03g23.md,0,
Wi-03_0324,typoglyphs/76_glyphs/t76_l03g24.png,keywords/76_keywords/t76_l03g24.md,0,
Wi-03_0325,typoglyphs/76_glyphs/t76_l03g25.png,keywords/76_keywords/t76_l03g25.md,0,
Wi-03_0326,typoglyphs/76_glyphs/t76_l03g26.png,keywords/76_keywords/t76_l03g26.md,0,
Wi-03_0327,typoglyphs/76_glyphs/t76_l03g27.png,keywords/76_keywords/t76_l03g27.md,0,
Wi-03_0328,typoglyphs/76_glyphs/t76_l03g28.png,keywords/76_keywords/t76_l03g28.md,0,
Wi-03_0329,typoglyphs/76_glyphs/t76_l03g29.png,keywords/76_keywords/t76_l03g29.md,0,
Wi-03_0330,typoglyphs/76_glyphs/t76_l03g30.png,keywords/76_keywords/t76_l03g30.md,0,
Wi-03_0331,typoglyphs/76_glyphs/t76_l03g31.png,keywords/76_keywords/t76_l03g31.md,0,
Wi-03_0332,typoglyphs/76_glyphs/t76_l03g32.png,keywords/76_keywords/t76_l03g32.md,0,
Wi-03u0101,typoglyphs/77_glyphs/t77_l01g01.png,keywords/77_keywords/t77_l01g01.md,0,
Wi-03d0101,typoglyphs/78_glyphs/t78_l01g01.png,keywords/78_keywords/t78_l01g01.md,0,
Wi-03d0102,typoglyphs/78_glyphs/t78_l01g02.png,keywords/78_keywords/t78_l01g02.md,0,
Wi-03d0103,typoglyphs/78_glyphs/t78_l01g03.png,keywords/78_keywords/t78_l01g03.md,0,
Wi-03d0104,typoglyphs/78_glyphs/t78_l01g04.png,keywords/78_keywords/t78_l01g04.md,0,
Wi-03d0105,typoglyphs/78_glyphs/t78_l01g05.png,keywords/78_keywords/t78_l01g05.md,0,
Wi-03d0106,typoglyphs/78_glyphs/t78_l01g06.png,keywords/78_keywords/t78_l01g06.md,0,
Wi-03d0107,typoglyphs/78_glyphs/t78_l01g07.png,keywords/78_keywords/t78_l01g07.md,0,
Wi-03d0108,typoglyphs/78_glyphs/t78_l01g08.png,keywords/78_keywords/t78_l01g08.md,0,
Wi-03d0109,typoglyphs/78_glyphs/t78_l01g09.png,keywords/78_keywords/t78_l01g09.md,0,
Wi-03d0110,typoglyphs/78_glyphs/t78_l01g10.png,keywords/78_keywords/t78_l01g10.md,0,
Wi-04_0101,typoglyphs/79_glyphs/t79_l01g01.png,keywords/79_keywords/t79_l01g01.md,0,
Wi-04_0102,typoglyphs/79_glyphs/t79_l01g02.png,keywords/79_keywords/t79_l01g02.md,0,
Wi-04_0103,typoglyphs/79_glyphs/t79_l01g03.png,keywords/79_keywords/t79_l01g03.md,0,
Wi-04_0104,typoglyphs/79_glyphs/t79_l01g04.png,keywords/79_keywords/t79_l01g04.md,0,
Wi-04_0105,typoglyphs/79_glyphs/t79_l01g05.png,keywords/79_keywords/t79_l01g05.md,0,
Wi-04_0106,typoglyphs/79_glyphs/t79_l01g06.png,keywords/79_keywords/t79_l01g06.md,0,
Wi-04_0107,typoglyphs/79_glyphs/t79_l01g07.png,keywords/79_keywords/t79_l01g07.md,0,
Wi-04_0108,typoglyphs/79_glyphs/t79_l01g08.png,keywords/79_keywords/t79_l01g08.md,0,
Wi-04_0109,typoglyphs/79_glyphs/t79_l01g09.png,keywords/79_keywords/t79_l01g09.md,0,
Wi-04_0110,typoglyphs/79_glyphs/t79_l01g10.png,keywords/79_keywords/t79_l01g10.md,0,
Wi-04_0111,typoglyphs/79_glyphs/t79_l01g11.png,keywords/79_keywords/t79_l01g11.md,0,
Wi-04_0112,typoglyphs/79_glyphs/t79_l01g12.png,keywords/79_keywords/t79_l01g12.md,0,
Wi-04_0113,typoglyphs/79_glyphs/t79_l01g13.png,keywords/79_keywords/t79_l01g13.md,0,
Wi-04_0114,typoglyphs/79_glyphs/t79_l01g14.png,keywords/79_keywords/t79_l01g14.md,0,
Wi-04_0115,typoglyphs/79_glyphs/t79_l01g15.png,keywords/79_keywords/t79_l01g15.md,0,
Wi-04_0116,typoglyphs/79_glyphs/t79_l01g16.png,keywords/79_keywords/t79_l01g16.md,0,
Wi-04_0117,typoglyphs/79_glyphs/t79_l01g17.png,keywords/79_keywords/t79_l01g17.md,0,
Wi-04_0118,typoglyphs/79_glyphs/t79_l01g18.png,keywords/79_keywords/t79_l01g18.md,0,
Wi-04_0119,typoglyphs/79_glyphs/t79_l01g19.png,keywords/79_keywords/t79_l01g19.md,0,
Wi-04_0120,typoglyphs/79_glyphs/t79_l01g20.png,keywords/79_keywords/t79_l01g20.md,0,
Wi-04_0121,typoglyphs/79_glyphs/t79_l01g21.png,keywords/79_keywords/t79_l01g21.md,0,
Wi-04_0122,typoglyphs/79_glyphs/t79_l01g22.png,keywords/79_keywords/t79_l01g22.md,0,
Wi-04_0123,typoglyphs/79_glyphs/t79_l01g23.png,keywords/79_keywords/t79_l01g23.md,0,
Wi-04_0124,typoglyphs/79_glyphs/t79_l01g24.png,keywords/79_keywords/t79_l01g24.md,0,
Wi-04_0201,typoglyphs/79_glyphs/t79_l02g01.png,keywords/79_keywords/t79_l02g01.md,0,
Wi-04_0202,typoglyphs/79_glyphs/t79_l02g02.png,keywords/79_keywords/t79_l02g02.md,0,
Wi-04_0203,typoglyphs/79_glyphs/t79_l02g03.png,keywords/79_keywords/t79_l02g03.md,0,
Wi-04_0204,typoglyphs/79_glyphs/t79_l02g04.png,keywords/79_keywords/t79_l02g04.md,0,
Wi-04_0205,typoglyphs/79_glyphs/t79_l02g05.png,keywords/79_keywords/t79_l02g05.md,0,
Wi-04_0206,typoglyphs/79_glyphs/t79_l02g06.png,keywords/79_keywords/t79_l02g06.md,0,
Wi-04_0207,typoglyphs/79_glyphs/t79_l02g07.png,keywords/79_keywords/t79_l02g07.md,0,
Wi-04_0208,typoglyphs/79_glyphs/t79_l02g08.png,keywords/79_keywords/t79_l02g08.md,0,
Wi-04_0209,typoglyphs/79_glyphs/t79_l02g09.png,keywords/79_keywords/t79_l02g09.md,0,
Wi-04_0210,typoglyphs/79_glyphs/t79_l02g10.png,keywords/79_keywords/t79_l02g10.md,0,
Wi-04_0211,typoglyphs/79_glyphs/t79_l02g11.png,keywords/79_keywords/t79_l02g11.md,0,
Wi-04_0212,typoglyphs/79_glyphs/t79_l02g12.png,keywords/79_keywords/t79_l02g12.md,0,
Wi-04_0213,typoglyphs/79_glyphs/t79_l02g13.png,keywords/79_keywords/t79_l02g13.md,0,
Wi-04_0214,typoglyphs/79_glyphs/t79_l02g14.png,keywords/79_keywords/t79_l02g14.md,0,
Wi-04_0215,typoglyphs/79_glyphs/t79_l02g15.png,keywords/79_keywords/t79_l02g15.md,0,
Wi-04_0216,typoglyphs/79_glyphs/t79_l02g16.png,keywords/79_keywords/t79_l02g16.md,0,
Wi-04_0217,typoglyphs/79_glyphs/t79_l02g17.png,keywords/79_keywords/t79_l02g17.md,0,
Wi-04_0218,typoglyphs/79_glyphs/t79_l02g18.png,keywords/79_keywords/t79_l02g18.md,0,
Wi-04_0219,typoglyphs/79_glyphs/t79_l02g19.png,keywords/79_keywords/t79_l02g19.md,0,
Wi-04_0220,typoglyphs/79_glyphs/t79_l02g20.png,keywords/79_keywords/t79_l02g20.md,0,
Wi-04_0221,typoglyphs/79_glyphs/t79_l02g21.png,keywords/79_keywords/t79_l02g21.md,0,
Wi-04_0222,typoglyphs/79_glyphs/t79_l02g22.png,keywords/79_keywords/t79_l02g22.md,0,
Wi-04_0223,typoglyphs/79_glyphs/t79_l02g23.png,keywords/79_keywords/t79_l02g23.md,0,
Wi-04_0224,typoglyphs/79_glyphs/t79_l02g24.png,keywords/79_keywords/t79_l02g24.md,0,
Wi-04_0225,typoglyphs/79_glyphs/t79_l02g25.png,keywords/79_keywords/t79_l02g25.md,0,
Wi-04_0226,typoglyphs/79_glyphs/t79_l02g26.png,keywords/79_keywords/t79_l02g26.md,0,
Wi-04_0227,typoglyphs/79_glyphs/t79_l02g27.png,keywords/79_keywords/t79_l02g27.md,0,
Wi-04_0228,typoglyphs/79_glyphs/t79_l02g28.png,keywords/79_keywords/t79_l02g28.md,0,
Wi-04_0229,typoglyphs/79_glyphs/t79_l02g29.png,keywords/79_keywords/t79_l02g29.md,0,
Wi-04_0230,typoglyphs/79_glyphs/t79_l02g30.png,keywords/79_keywords/t79_l02g30.md,0,
Wi-04_0231,typoglyphs/79_glyphs/t79_l02g31.png,keywords/79_keywords/t79_l02g31.md,0,
Wi-04_0232,typoglyphs/79_glyphs/t79_l02g32.png,keywords/79_keywords/t79_l02g32.md,0,
Wi-04_0233,typoglyphs/79_glyphs/t79_l02g33.png,keywords/79_keywords/t79_l02g33.md,0,
Wi-04_0234,typoglyphs/79_glyphs/t79_l02g34.png,keywords/79_keywords/t79_l02g34.md,0,
Wi-04_0235,typoglyphs/79_glyphs/t79_l02g35.png,keywords/79_keywords/t79_l02g35.md,0,
Wi-04_0236,typoglyphs/79_glyphs/t79_l02g36.png,keywords/79_keywords/t79_l02g36.md,0,
Wi-04_0237,typoglyphs/79_glyphs/t79_l02g37.png,keywords/79_keywords/t79_l02g37.md,0,
Wi-04_0238,typoglyphs/79_glyphs/t79_l02g38.png,keywords/79_keywords/t79_l02g38.md,0,
Wi-04_0239,typoglyphs/79_glyphs/t79_l02g39.png,keywords/79_keywords/t79_l02g39.md,0,
Wi-04_0240,typoglyphs/79_glyphs/t79_l02g40.png,keywords/79_keywords/t79_l02g40.md,0,
Wi-04_0241,typoglyphs/79_glyphs/t79_l02g41.png,keywords/79_keywords/t79_l02g41.md,0,
Wi-04_0301,typoglyphs/79_glyphs/t79_l03g01.png,keywords/79_keywords/t79_l03g01.md,0,
Wi-04_0302,typoglyphs/79_glyphs/t79_l03g02.png,keywords/79_keywords/t79_l03g02.md,0,
Wi-04_0303,typoglyphs/79_glyphs/t79_l03g03.png,keywords/79_keywords/t79_l03g03.md,0,
Wi-04_0304,typoglyphs/79_glyphs/t79_l03g04.png,keywords/79_keywords/t79_l03g04.md,0,
Wi-04_0305,typoglyphs/79_glyphs/t79_l03g05.png,keywords/79_keywords/t79_l03g05.md,0,
Wi-04_0306,typoglyphs/79_glyphs/t79_l03g06.png,keywords/79_keywords/t79_l03g06.md,0,
Wi-04_0307,typoglyphs/79_glyphs/t79_l03g07.png,keywords/79_keywords/t79_l03g07.md,0,
Wi-04_0308,typoglyphs/79_glyphs/t79_l03g08.png,keywords/79_keywords/t79_l03g08.md,1,descriptions/79_descriptions/t79_l03g08.md
Wi-04_0309,typoglyphs/79_glyphs/t79_l03g09.png,keywords/79_keywords/t79_l03g09.md,1,descriptions/79_descriptions/t79_l03g09.md
Wi-04_0310,typoglyphs/79_glyphs/t79_l03g10.png,keywords/79_keywords/t79_l03g10.md,0,
Wi-04_0311,typoglyphs/79_glyphs/t79_l03g11.png,keywords/79_keywords/t79_l03g11.md,0,
Wi-04_0312,typoglyphs/79_glyphs/t79_l03g12.png,keywords/79_keywords/t79_l03g12.md,0,
Wi-04_0313,typoglyphs/79_glyphs/t79_l03g13.png,keywords/79_keywords/t79_l03g13.md,0,
Wi-04_0314,typoglyphs/79_glyphs/t79_l03g14.png,keywords/79_keywords/t79_l03g14.md,0,
Wi-04_0315,typoglyphs/79_glyphs/t79_l03g15.png,keywords/79_keywords/t79_l03g15.md,0,
Wi-04_0316,typoglyphs/79_glyphs/t79_l03g16.png,keywords/79_keywords/t79_l03g16.md,0,
Wi-04_0317,typoglyphs/79_glyphs/t79_l03g17.png,keywords/79_keywords/t79_l03g17.md,0,
Wi-04_0318,typoglyphs/79_glyphs/t79_l03g18.png,keywords/79_keywords/t79_l03g18.md,0,
Wi-04_0319,typoglyphs/79_glyphs/t79_l03g19.png,keywords/79_keywords/t79_l03g19.md,0,
Wi-04_0320,typoglyphs/79_glyphs/t79_l03g20.png,keywords/79_keywords/t79_l03g20.md,0,
Wi-04_0321,typoglyphs/79_glyphs/t79_l03g21.png,keywords/79_keywords/t79_l03g21.md,0,
Wi-04_0322,typoglyphs/79_glyphs/t79_l03g22.png,keywords/79_keywords/t79_l03g22.md,0,
Wi-04_0323,typoglyphs/79_glyphs/t79_l03g23.png,keywords/79_keywords/t79_l03g23.md,0,
Wi-04_0324,typoglyphs/79_glyphs/t79_l03g24.png,keywords/79_keywords/t79_l03g24.md,0,
Wi-04_0325,typoglyphs/79_glyphs/t79_l03g25.png,keywords/79_keywords/t79_l03g25.md,0,
Wi-04_0326,typoglyphs/79_glyphs/t79_l03g26.png,keywords/79_keywords/t79_l03g26.md,0,
Wi-04_0327,typoglyphs/79_glyphs/t79_l03g27.png,keywords/79_keywords/t79_l03g27.md,0,
Wi-04_0328,typoglyphs/79_glyphs/t79_l03g28.png,keywords/79_keywords/t79_l03g28.md,0,
Wi-04_0329,typoglyphs/79_glyphs/t79_l03g29.png,keywords/79_keywords/t79_l03g29.md,0,
Wi-04_0330,typoglyphs/79_glyphs/t79_l03g30.png,keywords/79_keywords/t79_l03g30.md,0,
Wi-04_0331,typoglyphs/79_glyphs/t79_l03g31.png,keywords/79_keywords/t79_l03g31.md,0,
Wi-04_0332,typoglyphs/79_glyphs/t79_l03g32.png,keywords/79_keywords/t79_l03g32.md,0,
Wi-04_0333,typoglyphs/79_glyphs/t79_l03g33.png,keywords/79_keywords/t79_l03g33.md,0,
Wi-04_0334,typoglyphs/79_glyphs/t79_l03g34.png,keywords/79_keywords/t79_l03g34.md,0,
Wi-04_0335,typoglyphs/79_glyphs/t79_l03g35.png,keywords/79_keywords/t79_l03g35.md,0,
Wi-04u0101,typoglyphs/80_glyphs/t80_l01g01.png,keywords/80_keywords/t80_l01g01.md,0,
Wi-04u0102,typoglyphs/80_glyphs/t80_l01g02.png,keywords/80_keywords/t80_l01g02.md,0,
Wi-04u0103,typoglyphs/80_glyphs/t80_l01g03.png,keywords/80_keywords/t80_l01g03.md,0,
Wi-04u0104,typoglyphs/80_glyphs/t80_l01g04.png,keywords/80_keywords/t80_l01g04.md,0,
Wi-04u0105,typoglyphs/80_glyphs/t80_l01g05.png,keywords/80_keywords/t80_l01g05.md,0,
Wi-05_0101,typoglyphs/81_glyphs/t81_l01g01.png,keywords/81_keywords/t81_l01g01.md,0,
Wi-05_0102,typoglyphs/81_glyphs/t81_l01g02.png,keywords/81_keywords/t81_l01g02.md,0,
Wi-05_0103,typoglyphs/81_glyphs/t81_l01g03.png,keywords/81_keywords/t81_l01g03.md,0,
Wi-05_0104,typoglyphs/81_glyphs/t81_l01g04.png,keywords/81_keywords/t81_l01g04.md,0,
Wi-05_0105,typoglyphs/81_glyphs/t81_l01g05.png,keywords/81_keywords/t81_l01g05.md,0,
Wi-05_0106,typoglyphs/81_glyphs/t81_l01g06.png,keywords/81_keywords/t81_l01g06.md,0,
Wi-05_0107,typoglyphs/81_glyphs/t81_l01g07.png,keywords/81_keywords/t81_l01g07.md,0,
Wi-05_0108,typoglyphs/81_glyphs/t81_l01g08.png,keywords/81_keywords/t81_l01g08.md,0,
Wi-05_0109,typoglyphs/81_glyphs/t81_l01g09.png,keywords/81_keywords/t81_l01g09.md,0,
Wi-05_0110,typoglyphs/81_glyphs/t81_l01g10.png,keywords/81_keywords/t81_l01g10.md,0,
Wi-05_0111,typoglyphs/81_glyphs/t81_l01g11.png,keywords/81_keywords/t81_l01g11.md,0,
Wi-05_0112,typoglyphs/81_glyphs/t81_l01g12.png,keywords/81_keywords/t81_l01g12.md,0,
Wi-05_0113,typoglyphs/81_glyphs/t81_l01g13.png,keywords/81_keywords/t81_l01g13.md,0,
Wi-05_0114,typoglyphs/81_glyphs/t81_l01g14.png,keywords/81_keywords/t81_l01g14.md,0,
Wi-05_0115,typoglyphs/81_glyphs/t81_l01g15.png,keywords/81_keywords/t81_l01g15.md,0,
Wi-05_0116,typoglyphs/81_glyphs/t81_l01g16.png,keywords/81_keywords/t81_l01g16.md,0,
Wi-05_0117,typoglyphs/81_glyphs/t81_l01g17.png,keywords/81_keywords/t81_l01g17.md,0,
Wi-05_0118,typoglyphs/81_glyphs/t81_l01g18.png,keywords/81_keywords/t81_l01g18.md,0,
Wi-05_0119,typoglyphs/81_glyphs/t81_l01g19.png,keywords/81_keywords/t81_l01g19.md,0,
Wi-05_0120,typoglyphs/81_glyphs/t81_l01g20.png,keywords/81_keywords/t81_l01g20.md,0,
Wi-05_0121,typoglyphs/81_glyphs/t81_l01g21.png,keywords/81_keywords/t81_l01g21.md,0,
Wi-05_0122,typoglyphs/81_glyphs/t81_l01g22.png,keywords/81_keywords/t81_l01g22.md,0,
Wi-05_0123,typoglyphs/81_glyphs/t81_l01g23.png,keywords/81_keywords/t81_l01g23.md,0,
Wi-05_0201,typoglyphs/81_glyphs/t81_l02g01.png,keywords/81_keywords/t81_l02g01.md,0,
Wi-05_0202,typoglyphs/81_glyphs/t81_l02g02.png,keywords/81_keywords/t81_l02g02.md,0,
Wi-05_0203,typoglyphs/81_glyphs/t81_l02g03.png,keywords/81_keywords/t81_l02g03.md,0,
Wi-05_0204,typoglyphs/81_glyphs/t81_l02g04.png,keywords/81_keywords/t81_l02g04.md,0,
Wi-05_0205,typoglyphs/81_glyphs/t81_l02g05.png,keywords/81_keywords/t81_l02g05.md,0,
Wi-05_0206,typoglyphs/81_glyphs/t81_l02g06.png,keywords/81_keywords/t81_l02g06.md,0,
Wi-05_0207,typoglyphs/81_glyphs/t81_l02g07.png,keywords/81_keywords/t81_l02g07.md,0,
Wi-05_0208,typoglyphs/81_glyphs/t81_l02g08.png,keywords/81_keywords/t81_l02g08.md,0,
Wi-05_0209,typoglyphs/81_glyphs/t81_l02g09.png,keywords/81_keywords/t81_l02g09.md,0,
Wi-05_0210,typoglyphs/81_glyphs/t81_l02g10.png,keywords/81_keywords/t81_l02g10.md,0,
Wi-05_0211,typoglyphs/81_glyphs/t81_l02g11.png,keywords/81_keywords/t81_l02g11.md,0,
Wi-05_0212,typoglyphs/81_glyphs/t81_l02g12.png,keywords/81_keywords/t81_l02g12.md,0,
Wi-05_0213,typoglyphs/81_glyphs/t81_l02g13.png,keywords/81_keywords/t81_l02g13.md,0,
Wi-05_0214,typoglyphs/81_glyphs/t81_l02g14.png,keywords/81_keywords/t81_l02g14.md,0,
Wi-05_0215,typoglyphs/81_glyphs/t81_l02g15.png,keywords/81_keywords/t81_l02g15.md,0,
Wi-05_0216,typoglyphs/81_glyphs/t81_l02g16.png,keywords/81_keywords/t81_l02g16.md,0,
Wi-05_0217,typoglyphs/81_glyphs/t81_l02g17.png,keywords/81_keywords/t81_l02g17.md,0,
Wi-05_0218,typoglyphs/81_glyphs/t81_l02g18.png,keywords/81_keywords/t81_l02g18.md,0,
Wi-05_0219,typoglyphs/81_glyphs/t81_l02g19.png,keywords/81_keywords/t81_l02g19.md,0,
Wi-05_0220,typoglyphs/81_glyphs/t81_l02g20.png,keywords/81_keywords/t81_l02g20.md,0,
Wi-05_0221,typoglyphs/81_glyphs/t81_l02g21.png,keywords/81_keywords/t81_l02g21.md,0,
Wi-05_0222,typoglyphs/81_glyphs/t81_l02g22.png,keywords/81_keywords/t81_l02g22.md,0,
Wi-05_0223,typoglyphs/81_glyphs/t81_l02g23.png,keywords/81_keywords/t81_l02g23.md,0,
Wi-05_0224,typoglyphs/81_glyphs/t81_l02g24.png,keywords/81_keywords/t81_l02g24.md,0,
Wi-05_0225,typoglyphs/81_glyphs/t81_l02g25.png,keywords/81_keywords/t81_l02g25.md,0,
Wi-05_0226,typoglyphs/81_glyphs/t81_l02g26.png,keywords/81_keywords/t81_l02g26.md,0,
Wi-05_0227,typoglyphs/81_glyphs/t81_l02g27.png,keywords/81_keywords/t81_l02g27.md,0,
Wi-05_0228,typoglyphs/81_glyphs/t81_l02g28.png,keywords/81_keywords/t81_l02g28.md,0,
Wi-05_0229,typoglyphs/81_glyphs/t81_l02g29.png,keywords/81_keywords/t81_l02g29.md,0,
Wi-05_0230,typoglyphs/81_glyphs/t81_l02g30.png,keywords/81_keywords/t81_l02g30.md,0,
Wi-05_0231,typoglyphs/81_glyphs/t81_l02g31.png,keywords/81_keywords/t81_l02g31.md,0,
Wi-05_0232,typoglyphs/81_glyphs/t81_l02g32.png,keywords/81_keywords/t81_l02g32.md,0,
Wi-05_0233,typoglyphs/81_glyphs/t81_l02g33.png,keywords/81_keywords/t81_l02g33.md,0,
Wi-05_0234,typoglyphs/81_glyphs/t81_l02g34.png,keywords/81_keywords/t81_l02g34.md,0,
Wi-05_0235,typoglyphs/81_glyphs/t81_l02g35.png,keywords/81_keywords/t81_l02g35.md,0,
Wi-05_0301,typoglyphs/81_glyphs/t81_l03g01.png,keywords/81_keywords/t81_l03g01.md,1,descriptions/81_descriptions/t81_l03g01.md
Wi-05_0302,typoglyphs/81_glyphs/t81_l03g02.png,keywords/81_keywords/t81_l03g02.md,1,descriptions/81_descriptions/t81_l03g02.md
Wi-05_0303,typoglyphs/81_glyphs/t81_l03g03.png,keywords/81_keywords/t81_l03g03.md,0,
Wi-05_0304,typoglyphs/81_glyphs/t81_l03g04.png,keywords/81_keywords/t81_l03g04.md,0,
Wi-05_0305,typoglyphs/81_glyphs/t81_l03g05.png,keywords/81_keywords/t81_l03g05.md,0,
Wi-05_0306,typoglyphs/81_glyphs/t81_l03g06.png,keywords/81_keywords/t81_l03g06.md,0,
Wi-05_0307,typoglyphs/81_glyphs/t81_l03g07.png,keywords/81_keywords/t81_l03g07.md,0,
Wi-05_0308,typoglyphs/81_glyphs/t81_l03g08.png,keywords/81_keywords/t81_l03g08.md,0,
Wi-05_0309,typoglyphs/81_glyphs/t81_l03g09.png,keywords/81_keywords/t81_l03g09.md,0,
Wi-05_0310,typoglyphs/81_glyphs/t81_l03g10.png,keywords/81_keywords/t81_l03g10.md,0,
Wi-05_0311,typoglyphs/81_glyphs/t81_l03g11.png,keywords/81_keywords/t81_l03g11.md,0,
Wi-05_0312,typoglyphs/81_glyphs/t81_l03g12.png,keywords/81_keywords/t81_l03g12.md,0,
Wi-05_0313,typoglyphs/81_glyphs/t81_l03g13.png,keywords/81_keywords/t81_l03g13.md,0,
Wi-05_0314,typoglyphs/81_glyphs/t81_l03g14.png,keywords/81_keywords/t81_l03g14.md,0,
Wi-05_0315,typoglyphs/81_glyphs/t81_l03g15.png,keywords/81_keywords/t81_l03g15.md,0,
Wi-05_0316,typoglyphs/81_glyphs/t81_l03g16.png,keywords/81_keywords/t81_l03g16.md,0,
Wi-05_0317,typoglyphs/81_glyphs/t81_l03g17.png,keywords/81_keywords/t81_l03g17.md,0,
Wi-05_0318,typoglyphs/81_glyphs/t81_l03g18.png,keywords/81_keywords/t81_l03g18.md,0,
Wi-05_0319,typoglyphs/81_glyphs/t81_l03g19.png,keywords/81_keywords/t81_l03g19.md,0,
Wi-05_0320,typoglyphs/81_glyphs/t81_l03g20.png,keywords/81_keywords/t81_l03g20.md,0,
Wi-05_0321,typoglyphs/81_glyphs/t81_l03g21.png,keywords/81_keywords/t81_l03g21.md,0,
Wi-05_0322,typoglyphs/81_glyphs/t81_l03g22.png,keywords/81_keywords/t81_l03g22.md,0,
Wi-05u0101,typoglyphs/82_glyphs/t82_l01g01.png,keywords/82_keywords/t82_l01g01.md,0,
Wi-05u0102,typoglyphs/82_glyphs/t82_l01g02.png,keywords/82_keywords/t82_l01g02.md,0,
Wi-05u0103,typoglyphs/82_glyphs/t82_l01g03.png,keywords/82_keywords/t82_l01g03.md,0,
Wi-05u0104,typoglyphs/82_glyphs/t82_l01g04.png,keywords/82_keywords/t82_l01g04.md,0,
Wi-05u0105,typoglyphs/82_glyphs/t82_l01g05.png,keywords/82_keywords/t82_l01g05.md,0,
Wi-05u0106,typoglyphs/82_glyphs/t82_l01g06.png,keywords/82_keywords/t82_l01g06.md,0,
Wi-05u0107,typoglyphs/82_glyphs/t82_l01g07.png,keywords/82_keywords/t82_l01g07.md,0,
Wi-05u0108,typoglyphs/82_glyphs/t82_l01g08.png,keywords/82_keywords/t82_l01g08.md,0,
Wi-05u0109,typoglyphs/82_glyphs/t82_l01g09.png,keywords/82_keywords/t82_l01g09.md,0,
Wi-05u0110,typoglyphs/82_glyphs/t82_l01g10.png,keywords/82_keywords/t82_l01g10.md,0,
Wi-09_0101,typoglyphs/83_glyphs/t83_l01g01.png,keywords/83_keywords/t83_l01g01.md,0,
Wi-09_0102,typoglyphs/83_glyphs/t83_l01g02.png,keywords/83_keywords/t83_l01g02.md,0,
Wi-09_0103,typoglyphs/83_glyphs/t83_l01g03.png,keywords/83_keywords/t83_l01g03.md,0,
Wi-09_0104,typoglyphs/83_glyphs/t83_l01g04.png,keywords/83_keywords/t83_l01g04.md,0,
Wi-09_0105,typoglyphs/83_glyphs/t83_l01g05.png,keywords/83_keywords/t83_l01g05.md,0,
Wi-09_0106,typoglyphs/83_glyphs/t83_l01g06.png,keywords/83_keywords/t83_l01g06.md,0,
Wi-09_0107,typoglyphs/83_glyphs/t83_l01g07.png,keywords/83_keywords/t83_l01g07.md,0,
Wi-09_0108,typoglyphs/83_glyphs/t83_l01g08.png,keywords/83_keywords/t83_l01g08.md,0,
Wi-09_0109,typoglyphs/83_glyphs/t83_l01g09.png,keywords/83_keywords/t83_l01g09.md,0,
Wi-09_0110,typoglyphs/83_glyphs/t83_l01g10.png,keywords/83_keywords/t83_l01g10.md,0,
Wi-09_0111,typoglyphs/83_glyphs/t83_l01g11.png,keywords/83_keywords/t83_l01g11.md,0,
Wi-09_0112,typoglyphs/83_glyphs/t83_l01g12.png,keywords/83_keywords/t83_l01g12.md,0,
Wi-09_0113,typoglyphs/83_glyphs/t83_l01g13.png,keywords/83_keywords/t83_l01g13.md,0,
Wi-09_0114,typoglyphs/83_glyphs/t83_l01g14.png,keywords/83_keywords/t83_l01g14.md,0,
Wi-09_0115,typoglyphs/83_glyphs/t83_l01g15.png,keywords/83_keywords/t83_l01g15.md,0,
Wi-09_0116,typoglyphs/83_glyphs/t83_l01g16.png,keywords/83_keywords/t83_l01g16.md,0,
Wi-09_0117,typoglyphs/83_glyphs/t83_l01g17.png,keywords/83_keywords/t83_l01g17.md,0,
Wi-09_0118,typoglyphs/83_glyphs/t83_l01g18.png,keywords/83_keywords/t83_l01g18.md,0,
Wi-09_0119,typoglyphs/83_glyphs/t83_l01g19.png,keywords/83_keywords/t83_l01g19.md,0,
Wi-09_0120,typoglyphs/83_glyphs/t83_l01g20.png,keywords/83_keywords/t83_l01g20.md,0,
Wi-09_0121,typoglyphs/83_glyphs/t83_l01g21.png,keywords/83_keywords/t83_l01g21.md,0,
Wi-09_0122,typoglyphs/83_glyphs/t83_l01g22.png,keywords/83_keywords/t83_l01g22.md,0,
Wi-09_0123,typoglyphs/83_glyphs/t83_l01g23.png,keywords/83_keywords/t83_l01g23.md,0,
Wi-09_0124,typoglyphs/83_glyphs/t83_l01g24.png,keywords/83_keywords/t83_l01g24.md,0,
Wi-09_0201,typoglyphs/83_glyphs/t83_l02g01.png,keywords/83_keywords/t83_l02g01.md,0,
Wi-09_0202,typoglyphs/83_glyphs/t83_l02g02.png,keywords/83_keywords/t83_l02g02.md,0,
Wi-09_0203,typoglyphs/83_glyphs/t83_l02g03.png,keywords/83_keywords/t83_l02g03.md,0,
Wi-09_0204,typoglyphs/83_glyphs/t83_l02g04.png,keywords/83_keywords/t83_l02g04.md,0,
Wi-09_0205,typoglyphs/83_glyphs/t83_l02g05.png,keywords/83_keywords/t83_l02g05.md,0,
Wi-09_0206,typoglyphs/83_glyphs/t83_l02g06.png,keywords/83_keywords/t83_l02g06.md,0,
Wi-09_0207,typoglyphs/83_glyphs/t83_l02g07.png,keywords/83_keywords/t83_l02g07.md,0,
Wi-09_0208,typoglyphs/83_glyphs/t83_l02g08.png,keywords/83_keywords/t83_l02g08.md,0,
Wi-09_0209,typoglyphs/83_glyphs/t83_l02g09.png,keywords/83_keywords/t83_l02g09.md,0,
Wi-09_0210,typoglyphs/83_glyphs/t83_l02g10.png,keywords/83_keywords/t83_l02g10.md,0,
Wi-09_0211,typoglyphs/83_glyphs/t83_l02g11.png,keywords/83_keywords/t83_l02g11.md,0,
Wi-09_0212,typoglyphs/83_glyphs/t83_l02g12.png,keywords/83_keywords/t83_l02g12.md,0,
Wi-09_0213,typoglyphs/83_glyphs/t83_l02g13.png,keywords/83_keywords/t83_l02g13.md,0,
Wi-09_0214,typoglyphs/83_glyphs/t83_l02g14.png,keywords/83_keywords/t83_l02g14.md,0,
Wi-09_0215,typoglyphs/83_glyphs/t83_l02g15.png,keywords/83_keywords/t83_l02g15.md,0,
Wi-09_0216,typoglyphs/83_glyphs/t83_l02g16.png,keywords/83_keywords/t83_l02g16.md,0,
Wi-09_0217,typoglyphs/83_glyphs/t83_l02g17.png,keywords/83_keywords/t83_l02g17.md,0,
Wi-09_0218,typoglyphs/83_glyphs/t83_l02g18.png,keywords/83_keywords/t83_l02g18.md,0,
Wi-09_0219,typoglyphs/83_glyphs/t83_l02g19.png,keywords/83_keywords/t83_l02g19.md,0,
Wi-09_0220,typoglyphs/83_glyphs/t83_l02g20.png,keywords/83_keywords/t83_l02g20.md,0,
Wi-09_0221,typoglyphs/83_glyphs/t83_l02g21.png,keywords/83_keywords/t83_l02g21.md,0,
Wi-09_0222,typoglyphs/83_glyphs/t83_l02g22.png,keywords/83_keywords/t83_l02g22.md,0,
Wi-09_0223,typoglyphs/83_glyphs/t83_l02g23.png,keywords/83_keywords/t83_l02g23.md,0,
Wi-09_0224,typoglyphs/83_glyphs/t83_l02g24.png,keywords/83_keywords/t83_l02g24.md,0,
Wi-09_0225,typoglyphs/83_glyphs/t83_l02g25.png,keywords/83_keywords/t83_l02g25.md,0,
Wi-09_0226,typoglyphs/83_glyphs/t83_l02g26.png,keywords/83_keywords/t83_l02g26.md,0,
Wi-09_0227,typoglyphs/83_glyphs/t83_l02g27.png,keywords/83_keywords/t83_l02g27.md,0,
Wi-09_0228,typoglyphs/83_glyphs/t83_l02g28.png,keywords/83_keywords/t83_l02g28.md,0,
Wi-09_0229,typoglyphs/83_glyphs/t83_l02g29.png,keywords/83_keywords/t83_l02g29.md,0,
Wi-09_0230,typoglyphs/83_glyphs/t83_l02g30.png,keywords/83_keywords/t83_l02g30.md,0,
Wi-09_0231,typoglyphs/83_glyphs/t83_l02g31.png,keywords/83_keywords/t83_l02g31.md,0,
Wi-09_0232,typoglyphs/83_glyphs/t83_l02g32.png,keywords/83_keywords/t83_l02g32.md,0,
Wi-09_0233,typoglyphs/83_glyphs/t83_l02g33.png,keywords/83_keywords/t83_l02g33.md,0,
Wi-09_0234,typoglyphs/83_glyphs/t83_l02g34.png,keywords/83_keywords/t83_l02g34.md,0,
Wi-09_0235,typoglyphs/83_glyphs/t83_l02g35.png,keywords/83_keywords/t83_l02g35.md,0,
Wi-09_0236,typoglyphs/83_glyphs/t83_l02g36.png,keywords/83_keywords/t83_l02g36.md,0,
Wi-09_0237,typoglyphs/83_glyphs/t83_l02g37.png,keywords/83_keywords/t83_l02g37.md,0,
Wi-09_0238,typoglyphs/83_glyphs/t83_l02g38.png,keywords/83_keywords/t83_l02g38.md,0,
Wi-09_0301,typoglyphs/83_glyphs/t83_l03g01.png,keywords/83_keywords/t83_l03g01.md,0,
Wi-09_0302,typoglyphs/83_glyphs/t83_l03g02.png,keywords/83_keywords/t83_l03g02.md,0,
Wi-09_0303,typoglyphs/83_glyphs/t83_l03g03.png,keywords/83_keywords/t83_l03g03.md,0,
Wi-09_0304,typoglyphs/83_glyphs/t83_l03g04.png,keywords/83_keywords/t83_l03g04.md,0,
Wi-09_0305,typoglyphs/83_glyphs/t83_l03g05.png,keywords/83_keywords/t83_l03g05.md,0,
Wi-09_0306,typoglyphs/83_glyphs/t83_l03g06.png,keywords/83_keywords/t83_l03g06.md,0,
Wi-09_0307,typoglyphs/83_glyphs/t83_l03g07.png,keywords/83_keywords/t83_l03g07.md,0,
Wi-09_0308,typoglyphs/83_glyphs/t83_l03g08.png,keywords/83_keywords/t83_l03g08.md,0,
Wi-09_0309,typoglyphs/83_glyphs/t83_l03g09.png,keywords/83_keywords/t83_l03g09.md,0,
Wi-09_0310,typoglyphs/83_glyphs/t83_l03g10.png,keywords/83_keywords/t83_l03g10.md,0,
Wi-09_0311,typoglyphs/83_glyphs/t83_l03g11.png,keywords/83_keywords/t83_l03g11.md,0,
Wi-09_0312,typoglyphs/83_glyphs/t83_l03g12.png,keywords/83_keywords/t83_l03g12.md,0,
Wi-09_0313,typoglyphs/83_glyphs/t83_l03g13.png,keywords/83_keywords/t83_l03g13.md,0,
Wi-09_0314,typoglyphs/83_glyphs/t83_l03g14.png,keywords/83_keywords/t83_l03g14.md,0,
Wi-09_0315,typoglyphs/83_glyphs/t83_l03g15.png,keywords/83_keywords/t83_l03g15.md,0,
Wi-09_0316,typoglyphs/83_glyphs/t83_l03g16.png,keywords/83_keywords/t83_l03g16.md,0,
Wi-09_0317,typoglyphs/83_glyphs/t83_l03g17.png,keywords/83_keywords/t83_l03g17.md,0,
Wi-09_0318,typoglyphs/83_glyphs/t83_l03g18.png,keywords/83_keywords/t83_l03g18.md,0,
Wi-09_0319,typoglyphs/83_glyphs/t83_l03g19.png,keywords/83_keywords/t83_l03g19.md,0,
Wi-09_0320,typoglyphs/83_glyphs/t83_l03g20.png,keywords/83_keywords/t83_l03g20.md,0,
Wi-09_0321,typoglyphs/83_glyphs/t83_l03g21.png,keywords/83_keywords/t83_l03g21.md,0,
Wi-09_0322,typoglyphs/83_glyphs/t83_l03g22.png,keywords/83_keywords/t83_l03g22.md,0,
Wi-09_0323,typoglyphs/83_glyphs/t83_l03g23.png,keywords/83_keywords/t83_l03g23.md,0,
Wi-09_0324,typoglyphs/83_glyphs/t83_l03g24.png,keywords/83_keywords/t83_l03g24.md,0,
Wi-09_0325,typoglyphs/83_glyphs/t83_l03g25.png,keywords/83_keywords/t83_l03g25.md,0,
Wi-09_0326,typoglyphs/83_glyphs/t83_l03g26.png,keywords/83_keywords/t83_l03g26.md,0,
Wi-09_0327,typoglyphs/83_glyphs/t83_l03g27.png,keywords/83_keywords/t83_l03g27.md,0,
Wi-09_0328,typoglyphs/83_glyphs/t83_l03g28.png,keywords/83_keywords/t83_l03g28.md,0,
Wi-09_0329,typoglyphs/83_glyphs/t83_l03g29.png,keywords/83_keywords/t83_l03g29.md,0,
Wi-09_0330,typoglyphs/83_glyphs/t83_l03g30.png,keywords/83_keywords/t83_l03g30.md,0,
Wi-09_0331,typoglyphs/83_glyphs/t83_l03g31.png,keywords/83_keywords/t83_l03g31.md,0,
Wi-09_0332,typoglyphs/83_glyphs/t83_l03g32.png,keywords/83_keywords/t83_l03g32.md,0,
Wi-09_0333,typoglyphs/83_glyphs/t83_l03g33.png,keywords/83_keywords/t83_l03g33.md,0,
Wi-09_0401,typoglyphs/83_glyphs/t83_l04g01.png,keywords/83_keywords/t83_l04g01.md,0,
Wi-09_0402,typoglyphs/83_glyphs/t83_l04g02.png,keywords/83_keywords/t83_l04g02.md,0,
Wi-09_0403,typoglyphs/83_glyphs/t83_l04g03.png,keywords/83_keywords/t83_l04g03.md,0,
Wi-09_0404,typoglyphs/83_glyphs/t83_l04g04.png,keywords/83_keywords/t83_l04g04.md,0,
Wi-09_0405,typoglyphs/83_glyphs/t83_l04g05.png,keywords/83_keywords/t83_l04g05.md,0,
Wi-09_0406,typoglyphs/83_glyphs/t83_l04g06.png,keywords/83_keywords/t83_l04g06.md,0,
Wi-09_0407,typoglyphs/83_glyphs/t83_l04g07.png,keywords/83_keywords/t83_l04g07.md,0,
Wi-09_0408,typoglyphs/83_glyphs/t83_l04g08.png,keywords/83_keywords/t83_l04g08.md,0,
Wi-09_0409,typoglyphs/83_glyphs/t83_l04g09.png,keywords/83_keywords/t83_l04g09.md,0,
Wi-09_0410,typoglyphs/83_glyphs/t83_l04g10.png,keywords/83_keywords/t83_l04g10.md,1,descriptions/83_descriptions/t83_l04g10.md
Wi-09_0411,typoglyphs/83_glyphs/t83_l04g11.png,keywords/83_keywords/t83_l04g11.md,0,
Wi-09_0412,typoglyphs/83_glyphs/t83_l04g12.png,keywords/83_keywords/t83_l04g12.md,0,
Wi-09_0413,typoglyphs/83_glyphs/t83_l04g13.png,keywords/83_keywords/t83_l04g13.md,0,
Wi-09_0414,typoglyphs/83_glyphs/t83_l04g14.png,keywords/83_keywords/t83_l04g14.md,0,
Wi-09_0415,typoglyphs/83_glyphs/t83_l04g15.png,keywords/83_keywords/t83_l04g15.md,0,
Wi-09_0416,typoglyphs/83_glyphs/t83_l04g16.png,keywords/83_keywords/t83_l04g16.md,0,
Wi-09_0417,typoglyphs/83_glyphs/t83_l04g17.png,keywords/83_keywords/t83_l04g17.md,0,
Wi-09_0418,typoglyphs/83_glyphs/t83_l04g18.png,keywords/83_keywords/t83_l04g18.md,0,
Wi-09_0419,typoglyphs/83_glyphs/t83_l04g19.png,keywords/83_keywords/t83_l04g19.md,0,
Wi-09_0420,typoglyphs/83_glyphs/t83_l04g20.png,keywords/83_keywords/t83_l04g20.md,0,
Wi-09_0421,typoglyphs/83_glyphs/t83_l04g21.png,keywords/83_keywords/t83_l04g21.md,0,
Wi-09_0422,typoglyphs/83_glyphs/t83_l04g22.png,keywords/83_keywords/t83_l04g22.md,0,
Wi-09_0423,typoglyphs/83_glyphs/t83_l04g23.png,keywords/83_keywords/t83_l04g23.md,0,
Wi-09_0424,typoglyphs/83_glyphs/t83_l04g24.png,keywords/83_keywords/t83_l04g24.md,0,
Wi-09_0425,typoglyphs/83_glyphs/t83_l04g25.png,keywords/83_keywords/t83_l04g25.md,0,
Wi-09_0426,typoglyphs/83_glyphs/t83_l04g26.png,keywords/83_keywords/t83_l04g26.md,0,
Wi-09_0427,typoglyphs/83_glyphs/t83_l04g27.png,keywords/83_keywords/t83_l04g27.md,0,
Wi-09_0428,typoglyphs/83_glyphs/t83_l04g28.png,keywords/83_keywords/t83_l04g28.md,0,
Wi-09_0429,typoglyphs/83_glyphs/t83_l04g29.png,keywords/83_keywords/t83_l04g29.md,0,
Wi-09_0430,typoglyphs/83_glyphs/t83_l04g30.png,keywords/83_keywords/t83_l04g30.md,0,
Wi-09_0431,typoglyphs/83_glyphs/t83_l04g31.png,keywords/83_keywords/t83_l04g31.md,0,
Wi-10+80101,typoglyphs/84_glyphs/t84_l01g01.png,keywords/84_keywords/t84_l01g01.md,0,
Wi-10+80102,typoglyphs/84_glyphs/t84_l01g02.png,keywords/84_keywords/t84_l01g02.md,0,
Wi-10+80103,typoglyphs/84_glyphs/t84_l01g03.png,keywords/84_keywords/t84_l01g03.md,0,
Wi-10+80104,typoglyphs/84_glyphs/t84_l01g04.png,keywords/84_keywords/t84_l01g04.md,0,
Wi-10+80105,typoglyphs/84_glyphs/t84_l01g05.png,keywords/84_keywords/t84_l01g05.md,0,
Wi-10+80106,typoglyphs/84_glyphs/t84_l01g06.png,keywords/84_keywords/t84_l01g06.md,0,
Wi-10+80107,typoglyphs/84_glyphs/t84_l01g07.png,keywords/84_keywords/t84_l01g07.md,0,
Wi-10+80108,typoglyphs/84_glyphs/t84_l01g08.png,keywords/84_keywords/t84_l01g08.md,0,
Wi-10+80109,typoglyphs/84_glyphs/t84_l01g09.png,keywords/84_keywords/t84_l01g09.md,0,
Wi-10+80110,typoglyphs/84_glyphs/t84_l01g10.png,keywords/84_keywords/t84_l01g10.md,0,
Wi-10+80111,typoglyphs/84_glyphs/t84_l01g11.png,keywords/84_keywords/t84_l01g11.md,0,
Wi-10+80112,typoglyphs/84_glyphs/t84_l01g12.png,keywords/84_keywords/t84_l01g12.md,0,
Wi-10+80113,typoglyphs/84_glyphs/t84_l01g13.png,keywords/84_keywords/t84_l01g13.md,0,
Wi-10+80114,typoglyphs/84_glyphs/t84_l01g14.png,keywords/84_keywords/t84_l01g14.md,0,
Wi-10+80115,typoglyphs/84_glyphs/t84_l01g15.png,keywords/84_keywords/t84_l01g15.md,0,
Wi-10+80116,typoglyphs/84_glyphs/t84_l01g16.png,keywords/84_keywords/t84_l01g16.md,0,
Wi-10+80117,typoglyphs/84_glyphs/t84_l01g17.png,keywords/84_keywords/t84_l01g17.md,0,
Wi-10+80118,typoglyphs/84_glyphs/t84_l01g18.png,keywords/84_keywords/t84_l01g18.md,0,
Wi-10+80119,typoglyphs/84_glyphs/t84_l01g19.png,keywords/84_keywords/t84_l01g19.md,0,
Wi-10+80120,typoglyphs/84_glyphs/t84_l01g20.png,keywords/84_keywords/t84_l01g20.md,0,
Wi-10+80121,typoglyphs/84_glyphs/t84_l01g21.png,keywords/84_keywords/t84_l01g21.md,0,
Wi-10+80122,typoglyphs/84_glyphs/t84_l01g22.png,keywords/84_keywords/t84_l01g22.md,0,
Wi-10+80123,typoglyphs/84_glyphs/t84_l01g23.png,keywords/84_keywords/t84_l01g23.md,0,
Wi-10+80124,typoglyphs/84_glyphs/t84_l01g24.png,keywords/84_keywords/t84_l01g24.md,0,
Wi-10+80201,typoglyphs/84_glyphs/t84_l02g01.png,keywords/84_keywords/t84_l02g01.md,0,
Wi-10+80202,typoglyphs/84_glyphs/t84_l02g02.png,keywords/84_keywords/t84_l02g02.md,0,
Wi-10+80203,typoglyphs/84_glyphs/t84_l02g03.png,keywords/84_keywords/t84_l02g03.md,0,
Wi-10+80204,typoglyphs/84_glyphs/t84_l02g04.png,keywords/84_keywords/t84_l02g04.md,0,
Wi-10+80205,typoglyphs/84_glyphs/t84_l02g05.png,keywords/84_keywords/t84_l02g05.md,0,
Wi-10+80206,typoglyphs/84_glyphs/t84_l02g06.png,keywords/84_keywords/t84_l02g06.md,0,
Wi-10+80207,typoglyphs/84_glyphs/t84_l02g07.png,keywords/84_keywords/t84_l02g07.md,0,
Wi-10+80208,typoglyphs/84_glyphs/t84_l02g08.png,keywords/84_keywords/t84_l02g08.md,0,
Wi-10+80209,typoglyphs/84_glyphs/t84_l02g09.png,keywords/84_keywords/t84_l02g09.md,0,
Wi-10+80210,typoglyphs/84_glyphs/t84_l02g10.png,keywords/84_keywords/t84_l02g10.md,0,
Wi-10+80211,typoglyphs/84_glyphs/t84_l02g11.png,keywords/84_keywords/t84_l02g11.md,0,
Wi-10+80212,typoglyphs/84_glyphs/t84_l02g12.png,keywords/84_keywords/t84_l02g12.md,0,
Wi-10+80213,typoglyphs/84_glyphs/t84_l02g13.png,keywords/84_keywords/t84_l02g13.md,0,
Wi-10+80214,typoglyphs/84_glyphs/t84_l02g14.png,keywords/84_keywords/t84_l02g14.md,0,
Wi-10+80215,typoglyphs/84_glyphs/t84_l02g15.png,keywords/84_keywords/t84_l02g15.md,0,
Wi-10+80216,typoglyphs/84_glyphs/t84_l02g16.png,keywords/84_keywords/t84_l02g16.md,0,
Wi-10+80217,typoglyphs/84_glyphs/t84_l02g17.png,keywords/84_keywords/t84_l02g17.md,0,
Wi-10+80218,typoglyphs/84_glyphs/t84_l02g18.png,keywords/84_keywords/t84_l02g18.md,0,
Wi-10+80219,typoglyphs/84_glyphs/t84_l02g19.png,keywords/84_keywords/t84_l02g19.md,0,
Wi-10+80220,typoglyphs/84_glyphs/t84_l02g20.png,keywords/84_keywords/t84_l02g20.md,0,
Wi-10+80221,typoglyphs/84_glyphs/t84_l02g21.png,keywords/84_keywords/t84_l02g21.md,0,
Wi-10+80222,typoglyphs/84_glyphs/t84_l02g22.png,keywords/84_keywords/t84_l02g22.md,0,
Wi-10+80223,typoglyphs/84_glyphs/t84_l02g23.png,keywords/84_keywords/t84_l02g23.md,0,
Wi-10+80224,typoglyphs/84_glyphs/t84_l02g24.png,keywords/84_keywords/t84_l02g24.md,0,
Wi-10+80225,typoglyphs/84_glyphs/t84_l02g25.png,keywords/84_keywords/t84_l02g25.md,0,
Wi-10+80226,typoglyphs/84_glyphs/t84_l02g26.png,keywords/84_keywords/t84_l02g26.md,0,
Wi-10+80227,typoglyphs/84_glyphs/t84_l02g27.png,keywords/84_keywords/t84_l02g27.md,0,
Wi-10+80228,typoglyphs/84_glyphs/t84_l02g28.png,keywords/84_keywords/t84_l02g28.md,0,
Wi-10+80229,typoglyphs/84_glyphs/t84_l02g29.png,keywords/84_keywords/t84_l02g29.md,0,
Wi-10+80230,typoglyphs/84_glyphs/t84_l02g30.png,keywords/84_keywords/t84_l02g30.md,0,
Wi-10+80231,typoglyphs/84_glyphs/t84_l02g31.png,keywords/84_keywords/t84_l02g31.md,0,
Wi-10+80232,typoglyphs/84_glyphs/t84_l02g32.png,keywords/84_keywords/t84_l02g32.md,0,
Wi-10+80233,typoglyphs/84_glyphs/t84_l02g33.png,keywords/84_keywords/t84_l02g33.md,0,
Wi-10+80301,typoglyphs/84_glyphs/t84_l03g01.png,keywords/84_keywords/t84_l03g01.md,0,
Wi-10+80302,typoglyphs/84_glyphs/t84_l03g02.png,keywords/84_keywords/t84_l03g02.md,0,
Wi-10+80303,typoglyphs/84_glyphs/t84_l03g03.png,keywords/84_keywords/t84_l03g03.md,0,
Wi-10+80304,typoglyphs/84_glyphs/t84_l03g04.png,keywords/84_keywords/t84_l03g04.md,0,
Wi-10+80305,typoglyphs/84_glyphs/t84_l03g05.png,keywords/84_keywords/t84_l03g05.md,0,
Wi-10+80306,typoglyphs/84_glyphs/t84_l03g06.png,keywords/84_keywords/t84_l03g06.md,0,
Wi-10+80307,typoglyphs/84_glyphs/t84_l03g07.png,keywords/84_keywords/t84_l03g07.md,0,
Wi-10+80308,typoglyphs/84_glyphs/t84_l03g08.png,keywords/84_keywords/t84_l03g08.md,0,
Wi-10+80309,typoglyphs/84_glyphs/t84_l03g09.png,keywords/84_keywords/t84_l03g09.md,0,
Wi-10+80310,typoglyphs/84_glyphs/t84_l03g10.png,keywords/84_keywords/t84_l03g10.md,0,
Wi-10+80311,typoglyphs/84_glyphs/t84_l03g11.png,keywords/84_keywords/t84_l03g11.md,0,
Wi-10+80312,typoglyphs/84_glyphs/t84_l03g12.png,keywords/84_keywords/t84_l03g12.md,0,
Wi-10+80313,typoglyphs/84_glyphs/t84_l03g13.png,keywords/84_keywords/t84_l03g13.md,0,
Wi-10+80314,typoglyphs/84_glyphs/t84_l03g14.png,keywords/84_keywords/t84_l03g14.md,0,
Wi-10+80315,typoglyphs/84_glyphs/t84_l03g15.png,keywords/84_keywords/t84_l03g15.md,0,
Wi-10+80316,typoglyphs/84_glyphs/t84_l03g16.png,keywords/84_keywords/t84_l03g16.md,0,
Wi-10+80317,typoglyphs/84_glyphs/t84_l03g17.png,keywords/84_keywords/t84_l03g17.md,0,
Wi-10+80318,typoglyphs/84_glyphs/t84_l03g18.png,keywords/84_keywords/t84_l03g18.md,0,
Wi-10+80319,typoglyphs/84_glyphs/t84_l03g19.png,keywords/84_keywords/t84_l03g19.md,0,
Wi-10+80320,typoglyphs/84_glyphs/t84_l03g20.png,keywords/84_keywords/t84_l03g20.md,0,
Wi-10+80321,typoglyphs/84_glyphs/t84_l03g21.png,keywords/84_keywords/t84_l03g21.md,0,
Wi-10+80322,typoglyphs/84_glyphs/t84_l03g22.png,keywords/84_keywords/t84_l03g22.md,0,
Wi-10+80323,typoglyphs/84_glyphs/t84_l03g23.png,keywords/84_keywords/t84_l03g23.md,0,
Wi-10+80324,typoglyphs/84_glyphs/t84_l03g24.png,keywords/84_keywords/t84_l03g24.md,0,
Wi-10+80325,typoglyphs/84_glyphs/t84_l03g25.png,keywords/84_keywords/t84_l03g25.md,0,
Wi-10+80326,typoglyphs/84_glyphs/t84_l03g26.png,keywords/84_keywords/t84_l03g26.md,0,
Wi-10+80327,typoglyphs/84_glyphs/t84_l03g27.png,keywords/84_keywords/t84_l03g27.md,0,
Wi-10+80328,typoglyphs/84_glyphs/t84_l03g28.png,keywords/84_keywords/t84_l03g28.md,0,
Wi-10+80329,typoglyphs/84_glyphs/t84_l03g29.png,keywords/84_keywords/t84_l03g29.md,0,
Wi-10+80330,typoglyphs/84_glyphs/t84_l03g30.png,keywords/84_keywords/t84_l03g30.md,0,
Wi-10+80401,typoglyphs/84_glyphs/t84_l04g01.png,keywords/84_keywords/t84_l04g01.md,0,
Wi-10+80402,typoglyphs/84_glyphs/t84_l04g02.png,keywords/84_keywords/t84_l04g02.md,0,
Wi-10+80403,typoglyphs/84_glyphs/t84_l04g03.png,keywords/84_keywords/t84_l04g03.md,0,
Wi-10+80404,typoglyphs/84_glyphs/t84_l04g04.png,keywords/84_keywords/t84_l04g04.md,0,
Wi-10+80405,typoglyphs/84_glyphs/t84_l04g05.png,keywords/84_keywords/t84_l04g05.md,0,
Wi-10+80406,typoglyphs/84_glyphs/t84_l04g06.png,keywords/84_keywords/t84_l04g06.md,0,
Wi-10+80407,typoglyphs/84_glyphs/t84_l04g07.png,keywords/84_keywords/t84_l04g07.md,0,
Wi-10+80408,typoglyphs/84_glyphs/t84_l04g08.png,keywords/84_keywords/t84_l04g08.md,0,
Wi-10+80409,typoglyphs/84_glyphs/t84_l04g09.png,keywords/84_keywords/t84_l04g09.md,0,
Wi-10+80410,typoglyphs/84_glyphs/t84_l04g10.png,keywords/84_keywords/t84_l04g10.md,0,
Wi-10+80411,typoglyphs/84_glyphs/t84_l04g11.png,keywords/84_keywords/t84_l04g11.md,0,
Wi-10+80412,typoglyphs/84_glyphs/t84_l04g12.png,keywords/84_keywords/t84_l04g12.md,0,
Wi-10+80413,typoglyphs/84_glyphs/t84_l04g13.png,keywords/84_keywords/t84_l04g13.md,0,
Wi-10+80414,typoglyphs/84_glyphs/t84_l04g14.png,keywords/84_keywords/t84_l04g14.md,0,
Wi-10+80415,typoglyphs/84_glyphs/t84_l04g15.png,keywords/84_keywords/t84_l04g15.md,0,
Wi-10+80416,typoglyphs/84_glyphs/t84_l04g16.png,keywords/84_keywords/t84_l04g16.md,0,
Wi-10+80417,typoglyphs/84_glyphs/t84_l04g17.png,keywords/84_keywords/t84_l04g17.md,0,
Wi-10+80418,typoglyphs/84_glyphs/t84_l04g18.png,keywords/84_keywords/t84_l04g18.md,0,
Wi-11+11a0101,typoglyphs/85_glyphs/t85_l01g01.png,keywords/85_keywords/t85_l01g01.md,0,
Wi-11+11a0102,typoglyphs/85_glyphs/t85_l01g02.png,keywords/85_keywords/t85_l01g02.md,0,
Wi-11+11a0103,typoglyphs/85_glyphs/t85_l01g03.png,keywords/85_keywords/t85_l01g03.md,0,
Wi-11+11a0104,typoglyphs/85_glyphs/t85_l01g04.png,keywords/85_keywords/t85_l01g04.md,0,
Wi-11+11a0105,typoglyphs/85_glyphs/t85_l01g05.png,keywords/85_keywords/t85_l01g05.md,0,
Wi-11+11a0106,typoglyphs/85_glyphs/t85_l01g06.png,keywords/85_keywords/t85_l01g06.md,0,
Wi-11+11a0107,typoglyphs/85_glyphs/t85_l01g07.png,keywords/85_keywords/t85_l01g07.md,0,
Wi-11+11a0108,typoglyphs/85_glyphs/t85_l01g08.png,keywords/85_keywords/t85_l01g08.md,0,
Wi-11+11a0109,typoglyphs/85_glyphs/t85_l01g09.png,keywords/85_keywords/t85_l01g09.md,0,
Wi-11+11a0110,typoglyphs/85_glyphs/t85_l01g10.png,keywords/85_keywords/t85_l01g10.md,0,
Wi-11+11a0111,typoglyphs/85_glyphs/t85_l01g11.png,keywords/85_keywords/t85_l01g11.md,0,
Wi-11+11a0112,typoglyphs/85_glyphs/t85_l01g12.png,keywords/85_keywords/t85_l01g12.md,0,
Wi-11+11a0113,typoglyphs/85_glyphs/t85_l01g13.png,keywords/85_keywords/t85_l01g13.md,0,
Wi-11+11a0114,typoglyphs/85_glyphs/t85_l01g14.png,keywords/85_keywords/t85_l01g14.md,0,
Wi-11+11a0115,typoglyphs/85_glyphs/t85_l01g15.png,keywords/85_keywords/t85_l01g15.md,0,
Wi-11+11a0116,typoglyphs/85_glyphs/t85_l01g16.png,keywords/85_keywords/t85_l01g16.md,0,
Wi-11+11a0117,typoglyphs/85_glyphs/t85_l01g17.png,keywords/85_keywords/t85_l01g17.md,0,
Wi-11+11a0118,typoglyphs/85_glyphs/t85_l01g18.png,keywords/85_keywords/t85_l01g18.md,0,
Wi-11+11a0119,typoglyphs/85_glyphs/t85_l01g19.png,keywords/85_keywords/t85_l01g19.md,0,
Wi-11+11a0120,typoglyphs/85_glyphs/t85_l01g20.png,keywords/85_keywords/t85_l01g20.md,0,
Wi-11+11a0121,typoglyphs/85_glyphs/t85_l01g21.png,keywords/85_keywords/t85_l01g21.md,0,
Wi-11+11a0201,typoglyphs/85_glyphs/t85_l02g01.png,keywords/85_keywords/t85_l02g01.md,0,
Wi-11+11a0202,typoglyphs/85_glyphs/t85_l02g02.png,keywords/85_keywords/t85_l02g02.md,0,
Wi-11+11a0203,typoglyphs/85_glyphs/t85_l02g03.png,keywords/85_keywords/t85_l02g03.md,0,
Wi-11+11a0204,typoglyphs/85_glyphs/t85_l02g04.png,keywords/85_keywords/t85_l02g04.md,0,
Wi-11+11a0205,typoglyphs/85_glyphs/t85_l02g05.png,keywords/85_keywords/t85_l02g05.md,0,
Wi-11+11a0206,typoglyphs/85_glyphs/t85_l02g06.png,keywords/85_keywords/t85_l02g06.md,0,
Wi-11+11a0207,typoglyphs/85_glyphs/t85_l02g07.png,keywords/85_keywords/t85_l02g07.md,0,
Wi-11+11a0208,typoglyphs/85_glyphs/t85_l02g08.png,keywords/85_keywords/t85_l02g08.md,0,
Wi-11+11a0209,typoglyphs/85_glyphs/t85_l02g09.png,keywords/85_keywords/t85_l02g09.md,0,
Wi-11+11a0210,typoglyphs/85_glyphs/t85_l02g10.png,keywords/85_keywords/t85_l02g10.md,0,
Wi-12_0101,typoglyphs/86_glyphs/t86_l01g01.png,keywords/86_keywords/t86_l01g01.md,0,
Wi-12_0102,typoglyphs/86_glyphs/t86_l01g02.png,keywords/86_keywords/t86_l01g02.md,0,
Wi-12_0103,typoglyphs/86_glyphs/t86_l01g03.png,keywords/86_keywords/t86_l01g03.md,0,
Wi-12_0104,typoglyphs/86_glyphs/t86_l01g04.png,keywords/86_keywords/t86_l01g04.md,0,
Wi-12_0105,typoglyphs/86_glyphs/t86_l01g05.png,keywords/86_keywords/t86_l01g05.md,0,
Wi-12_0106,typoglyphs/86_glyphs/t86_l01g06.png,keywords/86_keywords/t86_l01g06.md,0,
Wi-12_0107,typoglyphs/86_glyphs/t86_l01g07.png,keywords/86_keywords/t86_l01g07.md,0,
Wi-12_0108,typoglyphs/86_glyphs/t86_l01g08.png,keywords/86_keywords/t86_l01g08.md,0,
Wi-12_0109,typoglyphs/86_glyphs/t86_l01g09.png,keywords/86_keywords/t86_l01g09.md,0,
Wi-12_0110,typoglyphs/86_glyphs/t86_l01g10.png,keywords/86_keywords/t86_l01g10.md,0,
Wi-12_0111,typoglyphs/86_glyphs/t86_l01g11.png,keywords/86_keywords/t86_l01g11.md,0,
Wi-12_0112,typoglyphs/86_glyphs/t86_l01g12.png,keywords/86_keywords/t86_l01g12.md,0,
Wi-12_0113,typoglyphs/86_glyphs/t86_l01g13.png,keywords/86_keywords/t86_l01g13.md,0,
Wi-12_0114,typoglyphs/86_glyphs/t86_l01g14.png,keywords/86_keywords/t86_l01g14.md,0,
Wi-12_0115,typoglyphs/86_glyphs/t86_l01g15.png,keywords/86_keywords/t86_l01g15.md,0,
Wi-12_0116,typoglyphs/86_glyphs/t86_l01g16.png,keywords/86_keywords/t86_l01g16.md,0,
Wi-12_0201,typoglyphs/86_glyphs/t86_l02g01.png,keywords/86_keywords/t86_l02g01.md,0,
Wi-12_0202,typoglyphs/86_glyphs/t86_l02g02.png,keywords/86_keywords/t86_l02g02.md,0,
Wi-12_0203,typoglyphs/86_glyphs/t86_l02g03.png,keywords/86_keywords/t86_l02g03.md,0,
Wi-12_0204,typoglyphs/86_glyphs/t86_l02g04.png,keywords/86_keywords/t86_l02g04.md,0,
Wi-12_0205,typoglyphs/86_glyphs/t86_l02g05.png,keywords/86_keywords/t86_l02g05.md,0,
Wi-12_0206,typoglyphs/86_glyphs/t86_l02g06.png,keywords/86_keywords/t86_l02g06.md,0,
Wi-12_0207,typoglyphs/86_glyphs/t86_l02g07.png,keywords/86_keywords/t86_l02g07.md,0,
Wi-12_0208,typoglyphs/86_glyphs/t86_l02g08.png,keywords/86_keywords/t86_l02g08.md,0,
Wi-12_0209,typoglyphs/86_glyphs/t86_l02g09.png,keywords/86_keywords/t86_l02g09.md,0,
Wi-12_0210,typoglyphs/86_glyphs/t86_l02g10.png,keywords/86_keywords/t86_l02g10.md,0,
Wi-12_0211,typoglyphs/86_glyphs/t86_l02g11.png,keywords/86_keywords/t86_l02g11.md,0,
Wi-12_0212,typoglyphs/86_glyphs/t86_l02g12.png,keywords/86_keywords/t86_l02g12.md,0,
Wi-12_0213,typoglyphs/86_glyphs/t86_l02g13.png,keywords/86_keywords/t86_l02g13.md,0,
Wi-12_0214,typoglyphs/86_glyphs/t86_l02g14.png,keywords/86_keywords/t86_l02g14.md,0,
Wi-12_0301,typoglyphs/86_glyphs/t86_l03g01.png,keywords/86_keywords/t86_l03g01.md,0,
Wi-12_0302,typoglyphs/86_glyphs/t86_l03g02.png,keywords/86_keywords/t86_l03g02.md,0,
Wi-12_0303,typoglyphs/86_glyphs/t86_l03g03.png,keywords/86_keywords/t86_l03g03.md,0,
Wi-12_0304,typoglyphs/86_glyphs/t86_l03g04.png,keywords/86_keywords/t86_l03g04.md,0,
Wi-12_0305,typoglyphs/86_glyphs/t86_l03g05.png,keywords/86_keywords/t86_l03g05.md,0,
Wi-12_0306,typoglyphs/86_glyphs/t86_l03g06.png,keywords/86_keywords/t86_l03g06.md,0,
Wi-12_0307,typoglyphs/86_glyphs/t86_l03g07.png,keywords/86_keywords/t86_l03g07.md,0,
Wi-12_0308,typoglyphs/86_glyphs/t86_l03g08.png,keywords/86_keywords/t86_l03g08.md,0,
Wi-12_0309,typoglyphs/86_glyphs/t86_l03g09.png,keywords/86_keywords/t86_l03g09.md,0,
Wi-12_0310,typoglyphs/86_glyphs/t86_l03g10.png,keywords/86_keywords/t86_l03g10.md,0,
Wi-12_0311,typoglyphs/86_glyphs/t86_l03g11.png,keywords/86_keywords/t86_l03g11.md,0,
Wi-12_0312,typoglyphs/86_glyphs/t86_l03g12.png,keywords/86_keywords/t86_l03g12.md,0,
Wi-12_0313,typoglyphs/86_glyphs/t86_l03g13.png,keywords/86_keywords/t86_l03g13.md,0,
Wi-12_0314,typoglyphs/86_glyphs/t86_l03g14.png,keywords/86_keywords/t86_l03g14.md,0,
Wi-12_0315,typoglyphs/86_glyphs/t86_l03g15.png,keywords/86_keywords/t86_l03g15.md,0,
Wi-12_0316,typoglyphs/86_glyphs/t86_l03g16.png,keywords/86_keywords/t86_l03g16.md,0,
Wi-12_0317,typoglyphs/86_glyphs/t86_l03g17.png,keywords/86_keywords/t86_l03g17.md,0,
Wi-12_0318,typoglyphs/86_glyphs/t86_l03g18.png,keywords/86_keywords/t86_l03g18.md,0,
Wi-12_0319,typoglyphs/86_glyphs/t86_l03g19.png,keywords/86_keywords/t86_l03g19.md,0,
Wi-12_0320,typoglyphs/86_glyphs/t86_l03g20.png,keywords/86_keywords/t86_l03g20.md,0,
Wi-12_0321,typoglyphs/86_glyphs/t86_l03g21.png,keywords/86_keywords/t86_l03g21.md,0,
Wi-12_0322,typoglyphs/86_glyphs/t86_l03g22.png,keywords/86_keywords/t86_l03g22.md,0,
Wi-12_0323,typoglyphs/86_glyphs/t86_l03g23.png,keywords/86_keywords/t86_l03g23.md,0,
Wi-12_0324,typoglyphs/86_glyphs/t86_l03g24.png,keywords/86_keywords/t86_l03g24.md,0,
Wi-12_0325,typoglyphs/86_glyphs/t86_l03g25.png,keywords/86_keywords/t86_l03g25.md,0,
Wi-12_0401,typoglyphs/86_glyphs/t86_l04g01.png,keywords/86_keywords/t86_l04g01.md,0,
Wi-12_0402,typoglyphs/86_glyphs/t86_l04g02.png,keywords/86_keywords/t86_l04g02.md,0,
Wi-12_0403,typoglyphs/86_glyphs/t86_l04g03.png,keywords/86_keywords/t86_l04g03.md,0,
Wi-12_0404,typoglyphs/86_glyphs/t86_l04g04.png,keywords/86_keywords/t86_l04g04.md,0,
Wi-12_0405,typoglyphs/86_glyphs/t86_l04g05.png,keywords/86_keywords/t86_l04g05.md,0,
Wi-12_0406,typoglyphs/86_glyphs/t86_l04g06.png,keywords/86_keywords/t86_l04g06.md,0,
Wi-12_0407,typoglyphs/86_glyphs/t86_l04g07.png,keywords/86_keywords/t86_l04g07.md,0,
Wi-12_0408,typoglyphs/86_glyphs/t86_l04g08.png,keywords/86_keywords/t86_l04g08.md,0,
Wi-12_0409,typoglyphs/86_glyphs/t86_l04g09.png,keywords/86_keywords/t86_l04g09.md,0,
Wi-12_0410,typoglyphs/86_glyphs/t86_l04g10.png,keywords/86_keywords/t86_l04g10.md,0,
Wi-12_0411,typoglyphs/86_glyphs/t86_l04g11.png,keywords/86_keywords/t86_l04g11.md,0,
Wi-12_0412,typoglyphs/86_glyphs/t86_l04g12.png,keywords/86_keywords/t86_l04g12.md,0,
Wi-12_0413,typoglyphs/86_glyphs/t86_l04g13.png,keywords/86_keywords/t86_l04g13.md,0,
Wi-12_0414,typoglyphs/86_glyphs/t86_l04g14.png,keywords/86_keywords/t86_l04g14.md,0,
Wi-12_0415,typoglyphs/86_glyphs/t86_l04g15.png,keywords/86_keywords/t86_l04g15.md,0,
Wi-12_0416,typoglyphs/86_glyphs/t86_l04g16.png,keywords/86_keywords/t86_l04g16.md,0,
Wi-12_0417,typoglyphs/86_glyphs/t86_l04g17.png,keywords/86_keywords/t86_l04g17.md,0,
Wi-12_0418,typoglyphs/86_glyphs/t86_l04g18.png,keywords/86_keywords/t86_l04g18.md,0,
Wi-13_0101,typoglyphs/87_glyphs/t87_l01g01.png,keywords/87_keywords/t87_l01g01.md,0,
Wi-13_0102,typoglyphs/87_glyphs/t87_l01g02.png,keywords/87_keywords/t87_l01g02.md,0,
Wi-13_0103,typoglyphs/87_glyphs/t87_l01g03.png,keywords/87_keywords/t87_l01g03.md,0,
Wi-13_0104,typoglyphs/87_glyphs/t87_l01g04.png,keywords/87_keywords/t87_l01g04.md,0,
Wi-13_0105,typoglyphs/87_glyphs/t87_l01g05.png,keywords/87_keywords/t87_l01g05.md,0,
Wi-13_0106,typoglyphs/87_glyphs/t87_l01g06.png,keywords/87_keywords/t87_l01g06.md,0,
Wi-13_0107,typoglyphs/87_glyphs/t87_l01g07.png,keywords/87_keywords/t87_l01g07.md,0,
Wi-13_0108,typoglyphs/87_glyphs/t87_l01g08.png,keywords/87_keywords/t87_l01g08.md,0,
Wi-13_0109,typoglyphs/87_glyphs/t87_l01g09.png,keywords/87_keywords/t87_l01g09.md,0,
Wi-13_0110,typoglyphs/87_glyphs/t87_l01g10.png,keywords/87_keywords/t87_l01g10.md,0,
Wi-13_0111,typoglyphs/87_glyphs/t87_l01g11.png,keywords/87_keywords/t87_l01g11.md,0,
Wi-13_0112,typoglyphs/87_glyphs/t87_l01g12.png,keywords/87_keywords/t87_l01g12.md,0,
Wi-13_0113,typoglyphs/87_glyphs/t87_l01g13.png,keywords/87_keywords/t87_l01g13.md,0,
Wi-13_0114,typoglyphs/87_glyphs/t87_l01g14.png,keywords/87_keywords/t87_l01g14.md,0,
Wi-13_0115,typoglyphs/87_glyphs/t87_l01g15.png,keywords/87_keywords/t87_l01g15.md,0,
Wi-13_0116,typoglyphs/87_glyphs/t87_l01g16.png,keywords/87_keywords/t87_l01g16.md,0,
Wi-13_0117,typoglyphs/87_glyphs/t87_l01g17.png,keywords/87_keywords/t87_l01g17.md,0,
Wi-13_0118,typoglyphs/87_glyphs/t87_l01g18.png,keywords/87_keywords/t87_l01g18.md,0,
Wi-13_0119,typoglyphs/87_glyphs/t87_l01g19.png,keywords/87_keywords/t87_l01g19.md,0,
Wi-13_0120,typoglyphs/87_glyphs/t87_l01g20.png,keywords/87_keywords/t87_l01g20.md,0,
Wi-13_0201,typoglyphs/87_glyphs/t87_l02g01.png,keywords/87_keywords/t87_l02g01.md,0,
Wi-13_0202,typoglyphs/87_glyphs/t87_l02g02.png,keywords/87_keywords/t87_l02g02.md,0,
Wi-13_0203,typoglyphs/87_glyphs/t87_l02g03.png,keywords/87_keywords/t87_l02g03.md,0,
Wi-13_0204,typoglyphs/87_glyphs/t87_l02g04.png,keywords/87_keywords/t87_l02g04.md,0,
Wi-13_0205,typoglyphs/87_glyphs/t87_l02g05.png,keywords/87_keywords/t87_l02g05.md,0,
Wi-13_0206,typoglyphs/87_glyphs/t87_l02g06.png,keywords/87_keywords/t87_l02g06.md,0,
Wi-13_0207,typoglyphs/87_glyphs/t87_l02g07.png,keywords/87_keywords/t87_l02g07.md,0,
Wi-13_0208,typoglyphs/87_glyphs/t87_l02g08.png,keywords/87_keywords/t87_l02g08.md,0,
Wi-13_0209,typoglyphs/87_glyphs/t87_l02g09.png,keywords/87_keywords/t87_l02g09.md,0,
Wi-13_0210,typoglyphs/87_glyphs/t87_l02g10.png,keywords/87_keywords/t87_l02g10.md,0,
Wi-13_0211,typoglyphs/87_glyphs/t87_l02g11.png,keywords/87_keywords/t87_l02g11.md,0,
Wi-13_0212,typoglyphs/87_glyphs/t87_l02g12.png,keywords/87_keywords/t87_l02g12.md,0,
Wi-13_0213,typoglyphs/87_glyphs/t87_l02g13.png,keywords/87_keywords/t87_l02g13.md,0,
Wi-13_0214,typoglyphs/87_glyphs/t87_l02g14.png,keywords/87_keywords/t87_l02g14.md,0,
Wi-13_0215,typoglyphs/87_glyphs/t87_l02g15.png,keywords/87_keywords/t87_l02g15.md,0,
Wi-13_0216,typoglyphs/87_glyphs/t87_l02g16.png,keywords/87_keywords/t87_l02g16.md,0,
Wi-13_0217,typoglyphs/87_glyphs/t87_l02g17.png,keywords/87_keywords/t87_l02g17.md,0,
Wi-13_0218,typoglyphs/87_glyphs/t87_l02g18.png,keywords/87_keywords/t87_l02g18.md,0,
Wi-13_0219,typoglyphs/87_glyphs/t87_l02g19.png,keywords/87_keywords/t87_l02g19.md,0,
Wi-13_0220,typoglyphs/87_glyphs/t87_l02g20.png,keywords/87_keywords/t87_l02g20.md,0,
Wi-13_0221,typoglyphs/87_glyphs/t87_l02g21.png,keywords/87_keywords/t87_l02g21.md,0,
Wi-13_0222,typoglyphs/87_glyphs/t87_l02g22.png,keywords/87_keywords/t87_l02g22.md,0,
Wi-13_0223,typoglyphs/87_glyphs/t87_l02g23.png,keywords/87_keywords/t87_l02g23.md,0,
Wi-13_0224,typoglyphs/87_glyphs/t87_l02g24.png,keywords/87_keywords/t87_l02g24.md,0,
Wi-13_0225,typoglyphs/87_glyphs/t87_l02g25.png,keywords/87_keywords/t87_l02g25.md,0,
Wi-13_0226,typoglyphs/87_glyphs/t87_l02g26.png,keywords/87_keywords/t87_l02g26.md,0,
Wi-13_0227,typoglyphs/87_glyphs/t87_l02g27.png,keywords/87_keywords/t87_l02g27.md,0,
Wi-13_0228,typoglyphs/87_glyphs/t87_l02g28.png,keywords/87_keywords/t87_l02g28.md,0,
Wi-13_0229,typoglyphs/87_glyphs/t87_l02g29.png,keywords/87_keywords/t87_l02g29.md,0,
Wi-13_0230,typoglyphs/87_glyphs/t87_l02g30.png,keywords/87_keywords/t87_l02g30.md,0,
Wi-13_0231,typoglyphs/87_glyphs/t87_l02g31.png,keywords/87_keywords/t87_l02g31.md,0,
Wi-13_0232,typoglyphs/87_glyphs/t87_l02g32.png,keywords/87_keywords/t87_l02g32.md,1,descriptions/87_descriptions/t87_l02g32.md
Wi-13_0233,typoglyphs/87_glyphs/t87_l02g33.png,keywords/87_keywords/t87_l02g33.md,0,
Wi-13_0234,typoglyphs/87_glyphs/t87_l02g34.png,keywords/87_keywords/t87_l02g34.md,0,
Wi-13_0235,typoglyphs/87_glyphs/t87_l02g35.png,keywords/87_keywords/t87_l02g35.md,0,
Wi-13_0301,typoglyphs/87_glyphs/t87_l03g01.png,keywords/87_keywords/t87_l03g01.md,0,
Wi-13_0302,typoglyphs/87_glyphs/t87_l03g02.png,keywords/87_keywords/t87_l03g02.md,0,
Wi-13_0303,typoglyphs/87_glyphs/t87_l03g03.png,keywords/87_keywords/t87_l03g03.md,0,
Wi-13_0304,typoglyphs/87_glyphs/t87_l03g04.png,keywords/87_keywords/t87_l03g04.md,0,
Wi-13_0305,typoglyphs/87_glyphs/t87_l03g05.png,keywords/87_keywords/t87_l03g05.md,0,
Wi-13_0306,typoglyphs/87_glyphs/t87_l03g06.png,keywords/87_keywords/t87_l03g06.md,0,
Wi-13_0401,typoglyphs/87_glyphs/t87_l04g01.png,keywords/87_keywords/t87_l04g01.md,0,
Wi-14_0101,typoglyphs/88_glyphs/t88_l01g01.png,keywords/88_keywords/t88_l01g01.md,0,
Wi-14_0102,typoglyphs/88_glyphs/t88_l01g02.png,keywords/88_keywords/t88_l01g02.md,0,
Wi-14_0103,typoglyphs/88_glyphs/t88_l01g03.png,keywords/88_keywords/t88_l01g03.md,0,
Wi-14_0104,typoglyphs/88_glyphs/t88_l01g04.png,keywords/88_keywords/t88_l01g04.md,0,
Wi-14_0105,typoglyphs/88_glyphs/t88_l01g05.png,keywords/88_keywords/t88_l01g05.md,0,
Wi-14_0106,typoglyphs/88_glyphs/t88_l01g06.png,keywords/88_keywords/t88_l01g06.md,0,
Wi-14_0107,typoglyphs/88_glyphs/t88_l01g07.png,keywords/88_keywords/t88_l01g07.md,0,
Wi-14_0108,typoglyphs/88_glyphs/t88_l01g08.png,keywords/88_keywords/t88_l01g08.md,0,
Wi-14_0109,typoglyphs/88_glyphs/t88_l01g09.png,keywords/88_keywords/t88_l01g09.md,0,
Wi-14_0110,typoglyphs/88_glyphs/t88_l01g10.png,keywords/88_keywords/t88_l01g10.md,0,
Wi-14_0111,typoglyphs/88_glyphs/t88_l01g11.png,keywords/88_keywords/t88_l01g11.md,0,
Wi-14_0112,typoglyphs/88_glyphs/t88_l01g12.png,keywords/88_keywords/t88_l01g12.md,0,
Wi-14_0113,typoglyphs/88_glyphs/t88_l01g13.png,keywords/88_keywords/t88_l01g13.md,0,
Wi-14_0114,typoglyphs/88_glyphs/t88_l01g14.png,keywords/88_keywords/t88_l01g14.md,0,
Wi-14_0115,typoglyphs/88_glyphs/t88_l01g15.png,keywords/88_keywords/t88_l01g15.md,0,
Wi-14_0116,typoglyphs/88_glyphs/t88_l01g16.png,keywords/88_keywords/t88_l01g16.md,0,
Wi-14_0117,typoglyphs/88_glyphs/t88_l01g17.png,keywords/88_keywords/t88_l01g17.md,0,
Wi-14_0118,typoglyphs/88_glyphs/t88_l01g18.png,keywords/88_keywords/t88_l01g18.md,0,
Wi-14_0119,typoglyphs/88_glyphs/t88_l01g19.png,keywords/88_keywords/t88_l01g19.md,0,
Wi-14_0120,typoglyphs/88_glyphs/t88_l01g20.png,keywords/88_keywords/t88_l01g20.md,0,
Wi-14_0121,typoglyphs/88_glyphs/t88_l01g21.png,keywords/88_keywords/t88_l01g21.md,0,
Wi-14_0122,typoglyphs/88_glyphs/t88_l01g22.png,keywords/88_keywords/t88_l01g22.md,0,
Wi-14_0123,typoglyphs/88_glyphs/t88_l01g23.png,keywords/88_keywords/t88_l01g23.md,0,
Wi-14_0124,typoglyphs/88_glyphs/t88_l01g24.png,keywords/88_keywords/t88_l01g24.md,0,
Wi-14_0125,typoglyphs/88_glyphs/t88_l01g25.png,keywords/88_keywords/t88_l01g25.md,0,
Wi-14_0126,typoglyphs/88_glyphs/t88_l01g26.png,keywords/88_keywords/t88_l01g26.md,0,
Wi-14_0201,typoglyphs/88_glyphs/t88_l02g01.png,keywords/88_keywords/t88_l02g01.md,0,
Wi-14_0202,typoglyphs/88_glyphs/t88_l02g02.png,keywords/88_keywords/t88_l02g02.md,0,
Wi-14_0203,typoglyphs/88_glyphs/t88_l02g03.png,keywords/88_keywords/t88_l02g03.md,0,
Wi-14_0204,typoglyphs/88_glyphs/t88_l02g04.png,keywords/88_keywords/t88_l02g04.md,0,
Wi-14_0205,typoglyphs/88_glyphs/t88_l02g05.png,keywords/88_keywords/t88_l02g05.md,0,
Wi-14_0206,typoglyphs/88_glyphs/t88_l02g06.png,keywords/88_keywords/t88_l02g06.md,0,
Wi-14_0207,typoglyphs/88_glyphs/t88_l02g07.png,keywords/88_keywords/t88_l02g07.md,0,
Wi-14_0208,typoglyphs/88_glyphs/t88_l02g08.png,keywords/88_keywords/t88_l02g08.md,0,
Wi-14_0209,typoglyphs/88_glyphs/t88_l02g09.png,keywords/88_keywords/t88_l02g09.md,0,
Wi-14_0210,typoglyphs/88_glyphs/t88_l02g10.png,keywords/88_keywords/t88_l02g10.md,0,
Wi-14_0211,typoglyphs/88_glyphs/t88_l02g11.png,keywords/88_keywords/t88_l02g11.md,0,
Wi-14_0212,typoglyphs/88_glyphs/t88_l02g12.png,keywords/88_keywords/t88_l02g12.md,0,
Wi-14_0213,typoglyphs/88_glyphs/t88_l02g13.png,keywords/88_keywords/t88_l02g13.md,0,
Wi-14_0214,typoglyphs/88_glyphs/t88_l02g14.png,keywords/88_keywords/t88_l02g14.md,0,
Wi-14_0215,typoglyphs/88_glyphs/t88_l02g15.png,keywords/88_keywords/t88_l02g15.md,0,
Wi-14_0216,typoglyphs/88_glyphs/t88_l02g16.png,keywords/88_keywords/t88_l02g16.md,0,
Wi-14_0217,typoglyphs/88_glyphs/t88_l02g17.png,keywords/88_keywords/t88_l02g17.md,0,
Wi-14_0218,typoglyphs/88_glyphs/t88_l02g18.png,keywords/88_keywords/t88_l02g18.md,0,
Wi-14_0219,typoglyphs/88_glyphs/t88_l02g19.png,keywords/88_keywords/t88_l02g19.md,0,
Wi-14_0220,typoglyphs/88_glyphs/t88_l02g20.png,keywords/88_keywords/t88_l02g20.md,0,
Wi-14_0221,typoglyphs/88_glyphs/t88_l02g21.png,keywords/88_keywords/t88_l02g21.md,0,
Wi-14_0222,typoglyphs/88_glyphs/t88_l02g22.png,keywords/88_keywords/t88_l02g22.md,0,
Wi-14_0223,typoglyphs/88_glyphs/t88_l02g23.png,keywords/88_keywords/t88_l02g23.md,0,
Wi-14_0224,typoglyphs/88_glyphs/t88_l02g24.png,keywords/88_keywords/t88_l02g24.md,0,
Wi-14_0225,typoglyphs/88_glyphs/t88_l02g25.png,keywords/88_keywords/t88_l02g25.md,0,
Wi-14_0226,typoglyphs/88_glyphs/t88_l02g26.png,keywords/88_keywords/t88_l02g26.md,0,
Wi-14_0227,typoglyphs/88_glyphs/t88_l02g27.png,keywords/88_keywords/t88_l02g27.md,0,
Wi-14_0228,typoglyphs/88_glyphs/t88_l02g28.png,keywords/88_keywords/t88_l02g28.md,0,
Wi-14_0229,typoglyphs/88_glyphs/t88_l02g29.png,keywords/88_keywords/t88_l02g29.md,0,
Wi-14_0230,typoglyphs/88_glyphs/t88_l02g30.png,keywords/88_keywords/t88_l02g30.md,0,
Wi-14_0231,typoglyphs/88_glyphs/t88_l02g31.png,keywords/88_keywords/t88_l02g31.md,0,
Wi-14_0232,typoglyphs/88_glyphs/t88_l02g32.png,keywords/88_keywords/t88_l02g32.md,0,
Wi-14_0233,typoglyphs/88_glyphs/t88_l02g33.png,keywords/88_keywords/t88_l02g33.md,0,
Wi-14_0234,typoglyphs/88_glyphs/t88_l02g34.png,keywords/88_keywords/t88_l02g34.md,0,
Wi-14_0235,typoglyphs/88_glyphs/t88_l02g35.png,keywords/88_keywords/t88_l02g35.md,0,
Wi-14_0236,typoglyphs/88_glyphs/t88_l02g36.png,keywords/88_keywords/t88_l02g36.md,0,
Wi-14_0237,typoglyphs/88_glyphs/t88_l02g37.png,keywords/88_keywords/t88_l02g37.md,0,
Wi-14_0238,typoglyphs/88_glyphs/t88_l02g38.png,keywords/88_keywords/t88_l02g38.md,0,
Wi-14_0239,typoglyphs/88_glyphs/t88_l02g39.png,keywords/88_keywords/t88_l02g39.md,0,
Wi-14_0301,typoglyphs/88_glyphs/t88_l03g01.png,keywords/88_keywords/t88_l03g01.md,0,
Wi-14_0302,typoglyphs/88_glyphs/t88_l03g02.png,keywords/88_keywords/t88_l03g02.md,0,
Wi-14_0303,typoglyphs/88_glyphs/t88_l03g03.png,keywords/88_keywords/t88_l03g03.md,0,
Wi-14_0304,typoglyphs/88_glyphs/t88_l03g04.png,keywords/88_keywords/t88_l03g04.md,0,
Wi-14_0305,typoglyphs/88_glyphs/t88_l03g05.png,keywords/88_keywords/t88_l03g05.md,0,
Wi-14_0306,typoglyphs/88_glyphs/t88_l03g06.png,keywords/88_keywords/t88_l03g06.md,0,
Wi-14_0307,typoglyphs/88_glyphs/t88_l03g07.png,keywords/88_keywords/t88_l03g07.md,0,
Wi-14_0308,typoglyphs/88_glyphs/t88_l03g08.png,keywords/88_keywords/t88_l03g08.md,0,
Wi-14_0309,typoglyphs/88_glyphs/t88_l03g09.png,keywords/88_keywords/t88_l03g09.md,0,
Wi-14_0310,typoglyphs/88_glyphs/t88_l03g10.png,keywords/88_keywords/t88_l03g10.md,0,
Wi-14_0311,typoglyphs/88_glyphs/t88_l03g11.png,keywords/88_keywords/t88_l03g11.md,0,
Wi-14_0312,typoglyphs/88_glyphs/t88_l03g12.png,keywords/88_keywords/t88_l03g12.md,0,
Wi-14_0313,typoglyphs/88_glyphs/t88_l03g13.png,keywords/88_keywords/t88_l03g13.md,0,
Wi-14_0314,typoglyphs/88_glyphs/t88_l03g14.png,keywords/88_keywords/t88_l03g14.md,0,
Wi-14_0315,typoglyphs/88_glyphs/t88_l03g15.png,keywords/88_keywords/t88_l03g15.md,0,
Wi-14_0316,typoglyphs/88_glyphs/t88_l03g16.png,keywords/88_keywords/t88_l03g16.md,0,
Wi-14_0317,typoglyphs/88_glyphs/t88_l03g17.png,keywords/88_keywords/t88_l03g17.md,0,
Wi-14_0318,typoglyphs/88_glyphs/t88_l03g18.png,keywords/88_keywords/t88_l03g18.md,0,
Wi-14_0319,typoglyphs/88_glyphs/t88_l03g19.png,keywords/88_keywords/t88_l03g19.md,0,
Wi-14_0320,typoglyphs/88_glyphs/t88_l03g20.png,keywords/88_keywords/t88_l03g20.md,0,
Wi-14_0321,typoglyphs/88_glyphs/t88_l03g21.png,keywords/88_keywords/t88_l03g21.md,0,
Wi-14_0322,typoglyphs/88_glyphs/t88_l03g22.png,keywords/88_keywords/t88_l03g22.md,0,
Wi-14_0323,typoglyphs/88_glyphs/t88_l03g23.png,keywords/88_keywords/t88_l03g23.md,0,
Wi-14_0324,typoglyphs/88_glyphs/t88_l03g24.png,keywords/88_keywords/t88_l03g24.md,0,
Wi-14_0325,typoglyphs/88_glyphs/t88_l03g25.png,keywords/88_keywords/t88_l03g25.md,0,
Wi-14_0326,typoglyphs/88_glyphs/t88_l03g26.png,keywords/88_keywords/t88_l03g26.md,0,
Wi-14_0327,typoglyphs/88_glyphs/t88_l03g27.png,keywords/88_keywords/t88_l03g27.md,0,
Wi-14_0328,typoglyphs/88_glyphs/t88_l03g28.png,keywords/88_keywords/t88_l03g28.md,0,
Wi-14_0329,typoglyphs/88_glyphs/t88_l03g29.png,keywords/88_keywords/t88_l03g29.md,0,
Wi-14_0330,typoglyphs/88_glyphs/t88_l03g30.png,keywords/88_keywords/t88_l03g30.md,0,
Wi-14_0331,typoglyphs/88_glyphs/t88_l03g31.png,keywords/88_keywords/t88_l03g31.md,0,
Wi-14_0332,typoglyphs/88_glyphs/t88_l03g32.png,keywords/88_keywords/t88_l03g32.md,0,
Wi-14_0333,typoglyphs/88_glyphs/t88_l03g33.png,keywords/88_keywords/t88_l03g33.md,0,
Wi-14_0334,typoglyphs/88_glyphs/t88_l03g34.png,keywords/88_keywords/t88_l03g34.md,0,
Wi-14_0335,typoglyphs/88_glyphs/t88_l03g35.png,keywords/88_keywords/t88_l03g35.md,0,
Wi-14_0336,typoglyphs/88_glyphs/t88_l03g36.png,keywords/88_keywords/t88_l03g36.md,0,
Wi-14_0337,typoglyphs/88_glyphs/t88_l03g37.png,keywords/88_keywords/t88_l03g37.md,0,
Wi-14_0401,typoglyphs/88_glyphs/t88_l04g01.png,keywords/88_keywords/t88_l04g01.md,0,
Wi-14_0402,typoglyphs/88_glyphs/t88_l04g02.png,keywords/88_keywords/t88_l04g02.md,0,
Wi-14_0403,typoglyphs/88_glyphs/t88_l04g03.png,keywords/88_keywords/t88_l04g03.md,0,
Wi-14_0404,typoglyphs/88_glyphs/t88_l04g04.png,keywords/88_keywords/t88_l04g04.md,0,
Wi-14_0405,typoglyphs/88_glyphs/t88_l04g05.png,keywords/88_keywords/t88_l04g05.md,0,
Wi-14_0406,typoglyphs/88_glyphs/t88_l04g06.png,keywords/88_keywords/t88_l04g06.md,0,
Wi-14_0407,typoglyphs/88_glyphs/t88_l04g07.png,keywords/88_keywords/t88_l04g07.md,0,
Wi-14_0408,typoglyphs/88_glyphs/t88_l04g08.png,keywords/88_keywords/t88_l04g08.md,0,
Wi-14_0409,typoglyphs/88_glyphs/t88_l04g09.png,keywords/88_keywords/t88_l04g09.md,0,
Wi-14_0410,typoglyphs/88_glyphs/t88_l04g10.png,keywords/88_keywords/t88_l04g10.md,1,descriptions/88_descriptions/t88_l04g10.md
Wi-14_0411,typoglyphs/88_glyphs/t88_l04g11.png,keywords/88_keywords/t88_l04g11.md,0,
Wi-14_0412,typoglyphs/88_glyphs/t88_l04g12.png,keywords/88_keywords/t88_l04g12.md,0,
Wi-14_0413,typoglyphs/88_glyphs/t88_l04g13.png,keywords/88_keywords/t88_l04g13.md,0,
Wi-14_0414,typoglyphs/88_glyphs/t88_l04g14.png,keywords/88_keywords/t88_l04g14.md,0,
Wi-14_0415,typoglyphs/88_glyphs/t88_l04g15.png,keywords/88_keywords/t88_l04g15.md,0,
Wi-14_0416,typoglyphs/88_glyphs/t88_l04g16.png,keywords/88_keywords/t88_l04g16.md,0,
Wi-14_0417,typoglyphs/88_glyphs/t88_l04g17.png,keywords/88_keywords/t88_l04g17.md,0,
Wi-14_0418,typoglyphs/88_glyphs/t88_l04g18.png,keywords/88_keywords/t88_l04g18.md,0,
Wi-14_0419,typoglyphs/88_glyphs/t88_l04g19.png,keywords/88_keywords/t88_l04g19.md,0,
Wi-14_0420,typoglyphs/88_glyphs/t88_l04g20.png,keywords/88_keywords/t88_l04g20.md,0,
Wi-14_0421,typoglyphs/88_glyphs/t88_l04g21.png,keywords/88_keywords/t88_l04g21.md,0,
Wi-14_0422,typoglyphs/88_glyphs/t88_l04g22.png,keywords/88_keywords/t88_l04g22.md,0,
Wi-14_0423,typoglyphs/88_glyphs/t88_l04g23.png,keywords/88_keywords/t88_l04g23.md,0,
Wi-14_0424,typoglyphs/88_glyphs/t88_l04g24.png,keywords/88_keywords/t88_l04g24.md,0,
Wi-14_0425,typoglyphs/88_glyphs/t88_l04g25.png,keywords/88_keywords/t88_l04g25.md,0,
Wi-14_0426,typoglyphs/88_glyphs/t88_l04g26.png,keywords/88_keywords/t88_l04g26.md,0,
Wi-14_0427,typoglyphs/88_glyphs/t88_l04g27.png,keywords/88_keywords/t88_l04g27.md,0,
Wi-14_0428,typoglyphs/88_glyphs/t88_l04g28.png,keywords/88_keywords/t88_l04g28.md,0,
Wi-14_0429,typoglyphs/88_glyphs/t88_l04g29.png,keywords/88_keywords/t88_l04g29.md,0,
Wi-14_0430,typoglyphs/88_glyphs/t88_l04g30.png,keywords/88_keywords/t88_l04g30.md,0,
Wi-14_0431,typoglyphs/88_glyphs/t88_l04g31.png,keywords/88_keywords/t88_l04g31.md,0,
Wi-15_0101,typoglyphs/89_glyphs/t89_l01g01.png,keywords/89_keywords/t89_l01g01.md,0,
Wi-15_0102,typoglyphs/89_glyphs/t89_l01g02.png,keywords/89_keywords/t89_l01g02.md,0,
Wi-15_0103,typoglyphs/89_glyphs/t89_l01g03.png,keywords/89_keywords/t89_l01g03.md,0,
Wi-15_0104,typoglyphs/89_glyphs/t89_l01g04.png,keywords/89_keywords/t89_l01g04.md,0,
Wi-15_0105,typoglyphs/89_glyphs/t89_l01g05.png,keywords/89_keywords/t89_l01g05.md,0,
Wi-15_0106,typoglyphs/89_glyphs/t89_l01g06.png,keywords/89_keywords/t89_l01g06.md,0,
Wi-15_0107,typoglyphs/89_glyphs/t89_l01g07.png,keywords/89_keywords/t89_l01g07.md,0,
Wi-15_0108,typoglyphs/89_glyphs/t89_l01g08.png,keywords/89_keywords/t89_l01g08.md,0,
Wi-15_0109,typoglyphs/89_glyphs/t89_l01g09.png,keywords/89_keywords/t89_l01g09.md,0,
Wi-15_0110,typoglyphs/89_glyphs/t89_l01g10.png,keywords/89_keywords/t89_l01g10.md,0,
Wi-15_0111,typoglyphs/89_glyphs/t89_l01g11.png,keywords/89_keywords/t89_l01g11.md,0,
Wi-15_0112,typoglyphs/89_glyphs/t89_l01g12.png,keywords/89_keywords/t89_l01g12.md,0,
Wi-15_0113,typoglyphs/89_glyphs/t89_l01g13.png,keywords/89_keywords/t89_l01g13.md,0,
Wi-15_0114,typoglyphs/89_glyphs/t89_l01g14.png,keywords/89_keywords/t89_l01g14.md,0,
Wi-15_0115,typoglyphs/89_glyphs/t89_l01g15.png,keywords/89_keywords/t89_l01g15.md,0,
Wi-15_0116,typoglyphs/89_glyphs/t89_l01g16.png,keywords/89_keywords/t89_l01g16.md,0,
Wi-15_0117,typoglyphs/89_glyphs/t89_l01g17.png,keywords/89_keywords/t89_l01g17.md,0,
Wi-15_0118,typoglyphs/89_glyphs/t89_l01g18.png,keywords/89_keywords/t89_l01g18.md,0,
Wi-15_0119,typoglyphs/89_glyphs/t89_l01g19.png,keywords/89_keywords/t89_l01g19.md,0,
Wi-15_0120,typoglyphs/89_glyphs/t89_l01g20.png,keywords/89_keywords/t89_l01g20.md,0,
Wi-15_0121,typoglyphs/89_glyphs/t89_l01g21.png,keywords/89_keywords/t89_l01g21.md,0,
Wi-15_0122,typoglyphs/89_glyphs/t89_l01g22.png,keywords/89_keywords/t89_l01g22.md,0,
Wi-15_0123,typoglyphs/89_glyphs/t89_l01g23.png,keywords/89_keywords/t89_l01g23.md,0,
Wi-15_0124,typoglyphs/89_glyphs/t89_l01g24.png,keywords/89_keywords/t89_l01g24.md,0,
Wi-15_0125,typoglyphs/89_glyphs/t89_l01g25.png,keywords/89_keywords/t89_l01g25.md,0,
Wi-15_0201,typoglyphs/89_glyphs/t89_l02g01.png,keywords/89_keywords/t89_l02g01.md,0,
Wi-15_0202,typoglyphs/89_glyphs/t89_l02g02.png,keywords/89_keywords/t89_l02g02.md,0,
Wi-15_0203,typoglyphs/89_glyphs/t89_l02g03.png,keywords/89_keywords/t89_l02g03.md,0,
Wi-15_0204,typoglyphs/89_glyphs/t89_l02g04.png,keywords/89_keywords/t89_l02g04.md,0,
Wi-15_0205,typoglyphs/89_glyphs/t89_l02g05.png,keywords/89_keywords/t89_l02g05.md,0,
Wi-15_0206,typoglyphs/89_glyphs/t89_l02g06.png,keywords/89_keywords/t89_l02g06.md,0,
Wi-15_0207,typoglyphs/89_glyphs/t89_l02g07.png,keywords/89_keywords/t89_l02g07.md,0,
Wi-15_0208,typoglyphs/89_glyphs/t89_l02g08.png,keywords/89_keywords/t89_l02g08.md,0,
Wi-15_0209,typoglyphs/89_glyphs/t89_l02g09.png,keywords/89_keywords/t89_l02g09.md,0,
Wi-15_0210,typoglyphs/89_glyphs/t89_l02g10.png,keywords/89_keywords/t89_l02g10.md,0,
Wi-15_0211,typoglyphs/89_glyphs/t89_l02g11.png,keywords/89_keywords/t89_l02g11.md,0,
Wi-15_0212,typoglyphs/89_glyphs/t89_l02g12.png,keywords/89_keywords/t89_l02g12.md,0,
Wi-15_0213,typoglyphs/89_glyphs/t89_l02g13.png,keywords/89_keywords/t89_l02g13.md,0,
Wi-15_0214,typoglyphs/89_glyphs/t89_l02g14.png,keywords/89_keywords/t89_l02g14.md,0,
Wi-15_0215,typoglyphs/89_glyphs/t89_l02g15.png,keywords/89_keywords/t89_l02g15.md,0,
Wi-15_0216,typoglyphs/89_glyphs/t89_l02g16.png,keywords/89_keywords/t89_l02g16.md,0,
Wi-15_0217,typoglyphs/89_glyphs/t89_l02g17.png,keywords/89_keywords/t89_l02g17.md,0,
Wi-15_0218,typoglyphs/89_glyphs/t89_l02g18.png,keywords/89_keywords/t89_l02g18.md,0,
Wi-15_0219,typoglyphs/89_glyphs/t89_l02g19.png,keywords/89_keywords/t89_l02g19.md,0,
Wi-15_0220,typoglyphs/89_glyphs/t89_l02g20.png,keywords/89_keywords/t89_l02g20.md,0,
Wi-15_0221,typoglyphs/89_glyphs/t89_l02g21.png,keywords/89_keywords/t89_l02g21.md,0,
Wi-15_0222,typoglyphs/89_glyphs/t89_l02g22.png,keywords/89_keywords/t89_l02g22.md,0,
Wi-15_0223,typoglyphs/89_glyphs/t89_l02g23.png,keywords/89_keywords/t89_l02g23.md,0,
Wi-15_0224,typoglyphs/89_glyphs/t89_l02g24.png,keywords/89_keywords/t89_l02g24.md,0,
Wi-15_0225,typoglyphs/89_glyphs/t89_l02g25.png,keywords/89_keywords/t89_l02g25.md,0,
Wi-15_0226,typoglyphs/89_glyphs/t89_l02g26.png,keywords/89_keywords/t89_l02g26.md,0,
Wi-15_0227,typoglyphs/89_glyphs/t89_l02g27.png,keywords/89_keywords/t89_l02g27.md,0,
Wi-15_0228,typoglyphs/89_glyphs/t89_l02g28.png,keywords/89_keywords/t89_l02g28.md,0,
Wi-15_0229,typoglyphs/89_glyphs/t89_l02g29.png,keywords/89_keywords/t89_l02g29.md,0,
Wi-15_0230,typoglyphs/89_glyphs/t89_l02g30.png,keywords/89_keywords/t89_l02g30.md,0,
Wi-15_0231,typoglyphs/89_glyphs/t89_l02g31.png,keywords/89_keywords/t89_l02g31.md,0,
Wi-15_0232,typoglyphs/89_glyphs/t89_l02g32.png,keywords/89_keywords/t89_l02g32.md,0,
Wi-15_0233,typoglyphs/89_glyphs/t89_l02g33.png,keywords/89_keywords/t89_l02g33.md,0,
Wi-15_0234,typoglyphs/89_glyphs/t89_l02g34.png,keywords/89_keywords/t89_l02g34.md,0,
Wi-15_0301,typoglyphs/89_glyphs/t89_l03g01.png,keywords/89_keywords/t89_l03g01.md,0,
Wi-15_0302,typoglyphs/89_glyphs/t89_l03g02.png,keywords/89_keywords/t89_l03g02.md,0,
Wi-15_0303,typoglyphs/89_glyphs/t89_l03g03.png,keywords/89_keywords/t89_l03g03.md,0,
Wi-15_0304,typoglyphs/89_glyphs/t89_l03g04.png,keywords/89_keywords/t89_l03g04.md,0,
Wi-15_0305,typoglyphs/89_glyphs/t89_l03g05.png,keywords/89_keywords/t89_l03g05.md,0,
Wi-15_0306,typoglyphs/89_glyphs/t89_l03g06.png,keywords/89_keywords/t89_l03g06.md,0,
Wi-15_0307,typoglyphs/89_glyphs/t89_l03g07.png,keywords/89_keywords/t89_l03g07.md,0,
Wi-15_0308,typoglyphs/89_glyphs/t89_l03g08.png,keywords/89_keywords/t89_l03g08.md,0,
Wi-15_0309,typoglyphs/89_glyphs/t89_l03g09.png,keywords/89_keywords/t89_l03g09.md,0,
Wi-15_0310,typoglyphs/89_glyphs/t89_l03g10.png,keywords/89_keywords/t89_l03g10.md,0,
Wi-15_0311,typoglyphs/89_glyphs/t89_l03g11.png,keywords/89_keywords/t89_l03g11.md,0,
Wi-15_0312,typoglyphs/89_glyphs/t89_l03g12.png,keywords/89_keywords/t89_l03g12.md,0,
Wi-15_0313,typoglyphs/89_glyphs/t89_l03g13.png,keywords/89_keywords/t89_l03g13.md,0,
Wi-15_0314,typoglyphs/89_glyphs/t89_l03g14.png,keywords/89_keywords/t89_l03g14.md,0,
Wi-15_0315,typoglyphs/89_glyphs/t89_l03g15.png,keywords/89_keywords/t89_l03g15.md,0,
Wi-15_0316,typoglyphs/89_glyphs/t89_l03g16.png,keywords/89_keywords/t89_l03g16.md,0,
Wi-15_0317,typoglyphs/89_glyphs/t89_l03g17.png,keywords/89_keywords/t89_l03g17.md,0,
Wi-15_0318,typoglyphs/89_glyphs/t89_l03g18.png,keywords/89_keywords/t89_l03g18.md,0,
Wi-15_0319,typoglyphs/89_glyphs/t89_l03g19.png,keywords/89_keywords/t89_l03g19.md,0,
Wi-15_0320,typoglyphs/89_glyphs/t89_l03g20.png,keywords/89_keywords/t89_l03g20.md,0,
Wi-15_0321,typoglyphs/89_glyphs/t89_l03g21.png,keywords/89_keywords/t89_l03g21.md,0,
Wi-15_0322,typoglyphs/89_glyphs/t89_l03g22.png,keywords/89_keywords/t89_l03g22.md,0,
Wi-15_0323,typoglyphs/89_glyphs/t89_l03g23.png,keywords/89_keywords/t89_l03g23.md,0,
Wi-15_0324,typoglyphs/89_glyphs/t89_l03g24.png,keywords/89_keywords/t89_l03g24.md,0,
Wi-15_0325,typoglyphs/89_glyphs/t89_l03g25.png,keywords/89_keywords/t89_l03g25.md,0,
Wi-15_0326,typoglyphs/89_glyphs/t89_l03g26.png,keywords/89_keywords/t89_l03g26.md,0,
Wi-15_0327,typoglyphs/89_glyphs/t89_l03g27.png,keywords/89_keywords/t89_l03g27.md,0,
Wi-15_0328,typoglyphs/89_glyphs/t89_l03g28.png,keywords/89_keywords/t89_l03g28.md,0,
Wi-15_0329,typoglyphs/89_glyphs/t89_l03g29.png,keywords/89_keywords/t89_l03g29.md,0,
Wi-15_0330,typoglyphs/89_glyphs/t89_l03g30.png,keywords/89_keywords/t89_l03g30.md,0,
Wi-15_0331,typoglyphs/89_glyphs/t89_l03g31.png,keywords/89_keywords/t89_l03g31.md,0,
Wi-15_0401,typoglyphs/89_glyphs/t89_l04g01.png,keywords/89_keywords/t89_l04g01.md,0,
Wi-15_0402,typoglyphs/89_glyphs/t89_l04g02.png,keywords/89_keywords/t89_l04g02.md,0,
Wi-15_0403,typoglyphs/89_glyphs/t89_l04g03.png,keywords/89_keywords/t89_l04g03.md,0,
Wi-15_0404,typoglyphs/89_glyphs/t89_l04g04.png,keywords/89_keywords/t89_l04g04.md,0,
Wi-15_0405,typoglyphs/89_glyphs/t89_l04g05.png,keywords/89_keywords/t89_l04g05.md,0,
Wi-15_0406,typoglyphs/89_glyphs/t89_l04g06.png,keywords/89_keywords/t89_l04g06.md,0,
Wi-15_0407,typoglyphs/89_glyphs/t89_l04g07.png,keywords/89_keywords/t89_l04g07.md,0,
Wi-15_0408,typoglyphs/89_glyphs/t89_l04g08.png,keywords/89_keywords/t89_l04g08.md,0,
Wi-15_0409,typoglyphs/89_glyphs/t89_l04g09.png,keywords/89_keywords/t89_l04g09.md,0,
Wi-15_0410,typoglyphs/89_glyphs/t89_l04g10.png,keywords/89_keywords/t89_l04g10.md,0,
Wi-15_0411,typoglyphs/89_glyphs/t89_l04g11.png,keywords/89_keywords/t89_l04g11.md,0,
Wi-15_0412,typoglyphs/89_glyphs/t89_l04g12.png,keywords/89_keywords/t89_l04g12.md,0,
Wi-15_0413,typoglyphs/89_glyphs/t89_l04g13.png,keywords/89_keywords/t89_l04g13.md,0,
Wi-15_0414,typoglyphs/89_glyphs/t89_l04g14.png,keywords/89_keywords/t89_l04g14.md,0,
Wi-15_0415,typoglyphs/89_glyphs/t89_l04g15.png,keywords/89_keywords/t89_l04g15.md,0,
Wi-15_0416,typoglyphs/89_glyphs/t89_l04g16.png,keywords/89_keywords/t89_l04g16.md,0,
Wi-15_0417,typoglyphs/89_glyphs/t89_l04g17.png,keywords/89_keywords/t89_l04g17.md,0,
Wi-15_0418,typoglyphs/89_glyphs/t89_l04g18.png,keywords/89_keywords/t89_l04g18.md,0,
Wi-15_0419,typoglyphs/89_glyphs/t89_l04g19.png,keywords/89_keywords/t89_l04g19.md,0,
Wi-15_0420,typoglyphs/89_glyphs/t89_l04g20.png,keywords/89_keywords/t89_l04g20.md,0,
Wi-15_0421,typoglyphs/89_glyphs/t89_l04g21.png,keywords/89_keywords/t89_l04g21.md,0,
Wi-15_0422,typoglyphs/89_glyphs/t89_l04g22.png,keywords/89_keywords/t89_l04g22.md,0,
Wi-15_0423,typoglyphs/89_glyphs/t89_l04g23.png,keywords/89_keywords/t89_l04g23.md,0,
Wi-15_0424,typoglyphs/89_glyphs/t89_l04g24.png,keywords/89_keywords/t89_l04g24.md,0,
Wi-15_0425,typoglyphs/89_glyphs/t89_l04g25.png,keywords/89_keywords/t89_l04g25.md,0,
Wi-15_0426,typoglyphs/89_glyphs/t89_l04g26.png,keywords/89_keywords/t89_l04g26.md,0,
Wi-15_0427,typoglyphs/89_glyphs/t89_l04g27.png,keywords/89_keywords/t89_l04g27.md,0,
Wi-15_0428,typoglyphs/89_glyphs/t89_l04g28.png,keywords/89_keywords/t89_l04g28.md,0,
Wi-15_0429,typoglyphs/89_glyphs/t89_l04g29.png,keywords/89_keywords/t89_l04g29.md,0,
Wi-15_0501,typoglyphs/89_glyphs/t89_l05g01.png,keywords/89_keywords/t89_l05g01.md,0,
Wi-15_0502,typoglyphs/89_glyphs/t89_l05g02.png,keywords/89_keywords/t89_l05g02.md,0,
Wi-15_0503,typoglyphs/89_glyphs/t89_l05g03.png,keywords/89_keywords/t89_l05g03.md,0,
Wi-15_0504,typoglyphs/89_glyphs/t89_l05g04.png,keywords/89_keywords/t89_l05g04.md,0,
Wi-15_0505,typoglyphs/89_glyphs/t89_l05g05.png,keywords/89_keywords/t89_l05g05.md,0,
Wi-15_0506,typoglyphs/89_glyphs/t89_l05g06.png,keywords/89_keywords/t89_l05g06.md,0,
Wi-15_0507,typoglyphs/89_glyphs/t89_l05g07.png,keywords/89_keywords/t89_l05g07.md,0,
Wi-15_0508,typoglyphs/89_glyphs/t89_l05g08.png,keywords/89_keywords/t89_l05g08.md,0,
Wi-15_0509,typoglyphs/89_glyphs/t89_l05g09.png,keywords/89_keywords/t89_l05g09.md,0,
Wi-15_0510,typoglyphs/89_glyphs/t89_l05g10.png,keywords/89_keywords/t89_l05g10.md,0,
